# callgrind format
version: 1
creator: callgrind-3.22.0
pid: 165328
cmd:  ./build/app/app 50 ./datasets/00000200.bin 100 1 0.1 0.3
part: 1


desc: I1 cache: 32768 B, 64 B, 8-way associative
desc: D1 cache: 32768 B, 64 B, 8-way associative
desc: LL cache: 33554432 B, 64 B, direct-mapped

desc: Timerange: Basic block 0 - 6344967491
desc: Trigger: Program termination

positions: line
events: Ir Dr Dw I1mr D1mr D1mw ILmr DLmr DLmw
summary: 38031274592 16078300887 8440320431 4581 255517603 838541 3083 17485 71720


ob=(3) /usr/lib64/libm.so.6
fl=(83) ???
fn=(382) __exp_finite
0 9 4 0 2 0 0 2

fn=(406) __asin_finite
0 8 4 0 1 0 0 1

fn=(408) exp2f
0 9 4 0 2 0 0 2

fn=(388) logf
0 9 4 0 1 0 0 1

fn=(410) __atan2_finite
0 9 4 0 2 0 0 2

fn=(390) sincosf
0 9 4 0 1 0 0 1

fn=(392) powf
0 9 4 0 2 0 0 2

fn=(2636) 0x0000000000010450
0 9 2 2 1 2
cob=(4) ???
cfi=(91) ???
cfn=(2642) 0x0000000004b113b0
calls=1 0 
0 136 31 13 1 1 0 1
0 1 0 1
cfn=(2646) 0x00000000000103e0
calls=1 0 
0 5 1 0 2 0 0 1
0 3 2 1 1

fn=(384) expf
0 9 4 0 1 0 0 1

fn=(400) __acos_finite
0 8 4 0 2 0 0 2

fn=(386) cos
0 9 4 0 2 0 0 2

fn=(412) sin
0 9 4 0 1 0 0 1

fn=(394) __pow_finite
0 8 4 0 1 0 0 1

fn=(1994) sqrtf
0 14446000 0 0 7 0 0 2
cfn=(1996) __sqrtf_finite
calls=2889200 0 
0 8667600 2889200 0 3 0 0 1

fn=(402) sinf
0 9 4 0 2 0 0 2

fn=(1996)
0 8667600 2889200 0 3 0 0 1

fn=(396) log2f
0 9 4 0 1 0 0 1

fn=(404) fma
0 6 3 0 2 0 0 2

fn=(2646)
0 5 1 0 2 0 0 1

fn=(380) cosf
0 9 4 0 2 0 0 2

fn=(414) sincos
0 8 4 0 1 0 0 1

fn=(516) 0x0000000000010490
0 12 1 0 3 0 0 3

fn=(398) __log_finite
0 9 4 0 2 0 0 2

ob=(6) /usr/lib64/libgcc_s-13-20231205.so.1
fl=(94) ???
fn=(506) 0x0000000000004790
0 12 1 0 3 0 0 3

fn=(2654) 0x0000000000003800
0 12 4 3 2 1 0 1 1

fn=(504) __cpu_indicator_init
0 354 17 43 33 3 1 33 3 1

fn=(2670) 0x00000000000046e0
0 5 1 0 2 0 0 1

fn=(2660) 0x0000000000004750
0 9 2 2 1 2
cob=(4)
cfi=(91)
cfn=(2666) 0x0000000004be5660
calls=1 0 
0 136 31 13 1 1 0 1
0 1 0 1
cfn=(2670)
calls=1 0 
0 5 1 0 2 0 0 1
0 3 2 1 1

ob=(2) /usr/lib64/libc.so.6
fl=(81) ???
fn=(1088) get_nprocs_conf
0 5 0 2 1 0 0 1
cfn=(1090) read_sysfs_file
calls=1 0 
0 502 97 59 31 8 3 31 4
0 4 2

fn=(324) stpncpy
0 19 4 0 2 0 0 2

fn=(334) wcscpy
0 16 4 0 3 0 0 3

fn=(338) strncasecmp_l
0 21 4 0 3 0 0 3

fn=(346) strcpy
0 17 4 0 2 0 0 2

fn=(372) strncasecmp
0 42 8 0 2 0 0 2

fn=(628) uselocale
0 264 108 48 8 16 0 2

fn=(860) __cxa_atexit
0 36 0 0 1 0 0 1
cfn=(862) __internal_atexit
calls=12 0 
0 932 192 217 7 3 7 7 1 6

fn=(898) secure_getenv
0 18 6 0 2 0 0 2
cfn=(900) getenv
calls=3 0 
0 1662 486 33 6 43 0 6 3

fn=(1104) __read_nocancel
0 6 1 0 1 0 0 1

fn=(1434) __memcpy_chk_avx_unaligned_erms
0 40 6 4 2 1 0 2 1

fn=(1446) __mpn_construct_double
0 32 4 0 2 0 0 2

fn=(1460) _IO_no_init
0 36 0 18 4 0 0 2
cfn=(1462) _IO_old_init
calls=3 0 
0 75 9 36 2 3 7 1 1 3
0 57 18 30 2 0 8 1 0 2

fn=(1494) _IO_doallocbuf
0 63 12 15 5 1 0 2
cfn=(1496) _IO_file_doallocate
calls=3 0 
0 1920 386 265 28 14 5 11 0 2
0 24 15 0 3 0 0 1

fn=(1504) _IO_setb
0 151 40 42 4 0 0 2
cob=(4)
cfi=(91)
cfn=(1556) 0x0000000004c2c480
calls=2 0 
0 329 89 54 15 14 3 15
0 4 2

fn=(1544) fclose@@GLIBC_2.2.5
0 40 6 10 4 0 0 2
cfn=(1566) _IO_file_finish@@GLIBC_2.2.5
calls=2 0 
0 68 22 10 7 0 0 4
0 30 10 2 2 6 0 1
cob=(4)
cfi=(91)
cfn=(1556)
calls=2 0 
0 174 52 28 3 8 0 3 1
0 16 10 2 2 0 0 1
cfn=(1546) _IO_un_link
calls=2 0 
0 228 67 50 18 10 0 11
0 35 12 4 2 0 0 1
cfn=(1550) _IO_file_close_it@@GLIBC_2.2.5
calls=2 0 
0 739 192 134 35 15 3 24
0 35 9 6 5 0 0 3

fn=(1546)
0 20 7 0 3 0 0 1
cfn=(1548) __GI__IO_un_link.part.0
calls=3 0 
0 339 101 75 28 10 0 12

fn=(1548)
0 48 3 24 4 0 0 2
cfn=(1468) __libc_cleanup_push_defer
calls=3 0 
0 39 12 9 0 4
0 161 44 23 16 5 0 6
cfn=(1470) __libc_cleanup_pop_restore
calls=3 0 
0 27 15 3
0 64 27 16 8 1 0 4

fn=(1606) unlink_chunk.isra.0
0 928077 397271 132142 7 12692 0 2 57

fn=(1846) __mpn_mul
0 78 22 22 8 2 4 4
cfn=(1848) __mpn_mul_1
calls=2 0 
0 66 8 6 8 0 0 4
0 14 6 2

fn=(1922) realloc
0 98964 6603 39582 2 69 1 1
cfn=(914) malloc
calls=1 0 
0 219 43 26 0 0 1
0 365293 79152 16203 12 3830 81 5
cfn=(1924) _int_realloc
calls=5401 0 
0 3667404 810726 524816 90 28943 14742 7 348 11245
0 146452 27951 7791 6 30 0 3
cfn=(1924)
calls=1195 0 
0 526726 111010 67731 30 13963 6809 15 0 4775
0 14340 2390 0 1 2 0 1

fn=(2176) clone
0 286 44 33 2 0 11 2 0 11
cfn=(2182) start_thread
calls=11 0 
0 139757907 25874121 5687096 332 66405 17214 117 1285 14462

fn=(2248) new_heap
0 121 44 11 1 20 0 1
cfn=(2250) alloc_new_heap
calls=11 0 
0 1193 184 172 28 0 22 8 0 22

fn=(2250)
0 355 22 82 12 0 11 2 0 11
cfn=(2150) mmap
calls=5 0 
0 105 20 15 5
0 79 0 16 1 0 0 1
cfn=(2152) mprotect
calls=11 0 
0 66 11
0 251 99 28 1 0 11 1 0 11
cfn=(2150)
calls=6 0 
0 156 24 18 5
0 91 0 10 1 0 0 1
cfn=(2252) munmap
calls=5 0 
0 30 5
0 4 0 1
cfn=(2252)
calls=1 0 
0 6 1
0 42 0 2 2 0 0 2
cfn=(2252)
calls=1 0 
0 6 1 0 1 0 0 1
0 2 1

fn=(2684) _IO_default_setbuf
0 18 2 6 2 0 0 2
cfn=(2602) _IO_file_sync@@GLIBC_2.2.5
calls=1 0 
0 21 8 4
0 30 8 7 2 0 0 2

fn=(2686) _Exit
0 4 1 0 1 0 0 1

fn=(1378) __libc_start_main@@GLIBC_2.34
0 19 0 8 1 0 0 1
cfn=(860)
calls=1 0 
0 81 16 18 0 0 1 0 0 1
0 12 5 2 1 0 0 1
cob=(4)
cfi=(91)
cfn=(1390) 0x0000000004c2c7b0
calls=1 0 
0 7 3 0 2 1 0 2
0 6 1 1
cfn=(1394) (below main)
calls=1 0 
0 37888518150 16051644829 8434362065 2513 255430511 818641 1249 6959 55441
0 11 5 2 1 3 0 1
cob=(4)
cfi=(91)
cfn=(1380) 0x0000000000402000
calls=1 0 
0 7 2 0 1 0 0 1
0 20 7 3 2 3 0 2 1
cob=(9) /home/kchou/HDD/Documents/DiT/7ο Εξάμηνο/Ανάπτυξη Λογισμικού για Πληροφοριακά Συστήματα (Project)/Project/build/app/app
cfi=(97) ???
cfn=(1384) 0x0000000000402420
calls=1 0 
0 11 1 0 3 0 0 3
0 5 1

fn=(290) __x86_cacheinfo
0 28 9 8 4 2 2 4 0 2

fn=(318) __memset_chk
0 24 4 0 1 0 0 1

fn=(498) check_stdfiles_vtables
0 12 7 0 2 4 0 2

fn=(930) alloc_perturb
0 421656 210828 0 4 3 0 1

fn=(1090)
0 17 1 10 2 0 2 2
cfn=(1092) __open_nocancel
calls=1 0 
0 27 5 3 3 0 1 3
0 22 9 1 1 0 0 1
cfn=(1094) next_line
calls=1 0 
0 122 28 18 11 1 0 11
0 9 0 1
cfn=(1106) __isoc23_strtoul
calls=1 0 
0 125 24 12 11 6 0 11 3
0 14 3 1 1 0 0 1
cfn=(1110) __close_nocancel
calls=1 0 
0 6 1 0 1 0 0 1
0 13 1 1 1 0 0 1
cfn=(1106)
calls=1 0 
0 141 24 12 0 1 0 0 1
0 6 1

fn=(1098) __memchr_avx2
0 442 47 0 9 0 0 2

fn=(1144) __sched_cpucount
0 128 4 0 4 0 0 2

fn=(1420) ____strtol_l_internal
0 366 57 33 8 0 0 8

fn=(1440) __mpn_lshift
0 144 18 9 12 0 0 3

fn=(1464) _IO_new_file_init_internal
0 27 0 15 4 0 0 2
cfn=(1466) _IO_link_in
calls=3 0 
0 313 98 78 24 5 0 15
0 12 9 3

fn=(1472) _IO_file_fopen@@GLIBC_2.2.5
0 127 15 24 8 3 0 4 1
cfn=(1474) _IO_file_open
calls=3 0 
0 344 80 62 15 0 0 8
0 15 0 2 2 0 0 1
cfn=(1478) __GI_strstr
calls=2 0 
0 116 30 16 13 4 1 7 1
0 77 27 0 7 0 0 5

fn=(1482) __strchr_avx2
0 42 6 0 4 0 0 2

fn=(1492) _IO_file_xsgetn
0 720356 220111 160008 4 19 0 4
cob=(4)
cfi=(91)
cfn=(1516) 0x0000000004c2c6a0
calls=20001 0 
0 340017 80004 40002 1 1231 0 0 63
0 60043 20001 20021 1 0 0 1
cfn=(1506) __underflow
calls=20 0 
0 2639 860 461 14 38 0 14
0 45 1 1 1 0 0 1
cfn=(1494)
calls=1 0 
0 304 65 39 14 2 1 13 0 1
0 1 0 0 1 0 0 1

fn=(1500) fstat
0 21 0 0 2 0 0 1
cfn=(1502) fstatat
calls=3 0 
0 24 3 0 2 0 0 1

fn=(1510) _IO_switch_to_get_mode
0 520 180 160 3 0 0 3

fn=(1552) _IO_unsave_markers
0 28 10 4 4 0 0 2

fn=(1752) _IO_do_write@@GLIBC_2.2.5
0 424 2 138 5 0 0 1
cfn=(1796) new_do_write
calls=46 0 
0 6522 1690 1124 36 97 50 13
0 322 138

fn=(1794) __mempcpy_avx_unaligned_erms
0 510169 90023 60012 4 10090 5815 0 0 63

fn=(1832) __printf_buffer
0 130 25 65 9 1 10 3
cob=(4)
cfi=(91)
cfn=(1834) 0x0000000004c2c590
calls=5 0 
0 105 15 0 6 3 0 2
0 40 0 15 0 0 3
cfn=(1838) __printf_buffer_write
calls=5 0 
0 95 35 25 6 0 3 2
0 610 160 120 34 9 0 12 3
cob=(4)
cfi=(91)
cfn=(1834)
calls=5 0 
0 105 15
0 35 0 10 3 0 0 1
cfn=(1838)
calls=5 0 
0 95 35 25
0 115 25 10 8 6 0 3 2
cfn=(1840) __printf_fp_l_buffer
calls=5 0 
0 7064 1622 974 268 48 36 113 7
0 115 25 15 8 0 0 3

fn=(1848)
0 933 129 88 10 0 0 4

fn=(564) pthread_once@@GLIBC_2.34
0 113 37 0 4 4 0 1 1
cfn=(566) __pthread_once_slow
calls=1 0 
0 127 30 31 21 4 3 21 1

fn=(2146) pthread_create@@GLIBC_2.34
0 275 44 143 4 0 2 4
cfn=(1300) getpagesize
calls=11 0 
0 66 33 0 1 1
0 1804 484 341 14 7 45 14 0 44
cfn=(2168) create_thread
calls=11 0 
0 1426 422 367 15 2 11 15 1 11
0 151 11 15 1 0 2 1
cfn=(2148) __libc_sigaction
calls=1 0 
0 52 15 13 6 1 3 6
0 342 78 80 6 2 12 6 0 11
cfn=(2150)
calls=11 0 
0 286 44 33 2 0 0 2
0 242 77 44 2 1 0 2 1
cfn=(2152)
calls=11 0 
0 66 11 0 1 0 0 1
0 176 33 99 1 0 44 1 0 44
cob=(4)
cfi=(91)
cfn=(2154) 0x0000000004c2c6f0
calls=11 0 
0 7903 1577 1166 30 19 111 14 1 109
0 46 22 2 2 0 0 2
cfn=(2166) _IO_enable_locks
calls=1 0 
0 22 6 4 1 2 3 1
0 123 1 55 3 0 0 3
cfn=(2164) __nptl_stack_list_add
calls=11 0 
0 154 33 55 2 0 11 2 0 11
0 143 55 22 1 0 0 1

fn=(2246) arena_get2.part.0
0 288 106 56 3 14 1 3 1 1
cfn=(2304) __get_nprocs_sched
calls=1 0 
0 89 7 4 4 1 1 2 0 1
0 117 23 23 5 9 9 4 0 9
cfn=(2248)
calls=11 0 
0 1314 228 183 29 20 22 9 0 22
0 9042 66 1584 6 10 374 5 0 374

fn=(2514) __cxa_finalize
0 309 65 79 4 0 0 3
cob=(7) /usr/lib64/libstdc++.so.6.0.32
cfi=(95) ???
cfn=(2590) std::ios_base::Init::~Init()
calls=1 0 
0 1374 524 209 31 53 0 31 1
cob=(7)
cfi=(95)
cfn=(2588) 0x00000000000b3060
calls=1 0 
0 8 2 1 1 0 0 1
cob=(7)
cfi=(95)
cfn=(2582) 0x00000000000b3020
calls=1 0 
0 8 2 1 2 1 1
cob=(7)
cfi=(95)
cfn=(2580) 0x00000000000e07a0
calls=1 0 
0 2 1 0 1 0 0 1
cob=(7)
cfi=(95)
cfn=(2578) 0x00000000000e1bd0
calls=1 0 
0 2 1 0 1 0 0 1
cob=(7)
cfi=(95)
cfn=(2576) 0x00000000000e2ee0
calls=1 0 
0 2 1
cob=(7)
cfi=(95)
cfn=(2574) 0x00000000000e2ef0
calls=1 0 
0 2 1 0 1 0 0 1
cob=(7)
cfi=(95)
cfn=(2572) 0x0000000000199390
calls=1 0 
0 2 1
cob=(7)
cfi=(95)
cfn=(2570) 0x00000000001993a0
calls=1 0 
0 2 1
cob=(7)
cfi=(95)
cfn=(2568) 0x00000000001993b0
calls=1 0 
0 2 1 0 1 0 0 1
cob=(7)
cfi=(95)
cfn=(2562) 0x00000000001b3320
calls=1 0 
0 7 2 0 1 1 0 1 1
0 211 42 16 2 2 0 2
cfn=(2516) __unregister_atfork
calls=5 0 
0 100 25 20 4 0 1 4 0 1
0 335 106 5 1 4 0 1

fn=(2516)
0 100 25 20 4 0 1 4 0 1

fn=(2602)
0 231 88 44 3 1 0 3 1

fn=(294) strpbrk
0 7 3 0 2 0 0 2

fn=(296) strcmp
0 57 12 0 3 2 0 3

fn=(344) wmemset
0 30 12 0 2 1 0 2

fn=(348) strcasecmp_l
0 21 4 0 2 0 0 2

fn=(352) strlen
0 125 25 0 4 7 0 2

fn=(358) __memmove_chk
0 22 4 0 3 0 0 3

fn=(362) memmove
0 88 16 0 3 1 0 3

fn=(364) memchr
0 46 8 0 2 0 0 2

fn=(632) wctob
0 3200 1024 640 2 0 0 2

fn=(900)
0 234 39 91 2 5 0 2 4
cob=(4)
cfi=(91)
cfn=(650) 0x0000000004c2c500
calls=13 0 
0 208 39 0 0 4 0 0 4
0 5048 1625 40 0 34
cob=(4)
cfi=(91)
cfn=(902) 0x0000000004c2c600
calls=40 0 
0 1152 240 0 3 5 0 3
0 197 91 0 1 0 0 1

fn=(922) sysmalloc
0 2530 589 366 35 102 33 9 0 21
cfn=(924) __glibc_morecore
calls=1 0 
0 33 11 6
0 154 4 113 6 0 26 2
cfn=(924)
calls=28 0 
0 1387 367 226 32 89 28 8 1
0 930 251 60 16 7 1 7 1 1

fn=(928) brk
0 261 58 29 12 0 0 2

fn=(1428) strtod
0 10 4 0 1 0 0 1
cfn=(1430) ____strtod_l_internal
calls=2 0 
0 1195 218 123 64 9 0 64 8

fn=(1438) str_to_mpn.part.0.constprop.0
0 110 28 18 5 1 0 5 1

fn=(1466)
0 132 45 37 4 0 0 2
cfn=(1468)
calls=3 0 
0 39 12 9 5 2 0 2
0 65 17 15 5 0 0 3
cfn=(1470)
calls=3 0 
0 27 15 3 2 0 0 1
0 92 27 24 8 3 0 7

fn=(1468)
0 104 32 24 6 7 0 2

fn=(1490) _IO_sgetn
0 300015 80004 40002 2 1 0 2
cfn=(1492)
calls=20001 0 
0 1123405 321042 220532 36 1290 1 34 63 1

fn=(1506)
0 601 220 61 3 0 0 3
cfn=(1508) _IO_file_underflow@@GLIBC_2.2.5
calls=20 0 
0 1940 620 400 10 38 0 10
0 98 20 0 1 0 0 1

fn=(1514) read
0 160 40 0 1 0 0 1

fn=(1566)
0 28 8 6 3 0 0 2
cfn=(1568) _IO_default_finish
calls=2 0 
0 40 14 4 4 0 0 2

fn=(1852) __libc_alloca_cutoff
0 55 10 0 4 3 0 2

fn=(566)
0 43 10 13 5 1 2 5 1
cfn=(568) _pthread_cleanup_push@@GLIBC_2.34
calls=1 0 
0 7 2 4 2 1 0 2
0 1 0 1
cob=(7)
cfi=(95)
cfn=(570) 0x00000000000c6af0
calls=1 0 
0 58 16 10 12 2 1 12
0 3 0 1
cfn=(580) _pthread_cleanup_pop@@GLIBC_2.34
calls=1 0 
0 6 2 1 1 0 0 1
0 9 0 1 1 0 0 1

fn=(1930) rand
0 126964 0 63482 2 0 0 1
cfn=(1932) random
calls=31741 0 
0 1617765 476115 285669 12 49630 11493 5
0 63482 63482

fn=(2002) malloc_consolidate
0 1391569 212911 204257 12 18452 123 5 1697 3
cfn=(1606)
calls=3077 0 
0 65496 28013 9285 0 97 0 0 14
0 178918 48539 58318 4 1 63 2 0 9
cfn=(1606)
calls=19428 0 
0 410397 175655 58284 0 101 0 0 16
0 58284 38856

fn=(2060) _int_memalign
0 22 1 8 2 0 0 2
cfn=(920) _int_malloc
calls=1 0 
0 198 34 23 0 2 1 0 0 1
0 28 3 2 3 0 0 3
cfn=(1564) _int_free_create_chunk
calls=1 0 
0 23 6 6 1 0 1 1 0 1
0 11 7 0 1 0 0 1

fn=(2172) __clone3_internal
0 50 11 2 1 1 0 1 1
cfn=(2174) clone3
calls=1 0 
0 16 2 1 2 0 0 2
0 51 24 12

fn=(2174)
0 16 2 1 2 0 0 2

fn=(2600) fflush
0 180 30 40 2 5 0 2
cfn=(2602)
calls=10 0 
0 210 80 40 3 1 0 3 1
0 330 140 40 3 3 0 3

fn=(2678) _IO_cleanup
0 14 1 8 2 0 0 2
cfn=(2680) _IO_flush_all
calls=1 0 
0 198 71 37 12 7 0 11 1
0 6 0 3
cfn=(1468)
calls=1 0 
0 13 4 3
0 101 32 15 4 0 0 4
cfn=(2682) _IO_file_setbuf@@GLIBC_2.2.5
calls=1 0 
0 87 22 23 6 0 0 6
0 30 7 7 3 0 0 3
cfn=(1470)
calls=1 0 
0 9 5 1
0 48 22 8 3 0 0 3

fn=(2682)
0 7 0 3 2 0 0 2
cfn=(2684)
calls=1 0 
0 69 18 17 4 0 0 4
0 11 4 3

fn=(314) wcschr
0 50 10 0 2 0 0 2

fn=(354) strncpy
0 38 8 0 2 1 0 2

fn=(454) __libc_early_init
0 10 1 4 1 1 0 1
cfn=(456) __ctype_init
calls=1 0 
0 17 10 3 2 5 0 2
0 7 1 4 1 1 2 1 0 2
cfn=(458) getrlimit
calls=1 0 
0 10 1 0 2 0 0 2
0 30 5 4 2 2 2 2 0 2
cfn=(460) __pthread_tunables_init
calls=1 0 
0 98 21 9 5 6 0 4 2
0 6 4
cfn=(464) __lll_elision_init
calls=1 0 
0 159 32 14 3 9 1 3 4 1

fn=(640) __gconv_btwoc_ascii
0 768 128 0 1 0 0 1

fn=(862)
0 240 0 84 2 0 1 2
cfn=(864) __new_exitfn
calls=12 0 
0 440 96 73 4 3 0 4 1
0 252 96 60 1 0 6 1 0 6

fn=(1092)
0 27 5 3 3 0 1 3

fn=(1300)
0 72 36 0 2 1 0 1

fn=(1336) pthread_key_create@@GLIBC_2.34
0 45 5 6 2 1 1 2 1

fn=(1394)
0 11 1 6 2 0 0 2
cfn=(1396) _setjmp
calls=1 0 
0 38 8 11 4 1 0 4
0 15 7 4 1 1 0 1
cob=(9)
cfi=(98) /home/kchou/HDD/Documents/DiT/7ο Εξάμηνο/Ανάπτυξη Λογισμικού για Πληροφοριακά Συστήματα (Project)/Project/app/app.cpp
cfn=(1402) main
calls=1 8 
0 37888512530 16051643093 8434361163 2306 255430309 818601 1101 6955 55440
0 2 0 1 1
cfn=(2478) exit
calls=1 0 
0 5554 1720 880 199 200 40 141 4 1

fn=(1400) __sigjmp_save
0 156 36 36 2 0 11 1 0 11

fn=(1454) fopen@@GLIBC_2.2.5
0 9 0 0 2 0 0 1
cfn=(1456) __fopen_internal
calls=3 0 
0 1846 434 393 112 24 20 52 3 7

fn=(1462)
0 75 9 36 2 3 7 1 1 3

fn=(1470)
0 72 40 8 2 0 0 1

fn=(1474)
0 48 3 15 3 0 0 1
cfn=(1476) open
calls=3 0 
0 199 42 31 8 0 0 5
0 33 2 6 3 0 0 2
cfn=(1466)
calls=2 0 
0 42 18 10
0 22 15 0 1

fn=(1554) _IO_file_close
0 6 2 0 2 0 0 1
cfn=(1110)
calls=2 0 
0 12 2 0 2

fn=(1754) _IO_default_xsputn
0 798 24 225 4 0 0 2
cfn=(1750) _IO_file_overflow@@GLIBC_2.2.5
calls=8 0 
0 312 80 48
0 1397 446 150 5 10 30 2 0 1

fn=(1796)
0 1058 138 322 7 35 19 2
cfn=(1798) _IO_file_write@@GLIBC_2.2.5
calls=46 0 
0 3978 924 618 22 62 31 8
0 1486 628 184 7 0 0 3

fn=(1798)
0 690 0 276 3 0 29 1
cfn=(1800) write
calls=46 0 
0 2230 510 342 15 33 2 6
0 1058 414 0 4 29 0 1

fn=(1830) vsnprintf
0 125 5 45 6 1 4 2
cfn=(1832)
calls=5 0 
0 8509 1957 1259 342 67 52 139 12
0 30 10 10 3 0 0 1
cfn=(1856) __printf_buffer_done
calls=5 0 
0 95 25 0 3 0 0 1
0 30 25

fn=(1890) srand
0 13 0 4 2 0 1 2 0 1
cfn=(1892) srandom_r
calls=1 0 
0 6182 1555 962 5 2 3 5 0 1
0 7 4 1

fn=(2152)
0 132 22 0 1 0 0 1

fn=(2164)
0 154 33 55 2 0 11 2 0 11

fn=(2168)
0 429 44 209 5 0 0 5
cfn=(2170) __clone_internal
calls=11 0 
0 788 268 147 8 2 11 8 1 11
0 209 110 11 2 0 0 2

fn=(2304)
0 24 5 4 2 1 1 2 0 1
cfn=(1144)
calls=1 0 
0 64 2 0 2
0 1

fn=(2376) _int_free_maybe_consolidate.part.0
0 1610 595 315 6 3 0 6
cfn=(2002)
calls=35 0 
0 385077 97596 62274 0 2914 53 0 1628 1
0 175 35 0 2 1 0 2

fn=(298) wcsnlen
0 19 4 0 3 0 0 3

fn=(306) __memcpy_chk
0 22 4 0 4 0 0 4

fn=(308) memrchr
0 25 5 0 2 0 0 2

fn=(320) rindex
0 25 5 0 1 0 0 1

fn=(328) strncmp
0 63 12 0 3 2 0 3

fn=(332) strcspn
0 7 3 0 1 0 0 1

fn=(366) strspn
0 14 6 0 2 2 0 2

fn=(368) wcpncpy
0 18 4 0 2 0 0 2

fn=(370) mempcpy
0 22 4 0 3 0 0 3

fn=(656) __memcmp_avx2_movbe
0 1095 242 0 7 0 0 6

fn=(918) tcache_init.part.0
0 103 24 26 3 0 0 2
cfn=(920)
calls=1 0 
0 383 83 53 43 2 3 43 2 2
0 1133 49 996 3 0 118 1 0 118
cfn=(2244) get_free_list
calls=11 0 
0 198 88 44 3 0 0 3
0 66 0 11 1 0 0 1
cfn=(2246)
calls=11 0 
0 10850 430 1850 47 54 407 23 1 407
0 44 0 11
cfn=(920)
calls=11 0 
0 1496 231 143 0 0 11 0 0 11
0 110 11 11 2 0 0 1

fn=(1106)
0 12 4 0 1 1 0 1
cfn=(1108) ____strtoul_l_internal
calls=2 0 
0 254 44 24 10 6 0 10 4

fn=(1126) pthread_self
0 3 2 0 1 0 0 1

fn=(1136) __memset_avx2_unaligned_erms
0 4581031 481236 967407 10 58118 114393 5 0 2960

fn=(1418) __isoc23_strtol
0 18 6 0 1 0 0 1
cfn=(1420)
calls=3 0 
0 366 57 33 8 0 0 8

fn=(1426) atof
0 6
cfn=(1428)
calls=2 0 
0 1205 222 123 65 9 0 65 8

fn=(1444) round_away
0 20 2

fn=(1502)
0 24 3 0 2 0 0 1

fn=(1508)
0 500 80 140 3 0 0 3
cfn=(1510)
calls=20 0 
0 520 180 160 3 0 0 3
0 320 80 80 1 19 0 1
cfn=(1512) _IO_file_read
calls=20 0 
0 280 80 0 2 0 0 2
0 320 200 20 1 19 0 1

fn=(1550)
0 38 4 10 4 0 0 2
cfn=(1552)
calls=2 0 
0 28 10 4 4 0 0 2
0 20 6 2 2 0 0 1
cfn=(1554)
calls=2 0 
0 18 4 0 4 0 0 1
0 18 2 2 2 0 0 1
cfn=(1504)
calls=2 0 
0 397 107 72 15 14 3 15
0 12 0 8 2 0 0 1
cfn=(1546)
calls=2 0 
0 8 4
0 31 13 7 1 0 0 1
cfn=(1752)
calls=1 0 
0 167 42 29 0 1
0 2 0 0 1

fn=(1748) _IO_file_xsputn@@GLIBC_2.2.5
0 960597 90087 240196 9 0 0 2
cob=(4)
cfi=(91)
cfn=(1792) 0x0000000004c2c420
calls=29972 0 
0 569468 119888 59944 0 14983 5808 0 0 63
0 184 0 46
cob=(4)
cfi=(91)
cfn=(1792)
calls=23 0 
0 426 91 45 5 3 5 1
0 112 0 32
cob=(4)
cfi=(91)
cfn=(1792)
calls=16 0 
0 297 55 23 0 2 2
0 480913 240326 30058 6 6 0 2
cfn=(1750)
calls=47 0 
0 10222 2520 1681 78 109 73 21 0 1
0 782 94 31 3 0 0 1
cfn=(1754)
calls=31 0 
0 2507 550 423 9 10 30 4 0 1
0 1862 404 0 9 0 0 3

fn=(1838)
0 250 20 80 3 0 3 1
cob=(4)
cfi=(91)
cfn=(1516)
calls=5 0 
0 97 20 10 1 2
0 130 100 5 6 0 0 2

fn=(1844) __mpn_extract_double
0 110 5 20 9 0 3 3

fn=(1850) __mpn_rshift
0 108 18 12 8 0 0 3

fn=(1856)
0 95 25 0 3 0 0 1

fn=(578) newlocale
0 39 12 7 6 0 1 6

fn=(1934) random_r
0 887722 253928 126964 6 38199 0 3

fn=(2058) _mid_memalign.isra.0
0 42 7 5 5 0 0 5
cfn=(2060)
calls=1 0 
0 282 51 39 7 2 2 7 0 2
0 9 1 0 1 0 0 1

fn=(2148)
0 52 15 13 6 1 3 6

fn=(2162) __pthread_mutex_unlock_usercnt
0 480 108 60 8 0 0 4

fn=(2170)
0 165 22 77 2 1 0 2
cfn=(2172)
calls=11 0 
0 117 37 15 3 1 0 3 1
0 187 88 33 1 0 0 1
cfn=(2176)
calls=11 0 
0 209 22 22 2 0 11 2 0 11
0 110 99

fn=(2252)
0 42 7 0 1 0 0 1

fn=(2380) __pthread_disable_asynccancel
0 600 120 40 4 0 0 2

fn=(490) _init_first
0 22 8 5 2 3 2 2 1 1
cfn=(492) __init_misc
calls=1 0 
0 50 11 6 5 2 1 5

fn=(302) wcslen
0 38 8 0 2 0 0 2

fn=(456)
0 204 120 36 4 10 0 2

fn=(464)
0 13 1 4 2 0 0 2
cob=(4)
cfi=(91)
cfn=(462) 0x0000000004c2c710
calls=1 0 
0 24 5 1 0 1
0 4 0 1
cob=(4)
cfi=(91)
cfn=(462)
calls=1 0 
0 24 5 1 0 2 0 0 1
0 4 0 1
cob=(4)
cfi=(91)
cfn=(462)
calls=1 0 
0 24 5 1 0 2 0 0 1
0 4 0 1
cob=(4)
cfi=(91)
cfn=(462)
calls=1 0 
0 24 5 1 0 2 0 0 1
0 4 0 1 1 0 0 1
cob=(4)
cfi=(91)
cfn=(462)
calls=1 0 
0 24 5 1 0 1
0 10 6 1 0 1 1 0 1 1

fn=(638) _dl_mcount_wrapper_check
0 640 384 0 1 0 0 1

fn=(904) __strncmp_avx2
0 2717 510 0 6 7 0 6 2

fn=(916) ptmalloc_init.part.0
0 795 3 137 5 1 35 5 0 33
cob=(4)
cfi=(91)
cfn=(462)
calls=1 0 
0 23 5 1 2 1
0 4 0 1
cob=(4)
cfi=(91)
cfn=(462)
calls=1 0 
0 24 5 1 0 1
0 4 0 1 1 0 0 1
cob=(4)
cfi=(91)
cfn=(462)
calls=1 0 
0 23 5 1 0 1
0 4 0 1
cob=(4)
cfi=(91)
cfn=(462)
calls=1 0 
0 23 5 1 0 2 0 0 1
0 4 0 1
cob=(4)
cfi=(91)
cfn=(462)
calls=1 0 
0 24 5 1 0 2 0 0 1
0 4 0 1
cob=(4)
cfi=(91)
cfn=(462)
calls=1 0 
0 23 5 1 0 2 0 0 1
0 4 0 1 1 0 0 1
cob=(4)
cfi=(91)
cfn=(462)
calls=1 0 
0 23 5 1 0 2 0 0 1
0 4 0 1
cob=(4)
cfi=(91)
cfn=(462)
calls=1 0 
0 23 5 1 0 1
0 4 0 1
cob=(4)
cfi=(91)
cfn=(462)
calls=1 0 
0 23 5 1 0 1
0 4 0 1 1 0 0 1
cob=(4)
cfi=(91)
cfn=(462)
calls=1 0 
0 23 5 1 0 2 0 0 1
0 4 0 1
cob=(4)
cfi=(91)
cfn=(462)
calls=1 0 
0 23 5 1 0 1
0 4 0 1
cob=(4)
cfi=(91)
cfn=(462)
calls=1 0 
0 23 5 1 0 2 0 0 1
0 10 7 0 1 1 0 1 1

fn=(924)
0 174 29 58 8 7 0 2
cfn=(926) sbrk
calls=29 0 
0 1130 291 174 24 82 28 6 1
0 116 58

fn=(1108)
0 254 44 24 10 6 0 10 4

fn=(1558) free
0 66029174 15685446 12513672 6 795189 0 2 240
cfn=(1560) _int_free
calls=57808 0 
0 5227605 1262046 489867 17 8519 148 11 2481 1
0 9168474 0 3056158 2 0 0 1
cfn=(1560)
calls=3056158 0 
0 175517120 47695460 24081378 28 754254 55500 16 1
0 21797762 15569830 3113966

fn=(1750)
0 1712 460 249 13 0 19 5
cfn=(1752)
calls=47 0 
0 7101 1788 1233 41 96 50 14
0 4 0 2 2 0 0 1
cfn=(1494)
calls=2 0 
0 1703 348 241 22 13 4 1 0 1
0 14 4 4

fn=(1800)
0 444 54 190 6 0 2 2
cfn=(2378) __pthread_enable_asynccancel
calls=38 0 
0 684 114 38 4 33 0 1
0 418 114 76 1 0 0 1
cfn=(2380)
calls=38 0 
0 570 114 38 4 0 0 2
0 114 114

fn=(1836) __strchrnul_avx2
0 190 20 0 4 0 0 2

fn=(1932)
0 412633 31741 126964 6 11431 11493 2
cfn=(1934)
calls=31741 0 
0 887722 253928 126964 6 38199 0 3
0 317410 190446 31741

fn=(2464) __mpn_cmp
0 24 6 0 1 0 0 1

fn=(292) strnlen
0 50 10 0 2 2 0 2

fn=(300) memset
0 96 16 0 2 3 0 2

fn=(330) strcasecmp
0 42 8 0 2 0 0 2

fn=(340) strchrnul
0 25 5 0 2 0 0 2

fn=(648) wctype_l
0 130 0 70 2 0 0 2
cob=(4)
cfi=(91)
cfn=(650)
calls=10 0 
0 160 30 0 2 5 0 2 4
0 338 68 58 0 1
cob=(4)
cfi=(91)
cfn=(650)
calls=48 0 
0 768 144 0 0 1 0 0 1
0 20 0 10
cob=(4)
cfi=(91)
cfn=(650)
calls=10 0 
0 160 30 0 0 1 0 0 1
0 370 0 49 1 0 0 1
cob=(4)
cfi=(91)
cfn=(654) 0x0000000004c2c580
calls=49 0 
0 1146 274 0 4 1 0 4
0 208 100 0 0 3

fn=(652) __strlen_avx2
0 1792 256 0 6 31 0 3 20

fn=(926)
0 611 92 144 11 82 28 3 1
cfn=(928)
calls=28 0 
0 252 56 28 10
0 254 140 1 1 0 0 1
cfn=(928)
calls=1 0 
0 9 2 1 2 0 0 2
0 4 1

fn=(1176) calloc
0 8188471 1581136 1598928 6 65401 12732 3 22 11
cfn=(920)
calls=1098 0 
0 189456 34589 20433 11 695 451 0 614 426
0 459054 0 153018 1 0 6623
cfn=(920)
calls=153018 0 
0 12479318 2910216 1074693 27 71366 642 0 0 330
0 2615654 418017 87601 11 26729 0 4
cfn=(920)
calls=86503 0 
0 6016037 1560454 609360 32 87 12029 3 0 592
0 8614636 2230990 153025 11 0 2 5 0 2
cob=(4)
cfi=(91)
cfn=(1134) 0x0000000004c2c730
calls=240617 0 
0 5062231 721851 967404 10 118159 114393 2 0 2960

fn=(1298) pthread_attr_init@@GLIBC_2.2.5
0 12 0 7 2 0 1 2
cfn=(1300)
calls=1 0 
0 6 3 0 1 0 0 1
0 6 3 1

fn=(1398) __sigsetjmp
0 264 60 96 4 1 11 2 0 11
cfn=(1400)
calls=12 0 
0 156 36 36 2 0 11 1 0 11

fn=(1488) fread
0 620031 100005 160008 3 0 0 3
cfn=(1490)
calls=20001 0 
0 1423420 401046 260534 38 1291 1 36 63 1
0 560028 240012 80004 3 0 0 3

fn=(1496)
0 69 12 18 6 4 0 3
cfn=(1498) _IO_file_stat
calls=3 0 
0 54 6 0 6 0 0 3
0 36 6 3 2 0 0 1
cob=(4)
cfi=(91)
cfn=(1458) 0x0000000004c2c7a0
calls=3 0 
0 1611 316 216 7 10 5 0 0 2
0 21 0 3
cfn=(1504)
calls=3 0 
0 87 24 24 4 0 0 2
0 42 22 1 3 0 0 2

fn=(1512)
0 120 40 0 1 0 0 1
cfn=(1514)
calls=20 0 
0 160 40 0 1 0 0 1

fn=(1560)
0 149053536 43237317 13184720 15 658810 55777 6 53
cfn=(1562) _int_free_merge_chunk
calls=3254 0 
0 288303 75012 55836 23 1108 80 8 5 4
0 31418528 5651964 11308624 15 100788 27 5 54
cfn=(1562)
calls=2348 0 
0 608984 157581 105417 17 7249 174 8 2417 1
0 9392 2348 2348

fn=(1564)
0 208394 50067 56864 9 1525 199 3 504 4
cfn=(1606)
calls=320 0 
0 6906 2943 962 1 272 0 0 12
0 1455 545 90 1 0 1 1 0 1

fn=(1870) clock_gettime@@GLIBC_2.17
0 22 6 0 4 3 0 2

fn=(1892)
0 6182 1555 962 5 2 3 5 0 1

fn=(580)
0 6 2 1 1 0 0 1

fn=(1924)
0 341331 77550 49230 15 3636 7 5 20
cfn=(920)
calls=4550 0 
0 2869967 600787 398918 13 24319 7242 5 281 3409
0 81890 13649 4549 4 53 0 1
cob=(4)
cfi=(91)
cfn=(1516)
calls=4549 0 
0 189872 54091 38942 40 9708 12658 7 0 11815
0 18196 0 4549
cfn=(1560)
calls=4549 0 
0 520622 136475 68712 25 4589 403 0 24
0 14689 0 4056 2 0 488 0 0 46
cfn=(1560)
calls=1014 0 
0 113396 30241 16988 0 593 7 0 23 4
0 6549 0 1734 14 0 0 2
cfn=(1606)
calls=867 0 
0 19023 8075 2601 0 8
0 18595 868 2268 7 0 746 2 0 746

fn=(2044) pthread_setspecific@@GLIBC_2.34
0 37 8 8 3 1 2 3

fn=(304) __mempcpy_chk
0 22 4 0 4 0 0 4

fn=(316) index
0 57 12 0 2 0 0 2

fn=(326) wmemchr
0 69 12 0 2 0 0 2

fn=(336) strcat
0 17 4 0 2 0 0 2

fn=(342) bcmp
0 72 15 0 2 3 0 2

fn=(356) wmemcmp
0 48 10 0 2 2 0 2

fn=(422) gettimeofday
0 7 3 0 3 1 0 3

fn=(424) strstr
0 10 3 0 2 2 0 2

fn=(460)
0 13 1 4 2 0 0 2
cob=(4)
cfi=(91)
cfn=(462)
calls=1 0 
0 24 5 1 2 3 0 1 1
0 4 0 1
cob=(4)
cfi=(91)
cfn=(462)
calls=1 0 
0 23 5 1 0 2 0 0 1
0 4 0 1
cob=(4)
cfi=(91)
cfn=(462)
calls=1 0 
0 24 5 1 0 1
0 6 5 0 1 0 0 1

fn=(492)
0 14 1 4 2 0 0 2
cob=(4)
cfi=(91)
cfn=(494) 0x0000000004c2c660
calls=1 0 
0 24 3 0 3 2 0 3
0 12 7 2 0 0 1

fn=(496) __strrchr_avx2
0 22 2 0 2 1 0 2

fn=(636) btowc
0 8192 2304 1408 4 5 0 4
cfn=(638)
calls=128 0 
0 640 384 0 1 0 0 1
0 1536 896
cfn=(640)
calls=128 0 
0 768 128 0 1 0 0 1

fn=(864)
0 440 96 73 4 3 0 4 1

fn=(920)
0 30763968 5286171 3654090 59 192776 12859 22 792 21
cfn=(2002)
calls=216 0 
0 1591073 384950 249714 5 8736 121 1 99 11
0 12157550 4126961 211410 46 79237 5131 17 116 12
cfn=(2002)
calls=41 0 
0 128514 21428 18156 11 7001 12 6
0 296561 19710 58785 13 4880 47 7 0 1
cfn=(1606)
calls=19590 0 
0 417456 178837 59780 6 11929 0 2 8
0 544943 99216 98461 20 2 1866 8 0 290
cfn=(1606)
calls=15 0 
0 495 210 75
0 234 42 48 1 0 0 1
cfn=(930)
calls=6 0 
0 24 12
0 45 0 18
cfn=(930)
calls=9 0 
0 36 18
0 421596 0 210798 1 0 1895 1
cfn=(930)
calls=105399 0 
0 421596 210798 0 4 3 0 1
0 823471 105414 147325 10 0 5689 2 0 1370
cfn=(922)
calls=28 0 
0 5034 1222 771 89 198 88 26 2 22
0 1294829 39 242748 7 0 42886 3 0 42875

fn=(1094)
0 21 2 10 1 0 0 1
cob=(4)
cfi=(91)
cfn=(1096) 0x0000000004c2c470
calls=1 0 
0 7 2 0 3 1 0 3
0 29 11 2 2 0 0 2
cob=(4)
cfi=(91)
cfn=(1100) 0x0000000004c2c490
calls=1 0 
0 15 2 0 3 0 0 3
0 10 5 3
cfn=(1104)
calls=1 0 
0 6 1 0 1 0 0 1
0 11 2 3 1 0 0 1
cob=(4)
cfi=(91)
cfn=(1096)
calls=1 0 
0 21 3
0 2

fn=(1102) __memcpy_avx_unaligned_erms
0 481157 109618 78992 31 8025 12658 9 63 11815

fn=(1110)
0 18 3 0 3 0 0 1

fn=(1132) pthread_getaffinity_np@@GLIBC_2.32
0 19 1 2 2 1 0 2
cob=(4)
cfi=(91)
cfn=(1134)
calls=1 0 
0 18 2 0 2 1 0 2
0 3 2

fn=(1396)
0 36 0 0 2 0 0 1
cfn=(1398)
calls=12 0 
0 420 96 132 6 1 22 3 0 22

fn=(1416) atoi
0 18 0 6 1 0 0 1
cfn=(1418)
calls=3 0 
0 384 63 33 9 0 0 9
0 6 6

fn=(1430)
0 46 6 24 3 1 0 3
cob=(4)
cfi=(91)
cfn=(650)
calls=2 0 
0 32 6 0 0 1 0 0 1
0 412 76 28 20 1 0 20 1
cob=(4)
cfi=(91)
cfn=(1432) 0x0000000004c2c6e0
calls=2 0 
0 44 8 4 3 1 0 3 1
0 60 18 6 3 1 0 3 1
cfn=(1438)
calls=2 0 
0 110 28 18 5 1 0 5 1
0 108 22 8 8 1 0 8 1
cfn=(1442) round_and_return
calls=2 0 
0 187 34 21 11 2 0 11 2
0 102 8 6 5 0 0 5
cfn=(1440)
calls=2 0 
0 32 4 2 3 0 0 3
0 12 4 2
cfn=(1440)
calls=2 0 
0 32 4 2
0 18 0 2 3 0 0 3

fn=(1442)
0 64 4 18 4 0 0 4
cfn=(1444)
calls=2 0 
0 20 2
0 43 16 1 1 0 0 1
cfn=(1446)
calls=2 0 
0 32 4 0 2 0 0 2
0 28 8 2 4 2 0 4 2

fn=(1456)
0 42 0 21 2 0 0 1
cob=(4)
cfi=(91)
cfn=(1458)
calls=3 0 
0 289 62 32 4 8 1 0 0 1
0 36 0 6 2 0 3 1 0 1
cfn=(1460)
calls=3 0 
0 168 27 84 8 3 15 4 1 5
0 12 0 6 2 0 0 1
cfn=(1464)
calls=3 0 
0 352 107 96 28 5 0 17
0 15 0 3
cfn=(1472)
calls=3 0 
0 679 152 104 45 7 1 25 2
0 39 23 1 2 0 0 1
cfn=(1546)
calls=1 0 
0 123 37 25 13 0 0 2
0 2 0 1
cob=(4)
cfi=(91)
cfn=(1556)
calls=1 0 
0 87 26 14 6 1
0 2

fn=(1478)
0 38 4 16 4 2 1 2 1
cob=(4)
cfi=(91)
cfn=(1480) 0x0000000004c2c680
calls=2 0 
0 46 8 0 5 2 0 3
0 32 18 0 4 0 0 2

fn=(1498)
0 9 3 0 2 0 0 1
cfn=(1500)
calls=3 0 
0 45 3 0 4 0 0 2

fn=(1568)
0 40 14 4 4 0 0 2

fn=(1746) fwrite
0 1441892 360450 330428 10 19543 0 4 1
cfn=(1748)
calls=30042 0 
0 2027370 454015 332479 119 15113 5918 34 0 65
0 841226 360504 60120 6 0 0 3

fn=(1882) time
0 7 3 0 2 0 0 2

fn=(1884) time_syscall
0 6 1 0 1 0 0 1

fn=(2166)
0 22 6 4 1 2 3 1

fn=(2182)
0 198 44 88 3 2 12 3 0 11
cfn=(456)
calls=11 0 
0 187 110 33 2 5
0 121 22 22 1 0 0 1
cfn=(1396)
calls=11 0 
0 418 88 121 4 0 22 0 0 22
0 297 77 44 3 1 0 3
cob=(8) /usr/lib64/libgomp.so.1.0.0
cfi=(96) ???
cfn=(2184) 0x0000000000020c30
calls=11 0 
0 139756686 25873780 5686788 319 66397 17180 110 1285 14429

fn=(2478)
0 7 0 2 1 0 0 1
cfn=(2480) __run_exit_handlers
calls=1 0 
0 5547 1720 878 198 200 40 140 4 1

fn=(2480)
0 218 42 24 5 3 3 5
cfn=(2686)
calls=1 0 
0 6 1 0 1 0 0 1
0 13 4 3 2 1 0 2
cob=(1) /usr/lib64/ld-linux-x86-64.so.2
cfi=(117) /usr/src/debug/glibc-2.38-14.fc39.x86_64/elf/dl-fini.c
cfn=(2484) _dl_fini
calls=1 26 
0 4778 1501 739 155 189 36 98 3 1
0 10 2 3 3 0 1 3
cfn=(2482) __call_tls_dtors
calls=1 0 
0 13 6 3 2 0 0 2
0 2 0 1
cfn=(2678)
calls=1 0 
0 506 164 105 30 7 0 29 1
0 1

fn=(2482)
0 13 6 3 2 0 0 2

fn=(1086) sysconf
0 47 10 7 6 1 0 6 1
cfn=(1088)
calls=1 0 
0 511 99 61 32 8 3 32 4
0 2 0 0 1 0 0 1

fn=(310) wcsncpy
0 18 4 0 1 0 0 1

fn=(312) memcpy@@GLIBC_2.14
0 88 16 0 5 2 0 5

fn=(322) wcscmp
0 50 10 0 2 4 0 2

fn=(350) wcscat
0 18 4 0 2 0 0 2

fn=(360) stpcpy
0 17 4 0 2 0 0 2

fn=(458)
0 10 1 0 2 0 0 2

fn=(914)
0 75134564 12196795 12010474 5 245276 19920 3 1
cfn=(920)
calls=122357 0 
0 18692522 3649610 1965393 81 139915 28938 1 120 22354
0 3094618 1234975 122369 7 13 0 2
cfn=(918)
calls=12 0 
0 14383 916 3145 102 56 539 74 3 538
0 55917042 22227189 8329297 4 227170 0 2 128
cfn=(920)
calls=63976 0 
0 8618048 1679024 883163 65 68376 21277 45 0 17477
0 447833 63976 1 2 2 0 2
cfn=(916)
calls=1 0 
0 1127 70 160 11 20 35 9 7 33
0 2

fn=(1476)
0 100 25 22 7 0 0 4
cfn=(2378)
calls=2 0 
0 36 6 2
0 24 2 4
cfn=(2380)
calls=2 0 
0 30 6 2
0 9 3 1 1 0 0 1

fn=(1562)
0 177127 34382 33997 14 2862 2 3 271
cfn=(1606)
calls=385 0 
0 8304 3538 1155 0 285 0 0 7
0 33612 0 5602 3 0 0 1
cfn=(1564)
calls=5602 0 
0 216732 53549 57910 10 1797 199 3 516 4
0 56055 39179
cfn=(2376)
calls=35 0 
0 386862 98226 62589 8 2918 53 8 1628 1
0 18595 3719 0 5 495 0 1

fn=(1840)
0 130 10 55 9 0 3 3
cob=(4)
cfi=(91)
cfn=(650)
calls=5 0 
0 80 15 0 1 6 0 0 1
0 165 90 20 15 9 3 5
cfn=(1842) __printf_fp_buffer_1.isra.0
calls=5 0 
0 6684 1507 899 243 33 30 105 6
0 5

fn=(1842)
0 600 94 125 42 6 15 16 1
cob=(4)
cfi=(91)
cfn=(1516)
calls=2 0 
0 26 8 4 0 2
0 146 34 2 2 5 0 2
cob=(4)
cfi=(91)
cfn=(1516)
calls=1 0 
0 13 4 2
0 272 98 54 17 3 0 7 1
cfn=(1852)
calls=5 0 
0 55 10 0 4 3 0 2
0 448 119 54 12 0 0 5
cfn=(1854) hack_digit
calls=28 0 
0 1816 484 280 4 0 0 2
0 266 0 33 9 0 3 3
cfn=(1844)
calls=5 0 
0 110 5 20 9 0 3 3
0 55 15 10 5 0 0 2
cfn=(1854)
calls=5 0 
0 344 93 54
0 471 103 15 27 0 0 10
cfn=(1838)
calls=5 0 
0 287 70 45 4 2 0 1
0 44 19 2 5 0 0 3
cfn=(2464)
calls=2 0 
0 24 6 0 1 0 0 1
0 127 34 8 18 0 1 8
cfn=(1440)
calls=1 0 
0 16 2 1 3
0 25 5 5 1 0 0 1
cfn=(1854)
calls=1 0 
0 124 37 22 11 0 2 8
0 2 0 1
cfn=(1854)
calls=1 0 
0 124 37 22
0 66 10 26 6 0 2 3
cfn=(1440)
calls=4 0 
0 64 8 4 6
0 560 82 24 12 10 0 6 4
cfn=(1846)
calls=2 0 
0 158 36 30 16 2 4 8
0 74 18 12 8 0 0 4
cfn=(1848)
calls=4 0 
0 132 16 12
0 95 33 13 10 0 0 5
cfn=(1850)
calls=1 0 
0 18 3 2 2
0 8 2 2
cfn=(1850)
calls=1 0 
0 18 3 2
0 16 3 5 3 0 0 2
cfn=(1850)
calls=4 0 
0 72 12 8 6 0 0 3
0 8 4

fn=(1854)
0 546 168 112 3 0 1 1
cfn=(1848)
calls=7 0 
0 147 21 14 2
0 126 56 21 1 0 0 1
cfn=(2466) __mpn_divrem
calls=7 0 
0 350 98 77 6 0 1 6
0 287 84 42 1 0 0 1
cfn=(1848)
calls=28 0 
0 588 84 56
0 364 140 56 2 0 0 1

fn=(568)
0 7 2 4 2 1 0 2

fn=(2056) memalign
0 4 1 0 1 0 0 1
cfn=(2058)
calls=1 0 
0 333 59 44 13 2 2 13 0 2

fn=(2150)
0 547 88 66 12 0 0 2

fn=(2158) pthread_mutex_lock@@GLIBC_2.2.5
0 528 132 72 14 3 0 7 1

fn=(2160) pthread_mutex_unlock@@GLIBC_2.2.5
0 36 0 0 2 0 0 1
cfn=(2162)
calls=12 0 
0 480 108 60 8 0 0 4

fn=(2244)
0 198 88 44 3 0 0 3

fn=(2378)
0 720 120 40 4 33 0 1

fn=(2466)
0 350 98 77 6 0 1 6

fn=(2532) pthread_key_delete@@GLIBC_2.34
0 32 4 2 2 1 0 1

fn=(2680)
0 18 1 10 2 0 0 2
cfn=(1468)
calls=1 0 
0 13 4 3 1 1
0 140 51 21 7 6 0 7 1
cfn=(1470)
calls=1 0 
0 9 5 1
0 18 10 2 2 0 0 2

ob=(8)
fl=(96)
fn=(1358) 0x000000000003f820
0 16 1 10 2 1 3 2 1
cob=(4)
cfi=(91)
cfn=(1250) 0x00000000048657e0
calls=1 0 
0 427 141 7 0 1 0 0 1
0 12 7 0 2 0 0 2

fn=(2020) 0x0000000000017050
0 68 22 6 6 7 0 3

fn=(1114) 0x000000000000e0c0
0 8 0 4 2 0 0 1
cob=(4)
cfi=(91)
cfn=(1116) 0x0000000004865ac0
calls=2 0 
0 445 80 44 6 6 2 5 0 1
0 8 4

fn=(2184)
0 484 198 209 6 2 4 6
cfn=(2188) 0x0000000000023850
calls=11 0 
0 20357979 2908315 13 13 20 0 5
0 55 0 22
cfn=(2188)
calls=22 0 
0 43841411 6263113 22 3 56
0 143 66 33 0 53
cob=(9)
cfi=(101) /home/kchou/HDD/Documents/DiT/7ο Εξάμηνο/Ανάπτυξη Λογισμικού για Πληροφοριακά Συστήματα (Project)/Project/src/cppdescent.cpp
cfn=(2220) cppdescent::NNDescent_KNNGraph(Vector*, int, float, float, float (*)(void*, void*)) [clone ._omp_fn.0]
calls=22 542 
0 35533336 10984339 5686327 282 66099 17174 92 1285 14429
0 44 0 22 1
cfn=(2270) 0x0000000000023ab0
calls=22 0 
0 40023168 5717727 140 13 145 2 7
0 66 22 0 1 22

fn=(2332) 0x00000000000228c0
0 12 4 0 2 2 0 1

fn=(2534) 0x000000000000c050
0 3 1 0 0 1
cob=(4)
cfi=(91)
cfn=(2530) 0x00000000048659b0
calls=1 0 
0 18 3 1

fn=(2536) 0x000000000000e070
0 9 2 2 2 2
cob=(4)
cfi=(91)
cfn=(2542) 0x0000000004865d50
calls=1 0 
0 136 31 13 1 1 0 1
0 1 0 1
cfn=(2546) 0x000000000000e000
calls=1 0 
0 5 1 0 1
0 3 2 1

fn=(2074) 0x0000000000020fc0
0 154 38 66 12 2 0 7
cfn=(2086) 0x0000000000019b50
calls=2 0 
0 38 8 26 4 0 8 2 0 4
0 355 113 174 9 0 1 8
cfn=(2086)
calls=11 0 
0 209 44 143 0 0 38 0 0 38
0 187 77 66 1 0 0 1
cob=(4)
cfi=(91)
cfn=(2144) 0x0000000004865b90
calls=11 0 
0 13299 2957 2439 93 35 244 76 3 230
0 559 187 184 12 11 27 10
cfn=(2086)
calls=11 0 
0 209 44 143 0 0 37
0 353 148 85 7 1 12 6
cfn=(2188)
calls=1 0 
0 29 6 3 1 1
0 4 1 2 1 0 0 1
cfn=(2188)
calls=1 0 
0 2100035 300008 1 2 2
0 23 8 4 5 2 0 3
cfn=(2102) 0x000000000000e120
calls=1 0 
0 255 53 34 2 1 1 1
0 16 2 6 3 0 0 3

fn=(1256) 0x000000000000ed60
0 8 2 0 2 0 0 2

fn=(1080) 0x000000000000c9d0
0 9 0 7 1 0 0 1
cfn=(1082) 0x0000000000023240
calls=1 0 
0 1714 275 155 61 15 6 61 5 1
0 6 1 2 1 0 1 1 0 1
cfn=(1166) 0x000000000000c8e0
calls=1 0 
0 295 54 42 17 4 1 17 1 1
0 526 69 72 3 1 0 3
cob=(4)
cfi=(91)
cfn=(1206) 0x0000000004865790
calls=62 0 
0 1769 372 0 5 4 0 5 2
0 309 15 1 5 6 0 5
cob=(4)
cfi=(91)
cfn=(1250)
calls=1 0 
0 634 177 13 1 1 0 1
0 6 0 1
cfn=(1254) 0x000000000000f360
calls=1 0 
0 22 5 4 5 0 0 5
0 2 0 1
cob=(4)
cfi=(91)
cfn=(1236) 0x0000000004865700
calls=1 0 
0 454 145 8
0 6 0 2 2 0 0 2
cob=(4)
cfi=(91)
cfn=(1236)
calls=1 0 
0 637 175 13 0 2 0 0 2
0 6 1 1 1 0 0 1
cob=(4)
cfi=(91)
cfn=(1236)
calls=1 0 
0 463 145 8
0 8 1 1 1 0 0 1
cob=(4)
cfi=(91)
cfn=(1236)
calls=1 0 
0 637 175 13
0 9 2 1 2 0 0 2
cob=(4)
cfi=(91)
cfn=(1296) 0x00000000048659d0
calls=1 0 
0 26 7 8 4 0 1 4
0 4 1 1 1 0 0 1
cob=(4)
cfi=(91)
cfn=(1236)
calls=1 0 
0 454 145 8
0 6 0 1 1 0 0 1
cob=(4)
cfi=(91)
cfn=(1236)
calls=1 0 
0 421 139 7 0 1 0 0 1
0 5 0 1 1 0 0 1
cfn=(1254)
calls=1 0 
0 22 5 4
0 6 0 2 0 0 1
cob=(4)
cfi=(91)
cfn=(1236)
calls=1 0 
0 421 139 7
0 5 0 2 1 0 0 1
cob=(4)
cfi=(91)
cfn=(1236)
calls=1 0 
0 619 175 13
0 4 0 1 1 0 0 1
cfn=(1332) 0x0000000000037c50
calls=1 0 
0 60 9 13 8 4 3 8 1
0 1 0 1
cfn=(1358)
calls=1 0 
0 455 149 17 4 2 3 4 2
0 13 7 2 2 0 0 2
cob=(4)
cfi=(91)
cfn=(1236)
calls=1 0 
0 454 145 8 1 2 0 1 1
0 6 0 2
cfn=(1240) 0x000000000000fdb0
calls=1 0 
0 5 1 0 2 0 0 2
0 15 3 1 4 1 0 4
cob=(4)
cfi=(91)
cfn=(1236)
calls=1 0 
0 637 175 13 0 1 0 0 1
0 14 1 3 4 0 0 4

fn=(1172) 0x000000000000e0f0
0 6 0 2 1 0 0 1
cob=(4)
cfi=(91)
cfn=(1174) 0x0000000004865a00
calls=1 0 
0 243 43 24 12 2 1 12 0 1
0 4 2

fn=(1332)
0 35 6 7 4 2 2 4
cob=(4)
cfi=(91)
cfn=(1334) 0x0000000004865970
calls=1 0 
0 20 3 3 3 2 1 3 1
0 5 0 3 1 0 0 1

fn=(1368) 0x000000000000dfc0
0 5 0 1 1 0 0 1
cob=(4)
cfi=(91)
cfn=(1334)
calls=1 0 
0 29 4 3
0 4 1

fn=(2018) GOMP_parallel
0 24 0 10 2 0 0 1
cfn=(2020)
calls=2 0 
0 68 22 6 6 7 0 3
0 6 0 2
cfn=(2034) 0x0000000000020db0
calls=2 0 
0 841 146 162 40 12 33 31 0 17
0 14 0 2 1 0 0 1
cfn=(2074)
calls=2 0 
0 2115725 303694 3376 152 55 368 118 3 272
0 4 0 2
cob=(9)
cfi=(101)
cfn=(2220)
calls=2 542 
0 3305110 1018807 533605 16 11089 1622 0 0 934
0 54 18 14 1 10 0 1
cfn=(2270)
calls=2 0 
0 4200102 600026 12 1 12 0 1
0 10 4 2 1 2 0 1
cfn=(2332)
calls=2 0 
0 12 4 0 2 2 0 1
0 2 0 2
cfn=(2338) 0x0000000000019bc0
calls=2 0 
0 30 14 6 1 4 0 1
0 66 36 12 2 8 0 2

fn=(1074) 0x000000000000e0b0
0 12 1 0 3 0 0 3

fn=(2034)
0 31 4 10 3 0 0 2
cfn=(2052) 0x000000000000e150
calls=1 0 
0 350 63 46 16 3 2 16 0 2
0 14 1 9 2 0 5 2 0 5
cfn=(2068) 0x0000000000022820
calls=1 0 
0 16 3 6 2 0 2 2 0 2
0 7 0 4 2 0 1
cfn=(2068)
calls=1 0 
0 16 3 6 2 0 2
0 95 15 39 6 1 17 4 0 8
cfn=(1114)
calls=1 0 
0 261 45 28 2 5 1
0 10 2 6 1 1 1 1
cob=(4)
cfi=(91)
cfn=(2042) 0x0000000004865d80
calls=1 0 
0 39 9 8 4 2 2 4
0 2 1

fn=(2068)
0 32 6 12 4 0 4 2 0 2

fn=(2086)
0 456 96 312 4 0 83 2 0 42

fn=(1082)
0 5 0 2 1 0 0 1
cob=(4)
cfi=(91)
cfn=(1084) 0x0000000004865c20
calls=1 0 
0 562 110 68 40 10 3 40 5
0 5 0 2 0 0 1
cfn=(1114)
calls=1 0 
0 200 39 20 6 1 1 6 0 1
0 2 0 2
cob=(4)
cfi=(91)
cfn=(1124) 0x0000000004865bc0
calls=1 0 
0 5 3 0 2 0 0 2
0 7 2 2 1 0 0 1
cob=(4)
cfi=(91)
cfn=(1130) 0x0000000004865ce0
calls=1 0 
0 42 6 2 5 3 0 5
0 5 2 1 1 0 0 1
cob=(4)
cfi=(91)
cfn=(1142) 0x0000000004865890
calls=1 0 
0 66 3 0 3 1 0 3
0 815 110 56 2 0 1 2

fn=(2052)
0 7 0 2 1 0 0 1
cob=(4)
cfi=(91)
cfn=(2054) 0x0000000004865a90
calls=1 0 
0 339 61 44 15 3 2 15 0 2
0 4 2

fn=(2232) omp_get_thread_num
0 96 72

fn=(2270)
0 44223270 6317753 152 14 157 2 8

fn=(2338)
0 30 14 6 1 4 0 1

fn=(2528) 0x000000000000c060
0 3 1 0 1 1 0 1
cob=(4)
cfi=(91)
cfn=(2530)
calls=1 0 
0 18 3 1 3 2 0 2

fn=(2546)
0 5 1 0 1

fn=(1240)
0 5 1 0 2 0 0 2

fn=(1166)
0 19 4 5 3 1 0 3
cfn=(1172)
calls=1 0 
0 253 45 26 13 2 1 13 0 1
0 23 5 11 1 1 0 1 1

fn=(1254)
0 20 0 8 1 0 0 1
cfn=(1256)
calls=2 0 
0 8 2 0 2 0 0 2
0 16 8 0 2 0 0 2

fn=(2102)
0 4 0 2 1
cob=(4)
cfi=(91)
cfn=(2104) 0x0000000004865b70
calls=1 0 
0 247 51 32 1 1 1 1
0 4 2

fn=(2188)
0 66299454 9471442 39 19 79 0 5

fn=(2226) omp_get_num_threads
0 192 96 0 3 44 0 2

ob=(9)
fl=(108) /usr/include/c++/13/bits/basic_string.tcc
fn=(1620) std::__cxx11::basic_string<char, std::char_traits<char>, std::allocator<char> >::_M_construct<char const*>(char const*, char const*, std::forward_iterator_tag)::_Guard::_Guard(std::__cxx11::basic_string<char, std::char_traits<char>, std::allocator<char> >*)
239 40 16 16 1 0 0 1

fn=(1642) std::__cxx11::basic_string<char, std::char_traits<char>, std::allocator<char> >::_M_construct<char const*>(char const*, char const*, std::forward_iterator_tag)::_Guard::~_Guard()
242 44 16 8

fn=(1596) void std::__cxx11::basic_string<char, std::char_traits<char>, std::allocator<char> >::_M_construct<char const*>(char const*, char const*, std::forward_iterator_tag)
221 40 8 24 1 0 0 1
fi=(120) /usr/include/c++/13/bits/stl_iterator_base_types.h
+19 4
fi=(121) /usr/include/c++/13/bits/stl_iterator_base_funcs.h
-89 16 8 8 1 0 0 1
-45 8 8
+46 4
fe=(108)
+73 4 0 4
+2 12 4
+2 12 2 2
cob=(7)
cfi=(95)
cfn=(1602) std::__cxx11::basic_string<char, std::char_traits<char>, std::allocator<char> >::_M_create(unsigned long&, unsigned long)
calls=2 0 
* 588 112 67 20 2 1 20
cob=(1)
cfi=(99) /usr/src/debug/glibc-2.38-14.fc39.x86_64/elf/../sysdeps/x86_64/dl-trampoline.h
cfn=(1410) _dl_runtime_resolve_xsave
calls=1 71 
* 1144 320 131 3 13 1 0 2
* 6 4 2 1 1 0 1
* 10 2 2 1 0 0 1
cob=(7)
cfi=(95)
cfn=(1612) std::__cxx11::basic_string<char, std::char_traits<char>, std::allocator<char> >::_M_data(char*)
calls=2 0 
* 6 2 2 1 0 0 1
cob=(1)
cfi=(99)
cfn=(1410)
calls=1 71 
* 1116 316 131 1 9 0 0 5
* 6 4 2
+1 10 4 2
cob=(7)
cfi=(95)
cfn=(1618) std::__cxx11::basic_string<char, std::char_traits<char>, std::allocator<char> >::_M_capacity(unsigned long)
calls=2 0 
* 6 2 2
cob=(1)
cfi=(99)
cfn=(1410)
calls=1 71 
* 1156 322 131 5 11 0 0 4
* 6 4 2 1 0 0 1
* 6 2 2
fi=(104) /usr/include/c++/13/bits/basic_string.h
355 2
fe=(108)
245 10 2 2
cfn=(1620)
calls=2 -6 
* 20 8 8
* 10 2 2
cfn=(1620)
calls=2 -6 
* 20 8 8 1 0 0 1
+2 12 4 4 1 0 0 1
cob=(7)
cfi=(95)
cfn=(1626) std::__cxx11::basic_string<char, std::char_traits<char>, std::allocator<char> >::_M_data() const
calls=4 0 
* 12 8
cob=(1)
cfi=(99)
cfn=(1410)
calls=1 71 
* 1125 315 131 5 9 0 0 3
* 8 6 2
* 24 8 4
cob=(7)
cfi=(95)
cfn=(1632) std::__cxx11::basic_string<char, std::char_traits<char>, std::allocator<char> >::_S_copy_chars(char*, char const*, char const*)
calls=4 0 
* 84 16 8 2 1 0 1
cob=(1)
cfi=(99)
cfn=(1410)
calls=1 71 
* 1225 330 131 0 11 0 0 5
* 8 6 2 0 1
+2 4 0 4
+2 20 8 4
cob=(7)
cfi=(95)
cfn=(1640) std::__cxx11::basic_string<char, std::char_traits<char>, std::allocator<char> >::_M_set_length(unsigned long)
calls=4 0 
* 20 8 8
cob=(1)
cfi=(99)
cfn=(1410)
calls=1 71 
* 1192 327 131 1 11 0 0 4
* 8 6 2
+1 12 0 4 1 0 0 1
cfn=(1642)
calls=4 -10 
* 44 16 8
* 8 8

fl=(104)
fn=(1702) std::__cxx11::basic_string<char, std::char_traits<char>, std::allocator<char> >::basic_string<std::allocator<char> >(unsigned long, char, std::allocator<char> const&)
664 9 0 6 1 0 0 1
+1 4 2 1
cob=(7)
cfi=(95)
cfn=(1578) std::__cxx11::basic_string<char, std::char_traits<char>, std::allocator<char> >::_M_local_data()
calls=1 0 
* 3 1
* 1 1
* 6 1 1 1 0 0 1
cob=(7)
cfi=(95)
cfn=(1584) std::__cxx11::basic_string<char, std::char_traits<char>, std::allocator<char> >::_Alloc_hider::_Alloc_hider(char*, std::allocator<char> const&)
calls=1 0 
* 3 1 1
* 1 1
+1 6 3 1
cob=(7)
cfi=(95)
cfn=(1708) std::__cxx11::basic_string<char, std::char_traits<char>, std::allocator<char> >::_M_construct(unsigned long, char)
calls=1 0 
* 46 8 9 4 1 0 4
cob=(1)
cfi=(99)
cfn=(1410)
calls=1 71 
* 1111 318 131 0 8
* 5 3 2
* 4 3 0 1 0 0 1

fn=(1698) std::__cxx11::to_string(int)
4166 5 0 3
+1 3 1 1
+1 4 2 1 1 0 0 1
+1 4 1 1
cfi=(111) /usr/include/c++/13/bits/charconv.h
cfn=(1700) unsigned int std::__detail::__to_chars_len<unsigned int>(unsigned int, int)
calls=1 55 
* 27 12 7 3 0 0 3
* 3 0 2
fi=(110) /usr/include/c++/13/bits/new_allocator.h
88 1
fi=(109) /usr/include/c++/13/bits/allocator.h
+75 1
fe=(104)
4170 10 3 1 1 0 0 1
cfn=(1702)
calls=1 664 
* 1199 342 152 7 9 0 7
fi=(109)
184 3 0 1
cfi=(110)
cfn=(1646) std::__new_allocator<char>::~__new_allocator()
calls=1 -80 
* 6 2 2
* 1
fe=(104)
4171 5 2 1
cob=(7)
cfi=(95)
cfn=(1718) std::__cxx11::basic_string<char, std::char_traits<char>, std::allocator<char> >::operator[](unsigned long)
calls=1 0 
* 6 3 0 1 0 0 1
cob=(1)
cfi=(99)
cfn=(1410)
calls=1 71 
* 1082 307 131 0 9 0 0 4
* 5 3 2 0 1
* 6 2 1 1 0 0 1
cfi=(111)
cfn=(1720) void std::__detail::__to_chars_10_impl<unsigned int>(char*, unsigned int, unsigned int)
calls=1 81 
* 84 12 34 8 0 0 8
+1 1
+1 3 3

fn=(1572) std::__cxx11::basic_string<char, std::char_traits<char>, std::allocator<char> >::basic_string<std::allocator<char> >(char const*, std::allocator<char> const&)
641 14 0 10 2 0 0 2
+1 8 4 2
cob=(7)
cfi=(95)
cfn=(1578)
calls=2 0 
* 6 2 0 1 0 0 1
cob=(1)
cfi=(99)
cfn=(1410)
calls=1 71 
* 1165 331 137 2 20 2 0 3
* 6 4 2 1 1 0 1
* 12 2 2
cob=(7)
cfi=(95)
cfn=(1584)
calls=2 0 
* 6 2 2 1 0 1 1
cob=(1)
cfi=(99)
cfn=(1410)
calls=1 71 
* 1212 329 131 1 14 0 0 6
* 6 4 2 1 0 0 1
+3 4 2
+3 6 2 2 1 0 0 1
cfi=(105) /usr/include/c++/13/bits/char_traits.h
cfn=(1586) std::char_traits<char>::length(char const*)
calls=2 403 
* 962 319 154 7 13 0 5 1
* 6 2 2
+1 12 6 2
cfi=(108)
cfn=(1596)
calls=2 221 
* 7820 2140 925 46 69 2 30 23
+1 8 6 0 1 0 0 1

fl=(103) /home/kchou/HDD/Documents/DiT/7ο Εξάμηνο/Ανάπτυξη Λογισμικού για Πληροφοριακά Συστήματα (Project)/Project/src/../include/cppdescent/ADTVector.hpp
fn=(1538) vectorNode::setValue(void*)
46 7900700 3160280 3160280 0 0 49574 0 0 5247

fn=(1534) vectorNode::getValue() const
40 5263334944 3007619968 1503809984 3 38365841 92808 1 3414

fl=(115) /home/kchou/HDD/Documents/DiT/7ο Εξάμηνο/Ανάπτυξη Λογισμικού για Πληροφοριακά Συστήματα (Project)/Project/src/../include/cppdescent/ADTPQueue.hpp
fn=(2238) PQueue::toVector()
102 7368228 4210416 2105208 1 457798

fl=(114) /home/kchou/HDD/Documents/DiT/7ο Εξάμηνο/Ανάπτυξη Λογισμικού για Πληροφοριακά Συστήματα (Project)/Project/src/../include/cppdescent/ADTGraph.hpp
fn=(1942) GraphVertex::getNeighbors()
83 12472747 7127284 3563642 2 28001 1

fn=(1982) Neighbor::getPair()
110 696562132 398035504 199017752 0 32190959

fn=(2374) GraphVertex::removeReverse(void*, int (*)(void*, void*))
80 84228 0 56152
+1 98266 56152 14038 0 14029
cfi=(113) /home/kchou/HDD/Documents/DiT/7ο Εξάμηνο/Ανάπτυξη Λογισμικού για Πληροφοριακά Συστήματα (Project)/Project/src/ADTPQueue.cpp
cfn=(2366) PQueue::remove(void*, int (*)(void*, void*))
calls=14038 +64 
* 1042606131 461588792 228747015 1 5939153 3984
+1 42114 28076 0 0 5525

fn=(2472) Graph::getDestroyData()
60 2800 1600 800 2 1

fn=(1984) GraphVertexPair::getVertex2()
96 697996558 398855176 199427588 2 740473 0 1

fn=(1908) GraphVertex::getOwner()
86 84196245 48112140 24056070 2 10380731 0 1

fn=(2462) GraphVertexPair::getOwner()
97 3707200 2118400 1059200 0 17475

fn=(1938) GraphVertexPair::GraphVertexPair(Graph*, void*, void*)
93 6903330 0 5752775
+1 13806660 9204440 3451665 0 0 72186

fn=(2256) Neighbor::getFlag()
109 280000 160000 80000 0 36252

fn=(2364) GraphVertex::removeNeighbor(void*, int (*)(void*, void*))
77 84228 0 56152 1
+1 98266 56152 14038 0 3787
cfi=(113)
cfn=(2366)
calls=14038 +67 
* 2163372376 960935765 472426824 29 9860523 73802 10
+1 42114 28076 0 0 14022

fn=(1940) Neighbor::Neighbor(GraphVertexPair*)
107 13329060 5553775 5553775 2 0 0 1

fn=(1976) GraphVertex::addReverse(void*)
76 374418 102114 136152 2 581 0 1
cfi=(113)
cfn=(1972) PQueue::insert(void*)
calls=34038 +36 
* 1139881882 506027908 248752508 8 4477839 58174 2 0 6252
* 102114 68076 0 0 385

fn=(2258) Neighbor::setFalse()
108 140144 52554 52554 1

fn=(1970) GraphVertex::addNeighbor(void*)
75 374418 102114 136152 3 0 0 1
cfi=(113)
cfn=(1972)
calls=34038 +37 
* 929020226 412472304 202734828 24 4712868 56510 8 0 5739
* 102114 68076 0 0 259

fn=(2448) Graph::getVec()
61 7 4 2

fn=(1910) Graph::getCompareData()
57 87900645 50228940 25114470 3 0 0 2

fn=(1912) GraphVertex::getData()
85 223297970 127598840 63799420 3 4985673 0 1

fn=(1986) GraphVertexPair::getVertex1()
95 695263996 397293712 198646856 0 31386706

fn=(2242) GraphVertex::getReverse()
84 2800 1600 800 1 0 0 1

fl=(112) /home/kchou/HDD/Documents/DiT/7ο Εξάμηνο/Ανάπτυξη Λογισμικού για Πληροφοριακά Συστήματα (Project)/Project/src/ADTGraph.cpp
fn=(1876) Graph::Graph(int (*)(void*, void*), void (*)(void*), void (*)(void*))
113 20 0 16 4 0 0 2
+3 4 2 2
+1 6 4 2
+1 6 4 2
+1 6 4 2 2 0 0 1
+1 4 0 2
cob=(7)
cfi=(95)
cfn=(1522) operator new(unsigned long)
calls=2 0 
* 118 30 18 0 2
* 2 2
* 12 0 2
cfi=(102) /home/kchou/HDD/Documents/DiT/7ο Εξάμηνο/Ανάπτυξη Λογισμικού για Πληροφοριακά Συστήματα (Project)/Project/src/ADTVector.cpp
cfn=(1524) Vector::Vector(int, void (*)(void*))
calls=2 14 
* 765 135 84 35 5 3 2
* 4 2 2
+2 4 2 2
+1 14 10 0 2 0 0 1

fn=(2354) Graph::isNeighborVertex(void*, void*)
322 7358428 0 5256020 1
+1 2102408 1051204 1051204
+1 2102408 1051204 1051204
+2 1051204 0 1051204
+2 2102408 0 1051204 1 0 0 1
cob=(7)
cfi=(95)
cfn=(1522)
calls=1051204 0 
* 62021036 15768060 9460836 0 57529 2
* 1051204 1051204 0 0 1030
* 7358428 3153612 1051204
cfi=(114)
cfn=(1938)
calls=1051204 93 
* 18921672 8409632 8409632 0 0 61811
* 1051204 0 1051204
+1 2102408 0 1051204
cob=(7)
cfi=(95)
cfn=(1522)
calls=1051204 0 
* 62021036 15768060 9460836 0 192
* 1051204 1051204
* 5256020 1051204 1051204
cfi=(114)
cfn=(1940)
calls=1051204 107 
* 12614448 5256020 5256020
* 1051204 0 1051204 1 0 0 1
+2 3153612 1051204 1051204
cfi=(114)
cfn=(1942)
calls=1051204 83 
* 7358428 4204816 2102408 0 14892
* 2102408 0 1051204
cfi=(115)
cfn=(2238)
calls=1051204 102 
* 7358428 4204816 2102408 0 456644
* 6307224 1051204 1051204
cfi=(102)
cfn=(2356) Vector::binaryFind(void*, int (*)(void*, void*))
calls=1051204 95 
* 5410291995 2154879787 1387537211 11 65560070 50 5
+1 2102408
-1 2102408
+2 367100 0 367100
+2 6307224 1051204 1051204 1 0 0 1
cob=(7)
cfi=(95)
cfn=(1952) operator delete(void*, unsigned long)
calls=1051204 0 
* 97761972 28382508 14716856 0 316663
* 1051204 1051204 0 0 4
+1 6307224 1051204 1051204
cob=(7)
cfi=(95)
cfn=(1952)
calls=1051204 0 
* 97761972 28382508 14716856 0 6604
* 1051204 1051204
+2 1051204 1051204
+1 3153612 3153612

fn=(1896) Graph::insertVertex(void*)
134 3200 0 2400 2 0 0 1
+1 800 0 400
cob=(7)
cfi=(95)
cfn=(1522)
calls=400 0 
* 84717 16068 8545 4 1869 340 0 0 255
* 400 400 0 0 156
* 2800 800 400
cfn=(1898) GraphVertex::GraphVertex(void*, Graph*)
calls=400 350 
* 617777 126248 79336 76 709 2293 15 0 1698
* 400 0 400
+2 3200 2000 400 2 0 0 1
cfi=(102)
cfn=(1902) Vector::find(void*, int (*)(void*, void*))
calls=400 -50 
* 8643400 3385400 2151600 25 91647 0 14
* 1600
+1 2400 1200 400 0 84
cfi=(102)
cfn=(1904) Vector::insertLast(void*)
calls=400 38 
* 22187 8641 4456 61 75 132 21 0 111
+1 2000 1200 400 2 0 0 1
+2 3200 2000 0 0 86

fn=(1936) Graph::isNeighbor(void*, void*)
296 103275 0 80325 2 0 660 2
+1 22950 0 11475
cob=(7)
cfi=(95)
cfn=(1522)
calls=11475 0 
* 677176 172149 103286 0 4391
* 11475 11475 0 0 1
* 80325 22950 11475
cfn=(1898)
calls=11475 +53 
* 8538164 2249208 1514756 0 34797 15691 0 0 5
* 11475 0 11475
+1 22950 0 11475
cob=(7)
cfi=(95)
cfn=(1522)
calls=11475 0 
* 677176 172149 103286 0 0 1 0 0 1
* 11475 11475
* 80325 22950 11475 1 0 0 1
cfn=(1898)
calls=11475 +52 
* 9445601 2489522 1586073 0 1 14344 0 0 8
* 11475 0 11475
+3 91800 57375 11475 0 6044
cfi=(102)
cfn=(1902)
calls=11475 87 
* 364065507 141279435 83929284 0 4593546
* 11475 0 11475 0 0 6148
+2 91800 57375 11475 1 6086 0 1
cfi=(102)
cfn=(1902)
calls=11475 87 
* 363908833 141218065 83890296 0 3906335
* 11475 0 11475 0 0 6087
+2 11475 0 11475 0 0 6163
+2 22950 0 11475
cob=(7)
cfi=(95)
cfn=(1522)
calls=11475 0 
* 2321070 450715 248372 6 118516 5685 5 0 3312
* 11475 11475 0 0 9763
* 80325 34425 11475 1 2 0 1
cfi=(114)
cfn=(1938)
calls=11475 93 
* 206550 91800 91800 0 0 277
* 11475 0 11475
+1 22950 0 11475
cob=(7)
cfi=(95)
cfn=(1522)
calls=11475 0 
* 2315213 446614 245489 7 6825 4564 7 0 3306
* 11475 11475 0 0 1
* 57375 11475 11475 0 2
cfi=(114)
cfn=(1940)
calls=11475 107 
* 137700 57375 57375 1 0 0 1
* 11475 0 11475
+2 34425 11475 11475 0 2
cfi=(114)
cfn=(1942)
calls=11475 83 
* 80325 45900 22950 0 3075
* 68850 11475 11475 1 0 0 1
cfi=(113)
cfn=(1944) PQueue::find(void*, int (*)(void*, void*))
calls=11475 169 
* 4593890101 2042501778 1001986819 18 18242004 26 18 5
* 45900
+2 1475 0 1475 0 0 1179
+2 68850 11475 11475 0 10032
cob=(7)
cfi=(95)
cfn=(1952)
calls=11475 0 
* 1067175 309825 160650 6 111059 0 1
cob=(1)
cfi=(99)
cfn=(1410)
calls=1 71 
* 742 251 131 4 49 15
* 11479 11477 2 0 10026
+1 68850 11475 11475 1 0 0 1
cob=(7)
cfi=(95)
cfn=(1952)
calls=11475 0 
* 1067175 309825 160650 0 472
* 11475 11475
+1 57375 11475 11475 0 8841
cfn=(1954) GraphVertex::~GraphVertex()
calls=11475 +40 
* 8756139 2719878 1457475 8 129814 10079 5
* 34425 0 11475
cob=(7)
cfi=(95)
cfn=(1952)
calls=11475 0 
* 1073041 310945 160370 0 1809
* 11475 11475
+1 57375 11475 11475
cfn=(1954)
calls=11475 +39 
* 9428499 2852151 1424181 1 59130 0 1
* 34425 0 11475
cob=(7)
cfi=(95)
cfn=(1952)
calls=11475 0 
* 1088041 313801 159656 0 2264
* 11475 11475
+2 22950 11475 0 1 0 0 1
+1 68850 57375 0 1 11430 0 1

fn=(1954)
356 597510 0 358506
+1 717012 239004 119502 0 87256
cfi=(113)
cfn=(1956) PQueue::~PQueue()
calls=119502 86 
* 34359522 10887323 5723559 29 913932 46882 6
* 358506 0 119502 3 0 0 1
cob=(7)
cfi=(95)
cfn=(1952)
calls=119502 0 
* 11721840 3341193 1648005 1 17411 0 1
* 119502 119502
+1 717012 239004 119502 0 25711
cfi=(113)
cfn=(1956)
calls=119502 86 
* 35059833 11001277 5698417 1 325101 5
* 358506 0 119502
cob=(7)
cfi=(95)
cfn=(1952)
calls=119502 0 
* 12659959 3506414 1612761 0 13167
* 119502 119502
+1 478008 358506

fn=(2004) Graph::getVerticesV()
163 9 0 6 2 0 0 1
+1 6 6 0 0 3
+1 6 6

fn=(2006) Graph::getSize()
125 3 0 2
+1 2 2
+1 2 2

fn=(1998) comparePointersOfNeighbors(void*, void*)
23 291310944 0 194207296 1 0 0 1
+1 145655472 48551824 48551824 0 0 48
cfi=(114)
cfn=(1982)
calls=48551824 +86 
* 339862768 194207296 97103648 0 30603407
* 48551824 0 48551824
+1 145655472 48551824 48551824
cfi=(114)
cfn=(1982)
calls=48551824 +85 
* 339862768 194207296 97103648 0 1040880
* 48551824 0 48551824
+2 145655472 48551824 48551824 2 0 0 1
cfi=(114)
cfn=(1986)
calls=48551824 +68 
* 339862768 194207296 97103648 0 30320047
* 194207296 48551824 48551824
cfi=(114)
cfn=(1986)
calls=48551824 +68 
* 339862768 194207296 97103648 0 1044101
* 97103648
+1 145176303 48392101 48392101
cfi=(114)
cfn=(1984)
calls=48392101 +68 
* 338744707 193568404 96784202
* 193568404 48392101 48392101
cfi=(114)
cfn=(1984)
calls=48392101 +68 
* 338744707 193568404 96784202
-1 290596322 0 0 3 0 0 1
+2 96313296
+2 395176
+1 145655472 145655472

fn=(2234) Graph::getGeneralNeighborsV(void*)
272 3200 0 2400 1 0 21 1 0 10
+1 2000 800 400
cfn=(2236) Graph::getAdjacentV(void*)
calls=400 -28 
* 12000 5200 4400 5 698 22 2 0 10
* 400 0 400
+1 2000 800 400 2 0 0 1
cfn=(2240) Graph::getReverseAdjacentV(void*)
calls=400 -21 
* 12000 5200 4400 2 399 0 2
* 400 0 400
+2 800 0 400
cob=(7)
cfi=(95)
cfn=(1522)
calls=400 0 
* 39488 7178 6759 58 213 538 30 45 538
* 400 400 0 1 1
* 2400 0 400
cfi=(102)
cfn=(1524)
calls=400 14 
* 146562 31451 18690 13 777 96 1 636 43
* 400 0 400
+2 800 0 400 1 0 0 1
+1 100000 40000 20000
cfi=(102)
cfn=(1894) Vector::getAt(int)
calls=20000 69 
* 580000 260000 120000 0 2798
* 20000 0 20000
+1 100000 40000 20000
cfi=(102)
cfn=(1904)
calls=20000 38 
* 1353483 481184 250011 42 419 1227 7 180 1062
-2 80000 20000 40000
cfi=(102)
cfn=(1570) Vector::getSize()
calls=20000 34 
* 140000 80000 40000
* 1200 400 400
cfi=(102)
cfn=(1570)
calls=400 34 
* 2800 1600 800 0 194
* 81600 20400 0 1 0 0 1
+4 800 0 400
+1 100000 40000 20000
cfi=(102)
cfn=(1894)
calls=20000 69 
* 580000 260000 120000 0 2838
* 20000 0 20000
+1 100000 40000 20000
cfi=(102)
cfn=(1904)
calls=20000 38 
* 2527308 771922 447152 7 3611 1979 3 132 1752
-2 80000 20000 40000 0 0 2
cfi=(102)
cfn=(1570)
calls=20000 34 
* 140000 80000 40000 0 2
* 1200 400 400 2 0 0 1
cfi=(102)
cfn=(1570)
calls=400 34 
* 2800 1600 800 0 203
* 81600 20400
+5 800 400
+1 2400 2000 0 2

fn=(2468) Graph::~Graph()
341 10 0 6 1
+1 12 4 2 0 1
cfi=(102)
cfn=(1960) Vector::~Vector()
calls=2 21 
* 2341722 948338 517404 19 9384 13 3
* 6 0 2
cob=(7)
cfi=(95)
cfn=(1952)
calls=2 0 
* 246 64 26 0 2
* 2 2
+1 8 6

fn=(1898)
350 1075518 0 836514 5 0 0 2
+1 956016 597510 358506 0 0 34884
+1 239004 0 119502
cob=(7)
cfi=(95)
cfn=(1522)
calls=119502 0 
* 7161558 1811587 1084855 4 17216 6539 0 0 263
* 119502 119502
* 836514 0 119502 4 0 0 1
cfi=(113)
cfn=(1900) PQueue::PQueue(int (*)(void*, void*), void (*)(void*), Vector*)
calls=119502 71 
* 37051753 9486938 6021221 58 313490 102246 5 0 780
* 239004 119502 119502
+1 239004 0 119502
cob=(7)
cfi=(95)
cfn=(1522)
calls=119502 0 
* 7204874 1819394 1088718 4 19883 386 0 0 348
* 119502 119502
* 836514 0 119502 4 0 0 1
cfi=(113)
cfn=(1900)
calls=119502 71 
* 44307290 11290812 6697598 10 54514 61691 9 0 867
* 239004 119502 119502
+1 836514 597510 0 2 0 0 1

fn=(1980) compareNeighbors(void*, void*)
55 3463332 0 2308888 3 0 0 1
+1 1731666 577222 577222
cfi=(114)
cfn=(1982)
calls=577222 +54 
* 4040554 2308888 1154444 0 179748
* 577222 0 577222
+1 1731666 577222 577222
cfi=(114)
cfn=(1982)
calls=577222 +53 
* 4040554 2308888 1154444 0 330492
* 577222 0 577222
+4 1731666 577222 577222
cfi=(114)
cfn=(1984)
calls=577222 +35 
* 4040554 2308888 1154444 1 178209 0 1
-2 1154444 0 577222
cfi=(114)
cfn=(1912)
calls=577222 +26 
* 4040554 2308888 1154444 0 104125
* 577222
+1 1731666 577222 577222 4 0 0 1
cfi=(114)
cfn=(1986)
calls=577222 +35 
* 4040554 2308888 1154444
-1 1154444 0 577222
cfi=(114)
cfn=(1912)
calls=577222 +26 
* 4040554 2308888 1154444 0 93382
* 1731666 0 577222
cfi=(101)
cfn=(1988) cppdescent::euclideanDistance(void*, void*)
calls=577222 667 
* 4824422332 2147843343 1048235294 7 17840904 132950 7 5
* 1154444 0 577222
+5 1731666 577222 577222
cfi=(114)
cfn=(1984)
calls=577222 +32 
* 4040554 2308888 1154444 0 315094
-2 1154444 0 577222
cfi=(114)
cfn=(1912)
calls=577222 +23 
* 4040554 2308888 1154444 0 312910
* 577222
+1 1731666 577222 577222 4 0 0 1
cfi=(114)
cfn=(1986)
calls=577222 +32 
* 4040554 2308888 1154444
-1 1154444 0 577222
cfi=(114)
cfn=(1912)
calls=577222 +23 
* 4040554 2308888 1154444 0 29673
* 1731666 0 577222
cfi=(101)
cfn=(1988)
calls=577222 667 
* 4824421476 2147843062 1048235152 0 23017394
* 1154444 0 577222
+4 1731666 1154444 577222
+2 1731666 577222
+1 661128
+1 986632 246658 0 2 0 0 1
+1 490362
+2 1477
+1 1731666 1731666

fn=(2368) destroyNeighbor(void*)
346 204228 0 136152
+2 204228 136152

fn=(1968) Graph::insertEdge(void*, void*)
192 306342 0 238266 7 0 0 2
+1 68076 0 34038
cob=(7)
cfi=(95)
cfn=(1522)
calls=34038 0 
* 2008242 510570 306342 0 48311
* 34038 34038
* 238266 68076 34038
cfn=(1898)
calls=34038 350 
* 26914251 6929889 4598012 0 197209 58685 0 0 183
* 34038 0 34038
+1 68076 0 34038
cob=(7)
cfi=(95)
cfn=(1522)
calls=34038 0 
* 2008407 510597 306355 0 8069 1 0 0 1
* 34038 34038
* 238266 68076 34038 4 0 0 1
cfn=(1898)
calls=34038 350 
* 31976811 8171525 5104612 4 40741 45574 4 0 364
* 34038 0 34038
+3 272304 170190 34038 0 32719
cfi=(102)
cfn=(1902)
calls=34038 87 
* 1080810040 419422912 249179220 0 14360928
* 34038 0 34038 0 0 15226
+2 272304 170190 34038 4 10800 0 1
cfi=(102)
cfn=(1902)
calls=34038 87 
* 1081015973 419503577 249230466 0 11555743
* 34038 0 34038 0 0 18389
+2 136152 68076 0 0 7593
+3 34038 0 34038
+2 68076 0 34038 4 0 0 1
cob=(7)
cfi=(95)
cfn=(1522)
calls=34038 0 
* 2204184 548420 326030 0 211565 1117 0 0 149
* 34038 34038 0 0 28876
* 238266 102114 34038
cfi=(114)
cfn=(1938)
calls=34038 93 
* 612684 272304 272304 0 0 7422
* 34038 0 34038
+1 68076 0 34038
cob=(7)
cfi=(95)
cfn=(1522)
calls=34038 0 
* 4044322 867171 505690 5 74389 13290 0 0 2717
* 34038 34038
* 170190 34038 34038
cfi=(114)
cfn=(1940)
calls=34038 107 
* 408456 170190 170190 1
* 34038 0 34038
+2 102114 34038 34038 4 0 0 1
cfi=(114)
cfn=(1942)
calls=34038 83 
* 238266 136152 68076 0 9175
* 204228 34038 34038
cfi=(113)
cfn=(1944)
calls=34038 -40 
* 196818536 77037562 51090560 8 1926264 0 3
+1 102114 0 0 4 0 0 1
-1 68076
+6 102114 34038
+1 170190 68076 34038
cfi=(114)
cfn=(1970)
calls=34038 75 
* 929496758 412642494 202870980 27 4713127 56510 9 0 5739
+1 170190 68076 34038 4 452 0 1
cfi=(114)
cfn=(1976)
calls=34038 76 
* 1140358414 506198098 248888660 10 4478805 58174 3 0 6252
+3 170190 34038 34038 0 3228
cfn=(1954)
calls=34038 356 
* 26388192 8116769 4322489 5 639872 22778
* 102114 0 34038
cob=(7)
cfi=(95)
cfn=(1952)
calls=34038 0 
* 3167544 919361 476465 0 8740
* 34038 34038
+1 170190 34038 34038
cfn=(1954)
calls=34038 356 
* 27286838 8278542 4288134 0 214119 1
* 102114 0 34038 4 0 0 1
cob=(7)
cfi=(95)
cfn=(1952)
calls=34038 0 
* 3168594 919536 476430 0 6006
* 34038 34038
+1 272304 170190 0 2 33123 0 1

fn=(2236)
245 4000 0 2400 3 0 0 2
+1 1600 800 800
+2 2400 800 800 0 0 21 0 0 10
cfi=(114)
cfn=(1942)
calls=800 83 
* 5600 3200 1600 2 746 1
* 800 0 800
+2 2400 800 800
cfi=(115)
cfn=(2238)
calls=800 102 
* 5600 3200 1600 1 603
+1 1600 1600

fn=(1906) compareVertices(void*, void*)
48 84193445 0 60138175 2 0 0 1
+1 24055270 12027635 12027635
+1 24055270 12027635 12027635
+2 36082905 12027635 12027635
cfi=(114)
cfn=(1908)
calls=12027635 +34 
* 84193445 48110540 24055270 2 10380333 0 1
* 24055270 0 12027635 2 0 0 1
cfi=(114)
cfn=(1910)
calls=12027635 +5 
* 84193445 48110540 24055270 3 0 0 2
* 48110540 12027635 12027635
cfi=(114)
cfn=(1912)
calls=12027635 +33 
* 84193445 48110540 24055270 2 27651 0 1
* 48110540 12027635 12027635
cfi=(114)
cfn=(1912)
calls=12027635 +33 
* 84193445 48110540 24055270 0 2541801
* 36082905 0 12027635
cfi=(101)
cfn=(1914) cppdescent::compareVertices(void*, void*)
calls=12027635 256 
* 2706976751 1025626408 572951379 13 30539018 0 5
+1 60138175 48110540

fn=(2470) destroyVertex(GraphVertex*)
103 2000 0 1200 1 0 0 1
+1 1200 400 400
cfi=(114)
cfn=(1908)
calls=400 -18 
* 2800 1600 800 0 398
* 800 0 400
cfi=(114)
cfn=(2472)
calls=400 -44 
* 2800 1600 800 2 1
* 400 0 400
+1 800 400 0 1
+3 2000 400 400
cfn=(1954)
calls=400 356 
* 2260100 922216 503726 12 8821 11 2
* 1200 0 400
cob=(7)
cfi=(95)
cfn=(1952)
calls=400 0 
* 49198 12800 5200 0 104
* 400 400
+1 1600 1200

fn=(2240)
253 2000 0 1200 1 0 0 1
+1 800 400 400
+2 1200 400 400
cfi=(114)
cfn=(2242)
calls=400 84 
* 2800 1600 800 1 0 0 1
* 400 0 400
+2 1200 400 400
cfi=(115)
cfn=(2238)
calls=400 102 
* 2800 1600 800 0 399
+1 800 800

fn=(2362) Graph::removeEdge(void*, void*)
224 126342 0 98266 1
+1 28076 0 14038 2 0 0 1
cob=(7)
cfi=(95)
cfn=(1522)
calls=14038 0 
* 828242 210570 126342 0 6401
* 14038 14038
* 98266 28076 14038
cfn=(1898)
calls=14038 350 
* 11314859 2891866 1909202 10 98129 48517
* 14038 0 14038
+1 28076 0 14038
cob=(7)
cfi=(95)
cfn=(1522)
calls=14038 0 
* 828242 210570 126342 0 6685
* 14038 14038
* 98266 28076 14038 2 0 0 1
cfn=(1898)
calls=14038 350 
* 12654108 3223501 2012433 1 33517 20642
* 14038 0 14038
+3 112304 70190 14038 0 13737
cfi=(102)
cfn=(1902)
calls=14038 87 
* 446040040 173092912 102839220 11 5793951
* 14038 0 14038 0 0 7529
+2 112304 70190 14038 2 0 0 1
cfi=(102)
cfn=(1902)
calls=14038 87 
* 448202662 173940022 103377384 0 4581681
* 14038 0 14038 0 0 7646
+2 28076 0 14038
cob=(7)
cfi=(95)
cfn=(1522)
calls=14038 0 
* 3123774 590071 312012 3 139212 18156 0 0 6116
* 14038 14038 0 0 11941
* 98266 42114 14038
cfi=(114)
cfn=(1938)
calls=14038 93 
* 252684 112304 112304 0 0 36
* 14038 0 14038
+1 28076 0 14038 1 0 0 1
cob=(7)
cfi=(95)
cfn=(1522)
calls=14038 0 
* 3120065 589788 311632 1 606 7290 0 0 6956
* 14038 14038
* 70190 14038 14038
cfi=(114)
cfn=(1940)
calls=14038 107 
* 168456 70190 70190
* 14038 0 14038
+2 84228 28076 14038
cfi=(114)
cfn=(2364)
calls=14038 77 
* 2163596984 961019993 472497014 30 9878332 73802 10
+1 84228 28076 14038 1 14016 0 1
cfi=(114)
cfn=(2374)
calls=14038 80 
* 1042830739 461673020 228817205 1 5958707 3984
+2 84228 14038 14038 0 5590
cob=(7)
cfi=(95)
cfn=(1952)
calls=14038 0 
* 1305534 379026 196532 0 149897
* 14038 14038 0 0 14036
+1 84228 14038 14038
cob=(7)
cfi=(95)
cfn=(1952)
calls=14038 0 
* 1305534 379026 196532 0 2326
* 14038 14038
+1 70190 14038 14038 2 0 0 1
cfn=(1954)
calls=14038 356 
* 10955536 3357832 1782276 8 205543 14018
* 42114 0 14038
cob=(7)
cfi=(95)
cfn=(1952)
calls=14038 0 
* 1310036 379791 196379 0 2044
* 14038 14038
+1 70190 14038 14038
cfn=(1954)
calls=14038 356 
* 12191408 3564337 1740975 0 125279
* 42114 0 14038
cob=(7)
cfi=(95)
cfn=(1952)
calls=14038 0 
* 1312972 380271 196283 0 4626
* 14038 14038
+1 112304 70190 0 0 14038

fl=(110)
fn=(1646)
104 18 6 6

fl=(97)
fn=(2488) 0x00000000004023f0
0 6 1 2 2 1
cfn=(2492) 0x0000000000402380
calls=1 0 
0 4 1 0 1
0 3 2 1

fn=(2492)
0 4 1 0 1

fn=(1384)
0 9 1 0 2 0 0 2

ob=(1)
fl=(11) /usr/src/debug/glibc-2.38-14.fc39.x86_64/elf/dl-tunables.c
fn=(58) __GI___tunable_set_val
151 5
+1 30
+2 5
cfn=(60) do_tunable_update_val
calls=5 -61 
* 180 35 20 4 0 0 4

fn=(22) __GI___tunables_init
274 10 0 6 2 0 0 2
-9 3 1
+32 5 0 1
65 315 63 0 1 0 0 1
+6 62 62 0 0 18 0 0 18
-3 62
+3 6378 858 0 1 14 0 1 14
+4 124
+5 124
fi=(12) /usr/src/debug/glibc-2.38-14.fc39.x86_64/elf/dl-tunables.h
+48 62
fe=(11)
-48 186
fi=(12)
+49 12
-1 98 74 0 1 1 0 1 1
+1 136
fe=(11)
313 248 62
-18 9672
+6 13330 4836 0 1 42 0 1 42
fi=(12)
128 1860 620
+1 1240
-1 53 53
+1 212
-1 265 53
fe=(11)
347 8 7 0 1 0 0 1
68 124 0 0 1 0 0 1

fn=(60)
93 5 0 0 1 0 0 1
+3 15 5
fi=(22) /usr/src/debug/glibc-2.38-14.fc39.x86_64/elf/./dl-tunable-types.h
-9 5
fe=(11)
+18 5 5
+1 5 5
fi=(22)
-19 5
fe=(11)
+19 15 5 0 1 0 0 1
+1 25 10
fi=(12)
+2 10
fe=(11)
+19 5 0 5
+1 5 0 5
+1 5 0 5
+1 5 0 5
+1 5 5
fi=(12)
-22 15 0 0 1 0 0 1
fe=(11)
+3 30 0 0 1 0 0 1
+11 10
+1 10

fn=(28) __tunable_get_val
395 38 0 0 2 0 0 1
+3 266 38 0 0 27 0 0 17
+9 38 38 0 0 9
-9 146
+19 26 0 26 2
+7 228 38 0 0 3
+2 38 38
-19 12 0 12 2 0 0 1
+1 12

fl=(43) /usr/src/debug/glibc-2.38-14.fc39.x86_64/string/../sysdeps/x86_64/multiarch/../multiarch/strchr-sse2.S
fn=(126) index
32 30 0 0 1 0 0 1
+1 30
+1 30
+1 30
+1 30 0 0 1 0 0 1
+1 30
+1 30
+1 30
+1 30
+1 30 30 0 0 6 0 0 6
+1 30
+1 30
+1 30
+1 30
+1 30
+1 30
+1 30
+1 30
+1 26
+4 26
+1 26 0 0 1 0 0 1
+1 26 26
+1 26
+2 26 26
+4 4 4
+1 4
+1 4
+1 4
+1 4
+1 4
+1 4 4
+1 4
+1 4
+1 4
+1 4
+1 4 0 0 1 0 0 1
+1 4
+1 4 4 0 0 1 0 0 1
+1 4
+1 4
+1 4
+1 4
+1 4
+1 4
+1 4
+1 4
+1 4
+1 4
+52 4 0 0 1 0 0 1
+4 4
+1 4
+1 4 4
+1 4
+2 4 4

fl=(47) /usr/src/debug/glibc-2.38-14.fc39.x86_64/elf/../elf/dl-tls.c
fn=(426) _dl_allocate_tls_init
522 132 0 96 2 0 0 1
+1 24
+4 12 12 0 0 1
+6 12
-6 12 0 12
+6 12 12 12 0 1
cob=(2)
cfi=(81)
cfn=(2158)
calls=11 0 
* 484 121 66 7 2 0 7 1
cfi=(26) /usr/src/debug/glibc-2.38-14.fc39.x86_64/elf/../sysdeps/nptl/dl-tls_init_tp.c
cfn=(94) rtld_mutex_dummy
calls=1 42 
* 3 1
+3 36 24 0 2 1 0 1
+12 12 12
-18 12
-1 12
+43 36
-19 156 12 12 2 2 0 1
+9 108 36 0 0 2
+1 72
+6 108 72 0 0 1
+3 36 36 0 0 5
-2 36 0 0 2 0 0 1
+2 36 36 0 0 2
-2 36
+2 144 36
+4 36 36 0 0 4
-4 36 0 36 0 0 1 0 0 1
+4 36
-1 72
+4 72
+1 144 72 0 2 2 0 1
+2 72
+1 72 36
+17 36 36 0 0 1
-8 36 0 36
+8 36
+2 144 36 72
cfi=(31) /usr/src/debug/glibc-2.38-14.fc39.x86_64/string/../sysdeps/x86_64/multiarch/memmove-vec-unaligned-erms.S
cfn=(138) mempcpy
calls=36 197 
* 468 60 24 3 2 12 0 0 12
* 180 36 36
cfi=(45) /usr/src/debug/glibc-2.38-14.fc39.x86_64/string/../sysdeps/x86_64/multiarch/../multiarch/memset-vec-unaligned-erms.S
cfn=(142) memset
calls=36 132 
* 876 36 264 5 0 48 0 0 48
+6 36 36
-55 144 36
+6 108 0 0 2 0 0 1
+55 24 12 12
cob=(2)
cfi=(81)
cfn=(2160)
calls=11 0 
* 473 99 55 5 0 0 5
cfi=(26)
cfn=(94)
calls=1 42 
* 3 1
+3 24 12 12 2 0 0 1
+3 108 96

fn=(146) _dl_count_modids
191 1 0 0 1 0 0 1
+2 2 1
+1 1 1
+15 2 1

fn=(256) _dl_allocate_tls_storage
416 7 0 4 2 0 0 2
+2 1 1
+11 1 1
+1 1
fi=(30) /usr/src/debug/glibc-2.38-14.fc39.x86_64/elf/../include/rtld-malloc.h
56 1 1 1
cfi=(29) /usr/src/debug/glibc-2.38-14.fc39.x86_64/elf/dl-minimal-malloc.c
cfn=(84) __minimal_malloc
calls=1 -21 
* 72 13 11
fe=(47)
431 2
+8 5
+5 1
-5 1
+1 1
+4 304 0 297 1 0 37 1 0 37
+19 1 0 1 0 0 1 0 0 1
+2 2 0 1
cfn=(258) allocate_dtv
calls=1 359 
* 57 13 12 2 0 1 2 0 1
+1 2
+3 6 5 0 1 0 0 1

fn=(228) _dl_assign_tls_modid
125 3 0 0 1 0 0 1
+3 3 3
+13 3 3
-16 6 0 3
+3 3
+52 3
+2 3 0 3
+3 3 0 3
+1 6 6

fn=(252) _dl_tls_static_surplus_init
97 2 0 1 1 0 0 1
+3 1
-3 3 0 2
+3 1
-3 1
+3 1
-3 1 0 1
+3 1
-3 1 0 0 1 0 0 1
+3 1 0 1
cfi=(11)
cfn=(28)
calls=1 395 
* 21 4 1 0 2 0 0 1
* 1 1
+1 4 0 1
cfi=(11)
cfn=(28)
calls=1 395 
* 21 4 1 0 1
+1 1
+2 1
-3 1 1
+1 2
+2 3
+3 1
+2 1 0 1 1 0 0 1
-26 3
+28 3 0 1 0 0 1
+1 6 5

fn=(378) _dl_add_to_slotinfo
1009 24 0 12 1 0 0 1
+9 3 3 0 0 3
-9 3 0 3
+6 3 3
+4 3
+4 9 3 0 1 3 0 1
+34 6
+3 6 0 3 0 0 1
+1 9 3 3 0 3
+3 18 18

fn=(254) _dl_determine_tlsoffset
215 9 0 6 1 0 0 1
+6 4 1 1
+3 3 2
+36 4 2 0 1 0 0 1
+2 1 1
-2 1
-2 1
-40 1
-1 1
-1 1
+46 2 0 1
+23 9
+3 3
-3 15
+2 6
+4 1
-1 1
+1 1
+2 1
-33 2 1
+20 1 0 1
-20 5 1
+33 2
-33 4 2
+20 2 0 2
-20 10 2 0 0 1 0 0 1
+2 6 3 0 1 0 0 1
+3 3 3 0 1 0 0 1
-1 3 3
+5 6 3
-5 3
+1 3
-1 3
+3 6
+2 9
+32 2 1 0 1 0 0 1
-1 1 0 1
+53 1 0 1
-52 5 0 0 1 0 0 1
+2 2 0 1
+51 8 7

fn=(258)
359 12 0 12 2 0 0 1
fi=(30)
44 12
fe=(47)
359 48 0 24 0 0 1
+5 12 12
+4 12
+1 12
fi=(30)
44 12 12 12 0 1
cob=(2)
cfi=(81)
cfn=(1176)
calls=11 -44 
* 3107 510 385 2 3 55 1 0 54
cfi=(29)
cfn=(80) __minimal_calloc
calls=1 +34 
* 37 7 6
fe=(47)
370 24
+3 12 0 12 0 0 1 0 0 1
+6 36 0 12 2 0 0 1
+6 48 48

fn=(2156) _dl_allocate_tls
625 33 0 11 1 0 0 1
+1 22
+2 11 0 11
cfn=(258)
calls=11 359 
* 3327 576 451 4 4 56 1 0 54
-2 11
+3 11 11
-1 11
-2 11
cfn=(426)
calls=11 522 
* 4444 979 693 24 14 55 12 1 55

fl=(29)
fn=(84)
35 88 0 44 1 0 0 1
+1 44 44 0 0 4 0 0 1
-1 176 0 88 0 0 4 0 0 4
+1 88
+11 129 43
+3 43
-3 43 0 43
+3 86
-3 2
+3 1
-3 1 0 1
+3 166 0 0 1 0 0 1
+21 88 88
-3 44 0 44
+1 44 0 44
+2 88 88
-16 12 3
+1 6
+2 3 0 0 1 0 0 1
+1 21 0 3
cfi=(61) /usr/src/debug/glibc-2.38-14.fc39.x86_64/misc/../sysdeps/unix/sysv/linux/mmap64.c
cfn=(194) mmap
calls=3 -12 
* 78 12 9
* 3
+2 6
+2 6 3
+2 2
+4 2
-4 4 0 2
-23 1 1 0 1 0 0 1
-1 1
+1 1
+1 2
-2 2 0 1
+27 1 1
-3 2 0 1
+4 2

fn=(80)
78 19 0 0 2 0 0 1
+4 19
-4 76
+7 19
+1 57
fi=(30)
-30 19 19 0 1 2 0 1
cfi=(29)
cfn=(84)
calls=19 -21 
* 590 126 125 4 3 4 4 1 4
fe=(29)

fn=(420) __minimal_free
95 2
+2 8 4

fl=(8) /usr/src/debug/glibc-2.38-14.fc39.x86_64/elf/dl-setup_hash.c
fn=(14) _dl_setup_hash
25 8 0 0 1 0 0 1
+3 8 8
-3 8
+3 16
+3 24 16
+1 16 8 8 1 8 1 1 8 1
+2 8 8
-1 8 8
+3 24
+1 8 0 8
+1 16 8
+7 8
-5 8 0 8
-2 8 0 8
+3 16
+2 8 0 8 1 0 0 1
+2 16 0 8
+5 8 8

fl=(52) /usr/src/debug/glibc-2.38-14.fc39.x86_64/setjmp/../sysdeps/x86_64/setjmp.S
fn=(164) __sigsetjmp
31 15 0 0 1 0 0 1
+2 15 0 15
+9 15
+1 30 15
+1 15 0 15
+4 15 0 15 0 0 1 0 0 1
+1 15 0 15
+1 15 0 15 0 0 1 0 0 1
+1 15 0 15
+1 15
+2 30 15
+2 15 0 15
+1 15 15 0 1 0 0 1
+1 15
+2 30 15
+2 15 0 15
+8 15
+3 15
+1 15 0 15 0 0 1 0 0 1
+7 15
+1 15 15

fl=(32) /usr/src/debug/glibc-2.38-14.fc39.x86_64/elf/dl-load.c
fn=(178) open_verify.constprop.0
1572 60 0 36 1 0 0 1
+32 6 6
-32 12 0 12
+32 12
+19 24 0 6 1 0 0 1
cfi=(55) /usr/src/debug/glibc-2.38-14.fc39.x86_64/io/../sysdeps/unix/sysv/linux/open64_nocancel.c
cfn=(180) __open_nocancel
calls=6 28 
* 120 12 12 1 0 0 1
* 6
+2 12
+8 6 0 6
+1 12
+5 6
-5 6 0 6 0 0 1 0 0 1
+5 30 0 6 1 0 0 1
cfi=(56) /usr/src/debug/glibc-2.38-14.fc39.x86_64/io/../sysdeps/unix/sysv/linux/read_nocancel.c
cfn=(182) __read_nocancel
calls=6 25 
* 36 6 0 1 0 0 1
+2 12
+2 12 6 6
+2 12
+6 12
+17 78 24 0 2 1 0 2 1
+62 12 6
+5 12 6
+6 24 6
+6 12 6 0 1 0 0 1
+6 6 6 0 0 1 0 0 1
+1 6 6
-1 18
+1 18
+26 54 42
-22 13 0 0 2 0 0 2
+1 2
-1 1 0 0 1 0 0 1
+1 1 0 1
cfi=(70) /usr/src/debug/glibc-2.38-14.fc39.x86_64/io/../sysdeps/unix/sysv/linux/pread64_nocancel.c
cfn=(230) __pread64_nocancel
calls=1 25 
* 7 1 0 1 0 0 1
* 2
-91 9 3 0 2 0 0 2
+90 2 0 1 1 0 0 1

fn=(174) _dl_dst_count
238 30 0 15 1 0 0 1
+3 15
-3 75 0 60 1 0 2 1 0 2
+7 15
-7 30 0 15 0 0 1 0 0 1
+3 15 0 15
cfi=(43)
cfn=(126)
calls=15 32 
* 456 57 0 2 7 0 2 7
+3 30
+20 135 105

fn=(112) _dl_init_paths
706 9 0 5 2 0 0 2
+14 1
-14 4 0 2
+14 2 0 1
cfi=(39) /usr/src/debug/glibc-2.38-14.fc39.x86_64/elf/dl-hwcaps.c
cfn=(114) _dl_important_hwcaps
calls=1 172 
* 1427 304 254 31 1 7 31 1 7
fi=(30)
56 1
fe=(32)
720 1 0 1
fi=(30)
56 1 1 1
cfi=(29)
cfn=(84)
calls=1 -21 
* 26 6 6
fe=(32)
725 1 0 1
+2 3 0 0 1 0 0 1
+8 2 1
-1 3
+5 3
fi=(30)
56 1 1 1
cfi=(29)
cfn=(84)
calls=1 -21 
* 26 6 6
fe=(32)
739 1 0 1
+2 4 2 0 1 0 0 1
+26 1 1
-9 1
+12 1
-9 1
-13 1 0 1
-1 1 0 1
+9 1 0 1
+2 1 0 1 1 0 0 1
+1 1 0 1 0 0 1 0 0 1
+2 1 0 1
+1 1 0 1
+5 2
+1 3
+2 1
-2 2 0 2
cfi=(45)
cfn=(142)
calls=1 132 
* 14 1 2 3 0 0 3
+2 1 0 1
-2 2 1
-7 1 0 0 1 0 0 1
-5 1 0 1
+12 1
-12 1
+2 1 0 1 0 0 1 0 0 1
+1 1 0 1
+2 1 0 1
+1 1 0 1
+6 1 0 1
cfi=(45)
cfn=(142)
calls=1 132 
* 14 1 2
+2 1 0 1
+12 1 1
+3 1 0 0 1 0 0 1
-8 1 0 1
-1 1 0 1
+9 2
+2 4 1
+2 3 1
+36 2 0 0 1 0 0 1
+31 1 0 1
+1 8 7
-49 1 1 0 1 0 0 1
-2 1 0 1 1 0 1 1 0 1
+2 2
+14 2 0 1 1 0 0 1

fn=(168) _dl_map_object
1945 180 0 135 1 0 5 1 0 5
+8 30
+1 45 15 0 1 1 0 1 1
+3 372 84 15
+5 546 156 0 1 0 0 1
+2 234 0 78 0 0 2 0 0 2
cfi=(53) /usr/src/debug/glibc-2.38-14.fc39.x86_64/elf/dl-misc.c
cfn=(170) _dl_name_match_p
calls=78 68 
* 8008 1796 405 20 3 1 20 2 1
* 156
+4 138 69 0 1 0 0 1
+1 207 69
+4 43 43
-1 215 129
+1 43
+1 43
-1 43
+1 86 0 43
cfi=(34) /usr/src/debug/glibc-2.38-14.fc39.x86_64/string/../sysdeps/x86_64/multiarch/../multiarch/strcmp-sse2.S
cfn=(100) strcmp
calls=43 98 
* 1435 285 0 10 0 0 10
* 86
2248 141 111 0 1 0 0 1
1989 18 6 6
-1 12 6 0 1 0 0 1
+9 6 6
-50 6 0 6
+50 12
+17 12
-2 6 0 6
+2 6 0 6
cfi=(43)
cfn=(126)
calls=6 32 
* 144 18
* 12 0 0 1 0 0 1
2180 2
-1 3 0 1
cfn=(172) expand_dynamic_string_token
calls=1 385 
* 189 38 28 9 0 3 9 0 3
+6 1
-7 1 0 1
+1 1
+2 2
+4 8 0 3 1 0 0 1
cfn=(178)
calls=1 1572 
* 106 22 15 8 1 1 8 1 1
+3 3 2
-3 1
+3 1
+12 24 6 0 1 0 0 1
+45 6 6
+1 24 6
-1 6 0 6
+1 54 18 30 1 0 0 1
cfn=(184) _dl_map_object_from_fd
calls=6 944 
* 13197 2739 1826 83 165 232 83 165 231
* 18
2018 10 0 5 1 0 0 1
cfi=(24) /usr/src/debug/glibc-2.38-14.fc39.x86_64/string/../sysdeps/x86_64/multiarch/../multiarch/strlen-sse2.S
cfn=(68) strlen
calls=5 57 
* 85 10
* 10 0 5
+2 10 5
+7 20 5 0 1 0 0 1
+57 10 0 0 1 0 0 1
+1 35 0 5
cfn=(214) cache_rpath
calls=5 681 
* 45 10
* 10 0 0 1 0 0 1
+8 5 0 5
+14 10 5
+2 15 5
+4 10 0 5
cfi=(67) /usr/src/debug/glibc-2.38-14.fc39.x86_64/elf/dl-cache.c
cfn=(216) _dl_load_cache_lookup
calls=5 403 
* 7503 1245 298 28 88 5 27 87 5
* 5
+2 10
+4 10 0 0 1 0 0 1
+31 5
-23 10 5
+23 40 0 15 1 0 0 1
cfn=(178)
calls=5 1572 
* 567 114 77 7 1 0 7 1
+4 10 5
-4 5
+4 5
+18 5 5
-17 5 0 5
+17 10 5
2052 20 5 0 2 0 0 2
+1 45 5 15
cfn=(214)
calls=5 681 
* 45 10
* 20 10 0 1 0 0 1
+9 10
+15 10 5
-46 5 5 0 1 0 0 1
+1 5
+7 15 0 10
-3 5
+3 25 0 10 1 0 0 1
-3 15 5
+1 30 0 5
cfn=(214)
calls=5 681 
* 45 10 0 1 0 0 1
* 10
+9 25 20 0 1 0 0 1
+5 10
+1 10 0 0 1 0 0 1

fn=(184)
944 60 0 36 1 0 0 1
+15 6 6
-15 12 0 12 0 0 2 0 0 2
+15 6
-15 12 0 12 0 0 1 0 0 1
+15 12 0 6
+77 24 6 6 1 0 0 1
+10 12 6
+7 42 30 6 1 0 0 1
cfi=(28) /usr/src/debug/glibc-2.38-14.fc39.x86_64/elf/dl-object.c
cfn=(78) _dl_new_object
calls=6 59 
* 2097 435 321 3 7 50 3 7 50
* 6
+1 12
+11 6 6
+5 6 6
-4 6 6
-1 6 0 6 0 0 2 0 0 2
+2 6 6
+2 6
-2 6 0 6 1 0 0 1
+2 12
+1 18 6
+1 10 0 5
+19 10 5
-2 5 0 5
+2 52 1 0 1 0 0 1
-2 1 0 1
+2 64 0 12 1 0 0 1
+10 6 6
-10 6
+10 18
+27 6 6
-33 6
-3 6
+2 6 0 6 1 0 0 1
-1 6 0 6
+35 6
+9 6
-50 6 0 6
+41 6 0 6
+9 6
-36 6 6
+63 30 0 24 1 0 0 1
-62 238
+26 168 72 0 1 4 0 1 4
+8 48 24
+1 24
-1 24
+1 96
+1 24 24 0 0 2 0 0 2
-1 24 0 24 0 0 3 0 0 3
+1 24
+2 24 24
-2 24
+2 24 0 24 1 0 0 1
+2 24 24
-4 24
+1 24 0 24
+3 24
-4 24 0 24
+4 120
+2 48 0 24 0 0 4 0 0 4
+13 48
+1 90 36 18
+5 18
+1 162 36 18 0 0 2 0 0 2
-28 36
-35 54
+62 6 0 0 1 0 0 1
+1 54 12 6
-28 12
-35 141
+1 365 71 0 1 13 0 1 13
1213 6 6 0 0 2 0 0 2
1100 6
1213 12 6 6 0 0 2 0 0 2
1100 18 0 0 1 0 0 1
1218 42 30
+10 18
+1 6 0 0 1 0 0 1
-1 6
+1 6 0 6
-1 18
+1 18
-1 18
+1 18 0 18
-1 54
1066 12 0 6
1235 12
+10 24 12
+7 24 12 0 1 0 0 1
fi=(60) /usr/src/debug/glibc-2.38-14.fc39.x86_64/elf/./dl-map-segments.h
28 6 6
fe=(32)
1252 18 6 6
fi=(60)
28 12
+1 48 24 12 1 0 1 1 0 1
cfi=(61)
cfn=(194)
calls=6 +18 
* 168 30 18 2 0 1 2 0 1
+73 12 6
-1 6 0 6
-72 6 0 0 1 0 0 1
+73 6
+3 12 6
+1 6
+2 6 6
-3 6 0 6
+1 6 0 6
+2 6
+17 6 0 6 1 0 0 1
-96 6 6 0 1 0 0 1
+52 6 6
fi=(62) /usr/src/debug/glibc-2.38-14.fc39.x86_64/elf/./dl-load.h
+10 48
+1 18 12 6
+2 48 24
fi=(60)
+55 96 48
+6 6 6 0 1 0 0 1
+2 6 6
-2 6
+1 6
+2 12
-1 12
+3 12
+5 12
+3 10
+8 35 0 15
cfi=(45)
cfn=(142)
calls=5 -44 
* 826 5 436 1 0 111 1 0 111
* 10 10
+6 12
+12 24 0 0 1 0 0 1
-59 144 24 0 1 0 0 1
+2 36 36
+3 18 18
-3 36
+2 144 54 36
cfi=(61)
cfn=(194)
calls=18 -92 
* 378 72 54
* 54 18
fi=(57) /usr/src/debug/glibc-2.38-14.fc39.x86_64/elf/../sysdeps/posix/dl-fileid.h
37 18 6 6 2 0 2 2 0 2
cfi=(58) /usr/src/debug/glibc-2.38-14.fc39.x86_64/io/../sysdeps/unix/sysv/linux/fstat64.c
cfn=(188) fstat
calls=6 -8 
* 90 6 0 2 0 0 2
* 12
fe=(32)
989 12 6
fi=(57)
40 18 18
fe=(32)
989 6
fi=(57)
40 6 0 6
fe=(32)
989 105 33 0 1 0 0 1
+1 54 27
fi=(57)
49 84 42 0 0 1 0 0 1
fe=(32)
1519 54 42 0 1 0 0 1
1074 13 0 0 1 0 0 1
+1 2 1 0 1 0 0 1
-1 1
+1 1
-1 1 0 1
+1 1 0 1 0 0 1 0 0 1
cfi=(70)
cfn=(230)
calls=1 25 
* 7 1
* 2
+46 2 1 1
+1 1
-15 12 6 0 1 1 0 1 1
+7 6 6
+2 6 6
-2 6 0 6
+1 6 6 0 0 1 0 0 1
+1 6
-1 12 0 6
+1 48 6 6 1 0 0 1
+60 9 3 0 0 1 0 0 1
+5 3 3
-1 6
+5 3
-5 6 0 3 1 0 3 1 0 3
-66 3 3
+71 12 0 3
+1 3 3
+3 3 0 3 0 0 1 0 0 1
-3 3 0 3
+8 12 3 0 1 0 0 1
+15 12 6 6 1 0 0 1
+1 6
1008 12 6 0 1 0 0 1
1268 24 12 0 2 0 0 2
+1 18 6 6
fi=(63) /usr/src/debug/glibc-2.38-14.fc39.x86_64/elf/get-dynamic-info.h
39 12
+6 6 6 0 0 6 0 0 6
-2 6
+2 12
+9 6
+5 6
-1 6
-3 117
+13 35 0 35 0 0 16 0 0 16
-23 140 35 0 0 9 0 0 9
+23 131 0 131 0 0 26 0 0 26
-23 524 131 0 0 31 0 0 31
+4 332 0 0 1 0 0 1
+5 164
+2 30
+3 24 0 0 1 0 0 1
+13 24 6 0 1 0 0 1
+12 20 6 2
+1 24 6 6 1 0 0 1
+1 24 6 6
+1 24 6 6
+1 20 6 2 0 1 0 0 1
+1 24 6 6 1 0 0 1
+1 23 6 5 0 1 0 0 1
+1 24 6 6
+12 6 6
+7 6 6
-7 42 6 6 1 0 0 1
+7 12
+5 12 6
+7 12 6
+1 18 12
+6 18 6 0 1 0 0 1
+1 6 4
+17 18 6
+5 10 5 5
+2 10
+2 10
+2 10
+4 18 6 0 1 0 0 1
+2 18 6 6
+1 12
+9 12 6 0 1 0 0 1
+6 12
+4 12 6
fe=(32)
1275 12
+1 12
+2 12 0 0 1 0 0 1
+10 18 6
+19 12 6 6
+2 36 12 0 1 0 0 1
+52 18 6 0 0 3 0 0 3
+1 6 3 3
+6 48 18 0 1 0 0 1
+1 118
+6 24 0 6
cfn=(96) _dl_process_pt_gnu_property
calls=6 868 
* 120 48 0 0 6 0 0 6
-7 142 71
+1 71 71 0 0 59 0 0 59
+6 71
-6 142
fi=(33) /usr/src/debug/glibc-2.38-14.fc39.x86_64/elf/../sysdeps/x86/dl-prop.h
212 24 24 0 1 0 0 1
+1 12 12
95 48 24
+10 12
212 6
105 12
-3 6
-1 6 0 6
+2 6 0 0 1 0 0 1
+2 12
-5 12 0 6
+93 24
-1 6
-87 18
+3 18 6 0 1 0 0 1
+1 12 6
+1 12 6
+4 18 6
+4 18 0 6
+3 18 6
+1 12 0 0 1 0 0 1
+4 6
+1 24 0 12
+19 8
+31 8
+8 18
+2 24
-56 24 12 0 1 2 0 1 2
+1 12 12
+3 24
+3 12
+1 48
+5 48 0 0 1 0 0 1
+7 16
+16 8 8 0 0 3 0 0 3
-3 16
+6 4 2
-28 4
+23 12 0 6 1 0 0 1
fe=(32)
1380 12 6 6
cfi=(64) /usr/src/debug/glibc-2.38-14.fc39.x86_64/io/../sysdeps/unix/sysv/linux/close_nocancel.c
cfn=(202) __GI___close_nocancel
calls=6 25 
* 36 6 0 1 0 0 1
* 12 0 0 1 0 0 1
+13 12 6
+2 24 12 6
+2 12 6
+16 12 0 6
cfi=(8)
cfn=(14)
calls=6 25 
* 162 48 36 0 6 0 0 6
+4 12 6
+1 12 6 0 1 0 0 1
+17 12 6
+1 1 0 1
+3 1 1
+5 1 1
-5 1 0 1
+5 1
-5 5 5
+5 5 5
-5 5 0 5 0 0 3 0 0 3
+5 5
+10 12 6 0 1 0 0 1
+7 48 18
+10 12 6
+1 12 3
+5 6 0 3
cfi=(47)
cfn=(228)
calls=3 125 
* 33 12 9 1 0 0 1
+7 18 6 6 1 0 0 1
cfi=(28)
cfn=(92) _dl_add_to_namespace_list
calls=6 31 
* 366 87 60 0 0 1
+3 12 6
+4 12 6 6
cfi=(46) /usr/src/debug/glibc-2.38-14.fc39.x86_64/elf/dl-debug.c
cfn=(204) _dl_debug_update
calls=6 38 
* 42 12
* 6
+1 18 6 0 1 0 0 1
+18 12
+4 42 18
+1 18 6 6
cfi=(49) /usr/src/debug/glibc-2.38-14.fc39.x86_64/elf/dl-audit.c
cfn=(206) _dl_audit_objopen
calls=6 77 
* 30 12 0 1 0 0 1
* 6
fi=(62)
95 20 10 0 1 0 0 1
+2 5 5
-1 10 10
+1 5 0 0 1 0 0 1
-1 5
+1 5
-1 5
+1 5
-1 10
+3 20 0 5
fi=(33)
+99 48 12 0 1 0 0 1
+2 6 6
+1 6 0 6
+1 6 0 6
-2 6
+3 6 0 6
-3 12 0 6
+3 6
fi=(63)
62 24 0 0 1 0 0 1
+2 24
181 15 5 5
-22 10 0 5 1 0 0 1
fe=(32)
1074 2 0 1 1 0 0 1
fi=(60)
186 24 0 3 1 0 0 1
cfi=(61)
cfn=(194)
calls=3 47 
* 63 12 9
+3 6 0 0 1 0 0 1
fe=(32)
1462 18 6 0 2 0 0 2
+2 5 5
-1 25 15
+1 5
-1 5
+1 5
-1 5 0 5
cfi=(34)
cfn=(100)
calls=5 98 
* 125 35 0 0 6 0 0 6
* 10
+2 5 1 1 1 0 0 1
fi=(57)
49 12 8 0 1 0 0 1
fe=(32)

fn=(96)
868 7 0 0 1 0 0 1
+8 7 7
-8 7
+8 7
-6 7 7
+12 14
-13 7 7
+13 7
-13 7 7
+13 14
+3 21 7 0 1 6 0 1 6
+1 14 7 0 0 1 0 0 1
+1 14 7
+43 7 7

fn=(172)
385 5 0 3 1 0 0 1
+10 1
-10 3 0 2 1 0 0 1
+10 1 0 1
cfn=(174)
calls=1 238 
* 71 13 7 4 0 1 4 0 1
+3 2
+1 1
+11 5 5
-11 1
cfi=(54) /usr/src/debug/glibc-2.38-14.fc39.x86_64/string/strdup.c
cfn=(176) strdup
calls=1 40 
* 99 20 15 3 0 2 3 0 2

fn=(214)
681 30 0 0 1 0 0 1
+1 45 15
+17 30 15
-16 30

fl=(49)
fn=(1392) _dl_audit_preinit
118 1 0 0 1 0 0 1
+1 4 2 0 0 1

fn=(206)
77 6 0 0 1 0 0 1
+1 24 12

fn=(152) _dl_audit_activity_map
29 9 0 6 2 0 0 2
+2 1 1
-2 1 0 1
+1 1 1
+1 2
+6 8 7 0 1 0 0 1

fn=(468) _dl_audit_activity_nsid
41 3 0 0 2 0 0 1
+4 12 3 0 0 1
+2 9 3 0 0 1
+4 3 3

fn=(2500) _dl_audit_objclose
97 8 0 0 1 0 0 1
+1 32 16

fl=(67)
fn=(470) _dl_unload_cache
525 1 0 0 1 0 0 1
+1 4 1 0 0 1
-1 1 0 1
+3 1 1
-3 1
+3 1 0 1
cfi=(82) /usr/src/debug/glibc-2.38-14.fc39.x86_64/misc/../sysdeps/unix/syscall-template.S
cfn=(472) munmap
calls=1 117 
* 6 1
+7 1 1 0 1 0 0 1
-6 1 0 1
+4 1 0 1
+2 1 1

fn=(226) _dl_cache_libcmp
357 54 0 0 1 0 0 1
+1 186 62
+4 311 311 0 0 41 0 0 41
-2 311
+2 311
-2 622
+20 606 0 0 1 0 0 1
+2 606
-24 257 257
+28 257
+1 257
-29 514
+32 24 16
-28 16
+8 8 8
-2 16
+1 16
+1 16 0 0 1 0 0 1
-2 8
+2 8
+2 24 8
-3 8
+3 8
+2 16
+9 92 46

fn=(216)
403 30 0 10 1 0 0 1
+2 10 5
+3 15 5 0 0 1 0 0 1
+69 12 4
+5 15 5 0 1 0 0 1
+3 25 5 5
cfn=(222) search_cache
calls=5 203 
* 6403 1049 169 16 80 0 15 79
* 5
+15 10 5
+4 10
+8 10 0 5 1 0 0 1
cfi=(24)
cfn=(68)
calls=5 57 
* 175 25 0 0 5 0 0 5
+1 5
-1 5
+1 60 0 0 1 0 0 1
+1 10
-1 5
+1 5 0 5
cfi=(31)
cfn=(88) memcpy
calls=5 210 
* 55 15 10
* 5
+1 5 0 5
cfi=(54)
cfn=(176)
calls=5 40 
* 455 90 65 0 0 2 0 0 2
+1 15 15
-3 10 0 5
411 5 0 2 1 0 0 1
cfi=(53)
cfn=(218) _dl_sysdep_read_whole_file
calls=1 36 
* 112 15 15 3 1 3 3 1 3
* 1
+8 6 2 0 1 0 0 1
+1 8 3 0 1 1 0 1 1
+3 3
+1 1 1 0 1 0 0 1
-1 3
fi=(68) /usr/src/debug/glibc-2.38-14.fc39.x86_64/elf/../sysdeps/generic/dl-cache.h
194 1 1
+1 5
fe=(67)
431 1 0 1 1 0 0 1
+1 2 0 1

fn=(222)
203 50 0 30 2 0 0 2
+2 5 5
-2 20 0 20
fi=(69) /usr/src/debug/glibc-2.38-14.fc39.x86_64/elf/../sysdeps/x86/dl-procinfo.h
39 10
+3 15 0 5
cfi=(34)
cfn=(100)
calls=5 +56 
* 125 35 0 0 1 0 0 1
* 20 0 5 1 0 0 1
fe=(67)
208 30 0 10 1 0 0 1
cfi=(11)
cfn=(28)
calls=5 395 
* 105 20 5 1
* 5 5
+12 10
-7 10 0 5
+10 5 5
-10 15 5
349 21
220 42
+2 276 0 0 1 0 0 1
-31 46
+31 46
-31 46
+32 46 46 0 0 35 0 0 34
+4 92
+4 184 92 46
cfn=(226)
calls=46 357 
* 3538 552 0 3 38 0 3 38
+1 92 0 0 1 0 0 1
346 41
+1 20
220 40
+8 65 20 15 1 0 0 1
+14 16 8 0 0 3 0 0 3
+3 16
+2 32 0 8
cfn=(226)
calls=8 357 
* 1014 156 0 0 3 0 0 3
* 16
+2 3
-9 16 0 0 1 0 0 1
-30 30 15 5
+1 5
-1 5 0 5
+76 5
-76 5
+76 5 5
-75 10 5 0 1 0 0 1
+75 5 0 5
-76 25 0 5
+76 10
-27 10 5 0 1 0 0 1
+10 10 5
+1 15 5
+7 10 5 0 1 0 0 1
+9 5
fi=(68)
125 5 5
fe=(67)
286 20
+9 10 5
+3 10 5
+3 5 0 0 1 0 0 1
+1 10
+28 10 5
+23 45 35

fl=(73) /usr/src/debug/glibc-2.38-14.fc39.x86_64/elf/dl-version.c
fn=(244) _dl_check_all_versions
392 7 0 5 1 0 0 1
+4 5
-2 2
+4 48 8 8 1 0 1 1
cfn=(246) _dl_check_map_versions
calls=8 155 
* 29524 8783 1868 62 165 97 62 144 87
-2 8 8
+2 24
-1 8
-1 16
+5 7 6

fn=(246)
155 80 0 48 1 0 0 1
+15 24 8 0 0 1
+2 40 16 0 0 1
+2 8 8 0 1 3 0 1
+1 8 8
+2 16
+3 12 12 0 0 1
-16 12 0 6 0 0 1
+20 6 6 0 0 5 0 0 5
-4 6
-24 6 0 6 0 0 1
+28 42 0 30 1 0 0 1
+16 12 12
36 6
200 6
36 42 12 0 1 0 0 1
200 16 16 0 0 1 0 0 1
36 8
200 8
36 56 16
+1 74 74
-1 148
+2 264 0 88
cfi=(53)
cfn=(170)
calls=88 +30 
* 8508 1905 443 2 3 1 2
* 190
208 42 14 0 1 0 0 1
+5 14 14 0 0 1 0 0 1
fi=(122) /usr/src/debug/glibc-2.38-14.fc39.x86_64/elf/../sysdeps/generic/_itoa.h
76 42 14 28
fe=(73)
213 28
+4 28 28 0 0 4 0 0 4
+1 28 28 0 1 0 0 1
-1 28 0 14
+4 14 14
-3 14 14
+3 14 0 14
-3 42 28
-1 86 86 0 0 10 0 0 10
+1 86 86
-1 86 0 43
+4 43 43
-3 43 43
+3 43 0 43
-3 194 112 0 0 1
56 228 171 0 1 0 0 1
+8 171 57
+6 171 57 0 0 2
+16 57 57 0 0 1
+1 114 0 0 1 0 0 1
+2 57 57
+5 399 57 171 0 6 0 0 6
+14 2002 1001 0 0 12 0 0 12
+12 2832 944 0 0 15 0 0 15
+4 944
-30 1888 944 0 1 36 0 1 36
231 228 57
+3 171 57
+5 43
-24 43
110 57 57 0 1 0 0 1
+3 285 114 114 0 1 0 0 1
cfi=(34)
cfn=(100)
calls=57 -15 
* 2433 441 0 26 29 0 26 29
* 171 57 0 1 0 0 1
224 171 114
+1 3 1 1
cfi=(34)
cfn=(100)
calls=1 98 
* 60 10 0 0 1 0 0 1
* 2
+3 30 14 15 1 0 0 1
+15 42 14
+5 8
-50 8
+59 30 18 0 1 0 0 1
+3 12 12
+3 42 12 6 1 0 0 1
+3 24 6
+4 6
-7 24 6
+3 18 6
+4 153
-7 612 153 0 0 15 0 0 15
+3 465 153 6 0 7 0 0 7
+8 18 6
+6 14 7 7 1 0 0 1
fi=(30)
44 7
fe=(73)
280 14
fi=(30)
44 7 7 7
cfi=(29)
cfn=(80)
calls=7 +34 
* 304 55 47
fe=(73)
281 14 7
-2 7 0 7 0 0 2
fi=(30)
44 7
fe=(73)
281 7
+13 7 7 0 0 4
-3 7 0 7 1 0 0 1
+3 28 14 7 0 2 5
+2 14
+3 24 12
+4 42 14
+18 43
-15 43 43
+2 43
-2 43
+2 43
-2 43
+2 86
-2 14 14 0 1 0 0 1
+2 14
-2 14
+2 14
-2 14
+2 28
+2 57
+1 57
-1 171 57
+1 57 0 57 0 0 19 0 0 19
+1 57 57
-2 57 0 57 1 0 0 1
+2 114 0 57 0 0 5 0 0 5
+1 171 57 57 0 0 4 0 0 4
+3 171 57
+8 42 14
+5 8
-28 8
+33 12
+3 12 6
+20 159
-14 330 165
-2 159 159
+6 159 159
+1 159 159
+1 159 159
-1 477
+1 159
-1 159 0 159 0 0 41 0 0 41
+1 159 0 159
+1 159 0 159 0 0 18 0 0 18
+3 495 165
+12 12
+1 12 6 0 2 0 0 2
+1 12 6
+1 4 2
+19 72 64
164 2 0 2 1 0 0 1
-8 2 0 2
257 5
+17 3 1 0 1 0 0 1
+60 2
-40 2 1 0 1 0 0 1
+76 4 3 0 1 0 0 1
+2 4 2 0 1 0 0 1
+4 2
-4 108 27 0 0 2
+1 54
+2 1 1
+1 2 0 0 1 0 0 1
-1 1
+1 1 0 1
cfi=(34)
cfn=(248) strncmp
calls=1 98 
* 50 6 0 8 1 0 8 1
* 2

fl=(82)
fn=(472)
117 5
+5 1 1

fn=(376) mprotect
117 40 0 0 2 0 0 2
+5 8 8

fl=(90) /usr/src/debug/glibc-2.38-14.fc39.x86_64/elf/dl-call-libc-early-init.c
fn=(452) _dl_call_libc_early_init
27 1 0 0 1 0 0 1
+2 2
-2 1 0 1
+6 3
-6 3 0 1
+6 1
-6 2 0 1
+6 1 0 1
cfi=(89) /usr/src/debug/glibc-2.38-14.fc39.x86_64/elf/dl-lookup-direct.c
cfn=(446) _dl_lookup_direct
calls=1 +41 
* 254 55 19 0 10 0 0 5
+4 2
+2 3 2 0 1 0 0 1
+2 1 1
-1 1
-1 1 1
+2 2 2
-1 1
cob=(2)
cfi=(81)
cfn=(454)
calls=1 -40 
* 337 75 38 16 24 5 15 6 5

fl=(89)
fn=(446)
74 33 0 21 1 0 0 1
+1 3 3
-1 3 0 3
+4 3 3
-4 3 0 3 1 0 0 1
+2 6
+2 9
+37 3
-37 9 6 0 0 2
+1 6
+2 9 3
+3 25 5 0 0 3
+2 3
+1 12 9 0 1 0 0 1
-1 6
+1 3 0 3
cfn=(448) check_match
calls=3 -56 
* 516 117 27 4 16 0 4 7
* 3
+3 6
+3 6
+23 27 21

fn=(448)
31 33 0 18 2 0 0 2
+1 15 9
+1 9
+2 6 3 0 0 3 0 0 1
+1 6 3
+12 9 3 3 1 0 0 1
+3 6 6
+2 9 3 3
cfi=(34)
cfn=(100)
calls=3 +45 
* 227 31 0 0 7 0 0 5
* 6
+4 6 6 0 0 3
+1 18 6 0 1 1 0 1
+1 9 3 3
cfi=(34)
cfn=(100)
calls=3 +39 
* 121 23 0 0 2 0 0 1
-19 9
+24 27 21

fl=(46)
fn=(144) _dl_debug_initialize
56 3 0 0 1 0 0 1
+3 2
+4 1 1 0 1 1 0 1 1
+22 1 1
+10 1 1
-32 2
+1 1 0 1
+21 2
+5 2 1 0 1 0 0 1
+1 1
+4 1 1
-4 1 0 1
-1 1 0 1
+2 1 0 1
+3 1
+4 2
+8 2 1
-50 1 0 0 1 0 0 1
+4 2 0 0 1 0 0 1
+35 6 1 1

fn=(150) _dl_debug_state
116 2 0 0 1 0 0 1
+1 2 2

fn=(204)
38 7 0 0 1
+3 7
-1 14
+4 14 7 0 1 1
+4 7 7

fl=(58)
fn=(188)
29 14 0 0 1 0 0 1
+1 14
+5 21 0 0 1 0 0 1
cfi=(59) /usr/src/debug/glibc-2.38-14.fc39.x86_64/io/../sysdeps/unix/sysv/linux/fstatat64.c
cfn=(190) fstatat
calls=7 154 
* 56 7

fl=(54)
fn=(176)
40 36 0 18
+1 6 0 6
cfi=(24)
cfn=(68)
calls=6 +16 
* 210 30 0 2 0 0 2
* 6
fi=(123) /usr/src/debug/glibc-2.38-14.fc39.x86_64/string/../include/rtld-malloc.h
+15 12 6 6
cfi=(29)
cfn=(84)
calls=6 -21 
* 156 36 36
fe=(54)
-12 12 0 0 1 0 0 1
+3 18
+1 18 18
-1 6
cfi=(31)
cfn=(88)
calls=6 210 
* 74 20 14 0 0 4 0 0 4

fl=(24)
fn=(68)
57 32 0 0 1 0 0 1
+44 32
+1 32
+1 32
+1 32
+1 32
+1 32
+1 32
+2 32
+2 32
+31 32 32 0 0 3 0 0 3
+1 32
+1 32
+1 32
+1 32
+1 14
+2 14 14
+4 18 0 0 1 0 0 1
+1 18 18
+1 18 18 0 0 1 0 0 1
+1 18 18 0 0 3 0 0 3
+1 18
+1 18
+1 18
+1 18
+1 18
+1 18
+1 18
+1 18
+5 144 18 0 1 0 0 1

fl=(25) /usr/src/debug/glibc-2.38-14.fc39.x86_64/elf/../misc/sbrk.c
fn=(70) sbrk
37 4 0 2 1 0 0 1
+3 1 1
-3 2 0 1
+21 2
+4 2
+16 5 4 0 1 0 0 1

fl=(15) /usr/src/debug/glibc-2.38-14.fc39.x86_64/elf/../sysdeps/x86/dl-get-cpu-features.c
fn=(450) __x86_cpu_features
71 1 0 0 1 0 0 1
-32 3 1
+32 2 1 0 1

fn=(34) _dl_x86_init_cpu_features
37 1 0 0 1 0 0 1
+2 3 1
+2 1
cfi=(16) /usr/src/debug/glibc-2.38-14.fc39.x86_64/elf/../sysdeps/x86/cpu-features.c
cfn=(36) init_cpu_features.constprop.0
calls=1 635 
* 7554 835 494 102 14 8 102 14 8

fl=(56)
fn=(182)
25 6 0 0 1 0 0 1
+1 24
+1 6 6

fl=(85) /usr/src/debug/glibc-2.38-14.fc39.x86_64/elf/./dl-find_object.h
fn=(430) _dl_find_object_from_map
95 16 8 8 1 4 2 1 0 2
+1 16 8 8
+1 8 0 8 0 0 3 0 0 3
+6 40 16 0 1 7 0 1
+1 229
+1 158 79 0 0 67 0 0 8
+2 24 16 8 0 3
+5 8 8

fl=(44) /usr/src/debug/glibc-2.38-14.fc39.x86_64/string/../sysdeps/x86_64/multiarch/../multiarch/memcmp-sse2.S
fn=(130) bcmp
59 1 0 0 1 0 0 1
+12 1
+1 1
+22 1
+1 1
+45 1 1 0 1 0 0 1
+1 1 1
+2 1
+1 1
+2 1 1
+1 1 1
+2 1
+1 1
+47 1
+1 1
+1 1
+1 1
+1 1
+1 1 1

fl=(119) /usr/src/debug/glibc-2.38-14.fc39.x86_64/elf/../sysdeps/x86_64/tls_get_addr.S
fn=(2614) __tls_get_addr
29 2 0 0 1 0 0 1
+1 2 2
+1 2 2 0 0 1
+2 2 2 0 0 1
+1 2
+1 2 2 0 0 1
+3 2
+1 2 2
+4 2
+1 2
+1 2 2
+1 2 2

fl=(118) /usr/src/debug/glibc-2.38-14.fc39.x86_64/elf/dl-call_fini.c
fn=(2486) _dl_call_fini
24 64 0 32 1 0 0 1
+4 16 8 0 0 1
+6 8 8 0 0 8
-2 8 0 8 1 0 0 1
+3 16
+3 6 6 0 0 6
+1 6 6 0 0 2
-1 6 6
+1 12 6 0 0 1
+3 24
+1 6 6 6 0 6
cob=(6)
cfi=(94)
cfn=(2654)
calls=1 -43 
* 12 4 3 2 1 0 1 1
cob=(3)
cfi=(83)
cfn=(2636)
calls=1 -43 
* 154 36 17 5 3 0 2
cob=(7)
cfi=(95)
cfn=(2554) 0x00000000000b1df0
calls=1 -43 
* 1850 661 283 44 58 1 39 2
cob=(8)
cfi=(96)
cfn=(2528)
calls=1 -43 
* 21 4 1 4 3 0 3
cob=(5) /usr/libexec/valgrind/vgpreload_core-amd64-linux.so
cfi=(93) ???
cfn=(2502) 0x0000000000001100
calls=1 -43 
* 986 323 160 38 49 20 16 0 1
cob=(9)
cfi=(97)
cfn=(2488)
calls=1 -43 
* 13 4 3 3 1
* 3 3 3
cob=(6)
cfi=(94)
cfn=(2660)
calls=1 -43 
* 154 36 17 5 3 0 2
cob=(8)
cfi=(96)
cfn=(2536)
calls=1 -43 
* 154 36 17 4 3 0 1
cob=(8)
cfi=(96)
cfn=(2534)
calls=1 -43 
* 21 4 1 0 1
-1 36
+5 8 8 0 1 7 0 1
+1 16
+1 12 12 0 0 5
+1 30 24
-1 6
cob=(4)
cfi=(91)
cfn=(2676) 0x0000000004bfff18
calls=1 -49 
* 4 1 0 1 0 0 1
cob=(4)
cfi=(91)
cfn=(2652) 0x0000000004b858c8
calls=1 -49 
* 4 1 0 1 0 0 1
cob=(4)
cfi=(91)
cfn=(2634) 0x0000000004a72e04
calls=1 -49 
* 4 1 0 1 0 0 1
cob=(4)
cfi=(91)
cfn=(2552) 0x000000000489b4a4
calls=1 -49 
* 4 1 0 1 0 0 1
cob=(4)
cfi=(91)
cfn=(2526) 0x00000000048372c8
calls=1 -49 
* 4 1 0 1 0 0 1
cob=(4)
cfi=(91)
cfn=(2498) 0x0000000000408b40
calls=1 -49 
* 4 1 0 1 0 0 1
+1 12 10

fl=(1) ???
fn=(0) 0x000000000001bbb0
0 2 0 1 1 0 1 1 0 1
cfi=(2) /usr/src/debug/glibc-2.38-14.fc39.x86_64/elf/rtld.c
cfn=(2) _dl_start
calls=1 518 
0 2940582 766724 264469 1044 20353 2451 1029 9176 1644
0 10 2 1 2 1 0 1
cfi=(92) /usr/src/debug/glibc-2.38-14.fc39.x86_64/elf/dl-init.c
cfn=(476) _dl_init
calls=1 81 
0 57670 15146 6751 676 324 233 674 64 171
0 3 0 0 1
cob=(9)
cfi=(97)
cfn=(1376) (below main)
calls=1 0 
0 37888518341 16051644872 8434362102 2525 255430520 818642 1261 6960 55442

fl=(45)
fn=(142)
132 43 0 0 2 0 0 1
+1 215
+5 43
+1 43
+3 39
+1 39
+2 12 0 12
+1 12 0 12
+1 12 12
+97 27 0 27 3 0 15 1 0 15
+1 27 0 27 0 0 13 0 0 13
+12 27
+3 27
+1 27
+12 27 0 27 0 0 13 0 0 13
+1 27 0 27 0 0 1 0 0 1
+13 27
+1 27
+2 27
+3 15
+3 30
+3 15 0 15 2
+1 15 0 15
+1 15 0 15 0 0 14 0 0 14
+1 15 0 15
+1 15
+1 15
+1 15
-6 99 0 99 0 0 34 0 0 34
+1 99 0 99
+1 99 0 99 0 0 65 0 0 65
+1 99 0 99
+1 99
+1 99
+1 99
+3 27 0 27 0 0 1 0 0 1
+1 27 0 27
+1 27 0 27
+1 27 0 27 0 0 1 0 0 1
+5 27 27
+34 4 0 0 1 0 0 1
+2 4
+1 4
+39 4 0 4 1 0 2 1 0 2
+1 4 0 4
+2 4 4

fl=(28)
fn=(92)
31 28 0 14 1 0 0 1
+2 7
-2 14 0 7
+2 7
-2 21 0 7 0 0 1
+2 7 7 7
cfi=(26)
cfn=(94)
calls=7 +9 
* 21 7
+2 62 7 0 1 0 0 1
+3 108 27
+2 6 0 6
+2 6 0 6
+4 6
+4 6
-4 12 0 6
+1 12 6 6
+1 12 0 6
+3 30 24
-1 6 6
cfi=(26)
cfn=(94)
calls=6 -8 
* 18 6
-4 1
+4 1
-4 2 0 1
+1 2 1 1
+1 2 0 1
+3 5 4
-1 1 1
cfi=(26)
cfn=(94)
calls=1 -8 
* 3 1
-5 2 0 1

fn=(78)
59 105 0 70 2 0 4 2 0 4
+3 14
+21 6 6
-3 6 6
+3 6 0 6
cfi=(24)
cfn=(68)
calls=6 -26 
* 120 15
+4 12
-4 6
+9 6
-9 18 0 12
fi=(30)
-39 12 6 6
cfi=(29)
cfn=(80)
calls=6 +34 
* 267 48 41 1 0 3 1 0 3
fe=(28)
+39 1 0 1 1 0 0 1
fi=(30)
-39 2 1 1
cfi=(29)
cfn=(80)
calls=1 +34 
* 43 7 7 5 1 1 5 1 1
* 7
fe=(28)
+51 14
+5 7 7
+4 7 7
-6 7 0 7 0 0 6 0 0 6
+2 7
+4 7 7 0 1 0 0 1
-5 7 0 7 0 0 7 0 0 7
+4 7
+1 7
-1 7 0 7 0 0 1 0 0 1
+1 14 0 14
cfi=(31)
cfn=(88)
calls=7 210 
* 88 22 15 2 1 8 2 1 8
* 7 7
+15 7 7
-15 7 0 7 0 0 4 0 0 4
+2 7 0 7
+13 14 7
+6 1
+2 7 2 2 1 1 0 1 1
+3 2 1
-3 42 12 12 0 6 0 0 6
+3 12 6
+2 7 0 7 0 0 1 0 0 1
+4 7 0 7
+3 20 0 0 1 0 0 1
fi=(4) /usr/src/debug/glibc-2.38-14.fc39.x86_64/elf/../sysdeps/generic/ldsodefs.h
1322 3
fe=(28)
139 2
+2 1 0 1 0 0 1 0 0 1
-2 2
fi=(4)
1322 45
fe=(28)
139 30
+2 15 0 15 0 0 3 0 0 3
-2 30
+16 14 0 0 1 0 0 1
-5 7 0 7 0 0 7 0 0 7
+5 7
-6 7
+6 7 7 0 0 1 0 0 1
-6 7 0 7 0 0 1 0 0 1
+6 14
+2 12 0 6 0 0 2 0 0 2
+3 12
-3 12
+7 24 6
+4 18
+8 1 0 1 1 0 0 1
+13 1 1
-10 2 0 1 1 0 0 1
+10 9 7
-10 12 0 6
+10 18 6
+2 6 0 6
cfi=(24)
cfn=(68)
calls=6 57 
* 210 30 0 0 1 0 0 1
+21 6
-21 18 0 6
+17 6
-13 18
+50 18 12 6 1 0 0 1
cfi=(31)
cfn=(138)
calls=6 -48 
* 86 20 14 0 0 3 0 0 3
* 6
+5 12
+1 12 6
-1 184
+1 184 92
+4 12
+1 6 0 6
+3 6 0 6 0 0 3 0 0 3
+4 63 49
131 14 0 7 1 0 7 1 0 7
-8 6
-4 12 6
+34 1 0 0 1 0 0 1
+7 4
+8 24 6 0 1 0 0 1
fi=(30)
56 12 6 6
cfi=(29)
cfn=(84)
calls=6 -21 
* 156 36 36
* 6
fe=(28)
200 12
-1 12
64 2 0 0 1 0 0 1
+2 3 1 0 1 0 0 1
+1 2
+4 6 0 2 1 0 0 1
+6 2

fl=(20) /usr/src/debug/glibc-2.38-14.fc39.x86_64/elf/../sysdeps/x86/dl-cacheinfo.h
fn=(50) handle_intel.constprop.0
255 24 12 0 1 0 0 1
-5 12 0 12
+22 12 0 0 1 0 0 1
-22 96 0 60
+13 12 0 12
+1 12 0 12
+8 12
+7 12
-7 12 0 12
+8 24
-8 12 0 12
+7 36 0 12
+1 12
+9 60 0 12 1 0 0 1
cfn=(52) intel_check_word.constprop.0
calls=12 123 
* 1275 84 48 4 0 0 4
+2 24
+3 5 1 1
cfn=(52)
calls=1 123 
* 25 5 4
+2 2
+3 5 1 1
cfn=(52)
calls=1 123 
* 270 28 4 0 2 0 0 2
+2 2
-35 4 1
+18 60 0 12 1 0 0 1
cfn=(52)
calls=12 123 
* 4092 408 48 6 6 0 6 6
+2 24
+24 96 84 0 1 0 0 1
-5 3

fn=(52)
123 52 0 0 1 0 0 1
-4 78 0 26
+10 26
-10 104 0 52
+10 52 0 0 1 0 0 1
-10 26 0 26
+10 26
-10 26
+10 26
+2 52
+71 50 25
fi=(21) /usr/src/debug/glibc-2.38-14.fc39.x86_64/elf/../bits/stdlib-bsearch.h
32 25
fe=(20)
202 125 25 0 1 0 0 1
-71 102
+2 63
+2 126
+8 126
+51 102
+22 51 0 0 1 0 0 1
fi=(21)
28 51
-1 102
+2 228
+2 178
+1 89
fe=(20)
+78 178 89 0 0 3 0 0 3
+3 345
fi=(21)
-78 282
-6 564
+2 512 0 0 1 0 0 1
+1 256
fe=(20)
+78 512 256 0 0 5 0 0 5
+15 15
246 156 130
fi=(21)
37 126 0 0 1 0 0 1
fe=(20)
155 36
+3 36
-6 12
+3 24
+9 24
+1 24
+22 21
-32 63
+3 63
+4 64 0 0 1 0 0 1
+2 128
+3 84
+1 50
+1 38
+1 24
+2 11 0 0 1 0 0 1
+2 22
+6 14
+3 8
+1 12
-8 4 0 0 1 0 0 1
+2 4
+1 4
-2 4
-1 4
+2 8
-2 4
+3 4
-2 12 0 0 1 0 0 1
+2 12
+2 12

fn=(56) get_common_cache_info.constprop.0
576 12 0 7 1 0 0 1
+25 1 0 1 1 0 0 1
-8 1 1
+1 1 1
-3 1 1
+1 1 1
+3 1 1
+8 1 1
-10 1 0 1
+13 2
+17 3 1 0 1 0 0 1
+4 2
775 4
+1 5
+4 2 1 0 1 0 0 1
+9 1 1
-2 1 0 1
+1 1 0 1
+1 1 0 1
+1 7 7
632 3 0 0 1 0 0 1
+3 9 0 4
+10 26
+14 2
+4 1
+3 1
+1 1
-4 2
+3 3 0 1
+6 2
-37 12
+6 6
-6 3 0 0 1 0 0 1
+6 2 0 0 1 0 0 1
+1 8
+8 2
+4 1
+1 1
-1 2 0 1
+18 6 2 0 1 0 0 1
-69 4
+75 4
+8 7 2
+2 2
-2 1 0 0 1 0 0 1
+6 3
+3 1
+1 5 0 1
-4 4
+21 2
-21 4
+3 1
+1 5
+2 4 0 0 1 0 0 1
+3 2
+5 1 1
+2 2 0 0 1 0 0 1
+1 1
+1 1
-2 2
+1 2 0 1
-19 6 1
+46 3 1
+1 2 0 1
+1 2
+2 2 1
-1 1 0 0 1 0 0 1
+25 3
-48 2 0 0 1 0 0 1
-7 1
+11 2 1
+3 1
+2 4
+1 1
+5 2 0 0 1 0 0 1

fl=(117)
fn=(2484)
26 5 0 3 1 0 0 1
+17 1
-17 6 0 4
+20 13 1 0 1 1 0 1
+3 2 1 1 1 1 0 1
cob=(2)
cfi=(81)
cfn=(2158)
calls=1 -49 
* 44 11 6 7 1
+2 1 1 0 0 1
+3 2
+2 5 2 0 0 1
+7 3 0 1
-2 1 0 1
+2 1 0 1
cfi=(49)
cfn=(468)
calls=1 -22 
* 9 3 0 1 1
+5 15 1 0 2 0 0 2
+5 1 1
-5 1
+5 3
+2 16 8 0 0 8
+2 16
+2 16 0 8
+1 8 0 8 1 0 8 1
+1 8
+4 8 0 8 0 0 7
-12 24 8 0 0 2
+14 6
+1 4
+6 6 0 2 1 0 0 1
cfi=(13) /usr/src/debug/glibc-2.38-14.fc39.x86_64/elf/dl-sort-maps.c
cfn=(236) _dl_sort_maps
calls=1 298 
* 617 174 96 17 14 0 14
+9 2 1 1
cob=(2)
cfi=(81)
cfn=(2160)
calls=1 0 
* 43 9 5 5
+5 14 1
+14 8 0 8
-14 16
+2 8 8 0 1 0 0 1
+2 16 8
+2 32 0 24
cfi=(118)
cfn=(2486)
calls=8 -90 
* 3684 1217 551 114 158 21 73 3 1
+3 16 0 8
cfi=(49)
cfn=(2500)
calls=8 -20 
* 40 16 0 1 0 0 1
* 24 16
+9 3 0 1 1 0 0 1
cfi=(49)
cfn=(468)
calls=1 -85 
* 9 3 0 0 1
* 2 1
+6 4 2 1
+2 1
-2 2
+6 2 1
+7 8 7
-77 2 0 1 1 0 0 1

fl=(34)
fn=(248)
98 1 0 0 1 0 0 1
+27 1
+1 1
+1 1
+1 1
+1 1
+2 1
+1 1
+2 1 0 0 1 0 0 1
+1 1
+21 1
+1 1
+44 1 0 0 1 0 0 1
+1 1
+1 1
+1 1
+1 1
+1 1
+1 1
+1 1
+1 1
+5 1 0 0 1 0 0 1
+1 1
+1 1
+1 1 1 0 0 1 0 0 1
+1 1
+1 1
1613 1 0 0 1 0 0 1
+1 1 1
+1 1 1
+1 1
+1 1 0 0 1 0 0 1
+2 1
+1 1
+1 1
+1 1
+1 1
+1 1
+1 1
2095 1 0 0 1 0 0 1
+1 1
+1 1
+1 1 0 0 1 0 0 1
+6 1
+3 1
+1 1
+2 1 1
+1 1 1
+8 1
+1 1 1

fn=(100)
98 3903 0 0 5 0 0 1
+33 3903
+1 3903
+2 3903
+1 3903
+21 3903
+1 3903
+1 3604
+1 3604
+1 3370 3370 0 0 307 0 0 109
+1 3370 3370 0 5 25 0 1 11
+1 3370 3370
+1 3370 3370
+17 3370
+1 3370
+1 3370
+1 3370
+1 3370
+1 3370
+1 3370
+5 62
+1 186
+9 62
+1 62
+1 62
+1 62
+1 62
+1 62
+1 62
+1 62
-7 533 0 0 5 0 0 1
+1 533
+1 533
+1 533
+1 533
+1 533
+1 533
+1 533
+1 471
+1 230
+1 230
+1 230
+2 230
+1 230
+1 230
+1 230 230 0 0 9 0 0 2
+1 230
+1 230
-5 241
+1 241
+1 241
+1 241 241 0 0 12
+1 241
+1 241
+10 124 124 0 2 23 0 1 3
+1 124
+1 124
+2 124 124 0 0 12 0 0 3
+6 124
+1 124
+1 124
+1 124
+1 124
+5 124
+2 104
+1 104
+1 208
+8 104 104 0 2 21 0 1 2
+1 104 104 0 0 3 0 0 3
+3 104
+1 104
+1 104
+1 104
+1 104
+1 104
-9 3 3
+1 3 3
+3 3
+1 3
+1 3
+1 3
+1 3
+1 3
+6 6
+1 6 6
+1 6 6 0 0 1
+3 6
+1 6
+1 6
+1 6 0 0 1
+1 6
+1 6
+5 3
+1 3
+9 2 0 0 1 0 0 1
+1 2 2 0 0 1
+1 2 2
+1 2
+1 2
+2 2
+1 2
+1 2 0 0 1 0 0 1
+1 2
+1 2
+1 2
+1 2
+1 2 2
+3 2
+1 2
+1 2
+6 2
+1 2
+1 4
+4 2 0 0 1 0 0 1
+1 2
+3 2 2 0 0 2 0 0 1
+1 2 2 0 0 2 0 0 1
+1 2
+2 2
+1 2
+1 2
+4 2
+1 2
+1 2
+1 2
+1 2
+1 2 0 0 1 0 0 1
+75 17 0 0 1 0 0 1
+1 17 17 0 0 6 0 0 1
+1 17 17 0 0 3 0 0 2
+1 17
+1 17
+2 17
+1 17
+1 17 0 0 1 0 0 1
+1 17
+1 17
+1 17
+1 17
+1 14 14
+3 14
+1 14
+1 14
+6 14
+1 14
+1 28
+4 14 0 0 1 0 0 1
+1 14
+3 14 14 0 0 2 0 0 2
+1 14 14 0 0 3 0 0 2
+1 14
+2 14
+1 14
+1 14
+4 14
+1 14
+1 14
+1 14
+1 14
+1 14 0 0 1 0 0 1
+7 2
+1 2
+2 2
+1 2
+2 2 2
+1 2 2
+1 2
+2 2
+1 2
+1 2
+4 2
+1 2
+1 2
+1 2
+1 2 0 0 1 0 0 1
+1 2
+41 2 0 0 1 0 0 1
+1 2 2 0 0 1
+1 2 2
+1 2
+1 2
+2 2
+1 2
+1 2 0 0 1 0 0 1
+1 2
+1 2
+1 2
+1 2
+1 2 2
+4 2
+1 2
+1 2
+6 2
+1 2
+1 4
+4 2 0 0 1 0 0 1
+1 2
+3 2 2
+1 2 2 0 0 1
+1 2
+2 2
+1 2
+1 2
+4 2
+1 2
+1 2
+1 2
+1 2
+1 2 0 0 1 0 0 1
+69 26 0 0 3 0 0 1
+1 26 26 0 0 13 0 0 2
+1 26 26 0 0 10 0 0 2
+1 26
+1 26
+2 26
+1 26
+1 26 0 0 4 0 0 1
+1 26
+1 26
+1 26
+1 26
+1 26 26
+4 26
+1 26
+1 26
+6 26
+1 26
+1 52
+4 26 0 0 4 0 0 1
+1 26
-1 3
+1 3
+3 29 29 0 0 8 0 0 2
+1 29 29 0 0 4 0 0 3
+1 29
+2 29
+1 29
+1 29
+4 29
+1 29
+1 29
+1 29
+1 29
+1 29 0 0 3 0 0 1
+7 8
+1 8
+2 8
+1 8
+2 8 8
+1 8 8 0 0 1 0 0 1
+1 8
+2 8
+1 8
+1 8
+4 8
+1 8
+1 8
+1 8
+1 8 0 0 2 0 0 1
+1 8
+7 3
+1 3
+1 3
+32 32 0 0 2 0 0 1
+1 32 32 0 0 4 0 0 1
+1 32 32 0 0 2
+1 32
+1 32
+2 32
+1 32
+1 32 0 0 2 0 0 1
+1 32
+1 32
+1 32
+1 32
+1 19 19
+4 19
+1 19
+1 19
+6 19
+1 19
+1 38
+4 19 0 0 2 0 0 1
+1 19
-1 3
+1 3
+3 22 22 0 0 1 0 0 1
+1 22 22 0 0 4 0 0 2
+1 22
+2 22
+1 22
+1 22
+4 22
+1 22
+1 22
+1 22
+1 22
+1 22 0 0 2 0 0 1
+7 4
+1 4
+2 4
+1 4
+2 4 4
+1 4 4 0 0 2 0 0 2
+1 4
+2 4
+1 4
+1 4
+4 4
+1 4
+1 4
+1 4
+1 4 0 0 2 0 0 1
+1 4
+7 3
+1 3
+1 3
+32 31 0 0 2 0 0 1
+1 31 31 0 0 8 0 0 1
+1 31 31
+1 31
+1 31
+2 31
+1 31
+1 31 0 0 2 0 0 1
+1 31
+1 31
+1 31
+1 31
+1 28 28
+4 28
+1 28
+1 28
+6 28
+1 28
+1 56
+4 28 0 0 2 0 0 1
+1 28
+3 28 28 0 0 1 0 0 1
+1 28 28 0 0 5 0 0 2
+1 28
+2 28
+1 28
+1 28
+4 28
+1 28
+1 28
+1 28
+1 28
+1 28 0 0 2 0 0 1
+7 3
+1 3
+2 3
+1 3
+2 3 3
+1 3 3
+1 3
+2 3
+1 3
+1 3
+4 3
+1 3
+1 3
+1 3
+1 3 0 0 1 0 0 1
+1 3
+41 9 0 0 3 0 0 1
+1 9 9 0 0 6 0 0 1
+1 9 9
+1 9
+1 9
+2 9
+1 9
+1 9 0 0 2 0 0 1
+1 9
+1 9
+1 9
+1 9
+1 9 9
+4 9
+1 9
+1 9
+6 9
+1 9
+1 18
+4 9 0 0 2 0 0 1
+1 9
-1 1
+1 1
+3 10 10 0 0 1
+1 10 10 0 0 6 0 0 1
+1 10
+2 10
+1 10
+1 10
+4 10
+1 10
+1 10
+1 10
+1 10
+1 10 0 0 3 0 0 1
+7 3
+1 3
+2 3
+1 3
+2 3 3
+1 3 3 0 0 1 0 0 1
+1 3
+2 3
+1 3
+1 3
+4 3
+1 3
+1 3
+1 3
+1 3 0 0 2 0 0 1
+1 3
+7 1
+1 1
+1 1
+32 44 0 0 1 0 0 1
+1 44 44 0 0 10 0 0 2
+1 44 44 0 0 11 0 0 1
+1 44
+1 44
+2 44
+1 44
+1 44 0 0 1 0 0 1
+1 44
+1 44
+1 44
+1 44
+1 38 38
+4 38
+1 38
+1 38
+6 38
+1 38
+1 76
+4 38 0 0 1 0 0 1
+1 38
+3 38 38 0 0 9 0 0 2
+1 38 38 0 0 8 0 0 3
+1 38
+2 38
+1 38
+1 38
+4 38
+1 38
+1 38
+1 38
+1 38
+1 38 0 0 1 0 0 1
+69 32 0 0 2 0 0 1
+1 32 32 0 0 5 0 0 1
+1 32 32 0 0 3 0 0 1
+1 32
+1 32
+2 32
+1 32
+1 32 0 0 2 0 0 1
+1 32
+1 32
+1 32
+1 32
+1 11 11
+4 11
+1 11
+1 11
+6 11
+1 11
+1 22
+4 11 0 0 2 0 0 1
+1 11
+3 11 11 0 0 2
+1 11 11 0 0 4 0 0 1
+1 11
+2 11
+1 11
+1 11
+4 11
+1 11
+1 11
+1 11
+1 11
+1 11 0 0 2 0 0 1
+7 1
+1 1
+2 1
+1 1
+2 1 1
+1 1 1
+1 1
+2 1
+1 1
+1 1
+4 1
+1 1
+1 1
+1 1
+1 1 0 0 1 0 0 1
+1 1
+41 66 0 0 4 0 0 1
+1 66 66 0 0 11 0 0 4
+1 66 66 0 0 15 0 0 3
+1 66
+1 66
+2 66
+1 66
+1 66 0 0 4 0 0 1
+1 66
+1 66
+1 66
+1 66
+1 34 34
+4 34
+1 34
+1 34
+6 34
+1 34
+1 68
+4 34 0 0 4 0 0 1
+1 34
-1 3
+1 3
+3 37 37 0 0 13 0 0 3
+1 37 37 0 0 5 0 0 4
+1 37
+2 37
+1 37
+1 37
+4 37
+1 37
+1 37
+1 37
+1 37
+1 37 0 0 3 0 0 1
+7 6
+1 6
+2 6
+1 6
+2 6 6
+1 6 6
+1 6
+2 6
+1 6
+1 6
+4 6
+1 6
+1 6
+1 6
+1 6 0 0 2 0 0 1
+1 6
+7 3
+1 3
+1 3
+32 19 0 0 3 0 0 1
+1 19 19 0 0 7 0 0 3
+1 19 19 0 0 8 0 0 3
+1 19
+1 19
+2 19
+1 19
+1 19 0 0 3 0 0 1
+1 19
+1 19
+1 19
+1 19
+1 11 11
+4 11
+1 11
+1 11
+6 11
+1 11
+1 22
+4 11 0 0 3 0 0 1
+1 11
+3 11 11 0 0 4 0 0 3
+1 11 11 0 0 4 0 0 3
+1 11
+2 11
+1 11
+1 11
+4 11
+1 11
+1 11
+1 11
+1 11
+1 11 0 0 3 0 0 1
+7 2
+1 2
+2 2
+1 2
+2 1 1
+1 1 1
+1 1
+2 1
+1 1
+1 1
+4 1
+1 1
+1 1
+1 1
+1 1
+1 1
+13 1 0 0 1 0 0 1
+1 1
+1 1
+1 1
+13 1 1
+1 1
+1 1
+1 1
+9 27 0 0 2 0 0 1
+1 27 27 0 0 7 0 0 5
+1 27 27 0 0 10 0 0 6
+1 27
+1 27
+2 27
+1 27
+1 27 0 0 2 0 0 1
+1 27
+1 27
+1 27
+1 27
+1 10 10
+4 10
+1 10
+1 10
+6 10
+1 10
+1 20
+4 10 0 0 2 0 0 1
+1 10
-1 1
+1 1
+3 11 11 0 0 2 0 0 1
+1 11 11 0 0 4 0 0 1
+1 11
+2 11
+1 11
+1 11
+4 11
+1 11
+1 11
+1 11
+1 11
+1 11 0 0 2 0 0 1
+7 5
+1 5
+2 5
+1 5
+2 5 5
+1 5 5 0 0 1
+1 5
+2 5
+1 5
+1 5
+4 5
+1 5
+1 5
+1 5
+1 5 0 0 2 0 0 1
+1 5
+7 1
+1 1
+1 1
+32 53 0 0 4 0 0 1
+1 53 53 0 0 5 0 0 2
+1 53 53 0 0 10 0 0 5
+1 53
+1 53
+2 53
+1 53
+1 53 0 0 4 0 0 1
+1 53
+1 53
+1 53
+1 53
+1 22 22
+4 22
+1 22
+1 22
+6 22
+1 22
+1 44
+4 22 0 0 2 0 0 1
+1 22
-1 1
+1 1
+3 22 22 0 0 4 0 0 2
+1 22 22 0 0 6 0 0 2
+1 22
+2 22
+1 22
+1 22
+4 22
+1 22
+1 22
+1 22
+1 22
+1 22 0 0 2 0 0 1
+7 3
+1 3
+2 3
+1 3
+2 3 3
+1 3 3 0 0 1
+1 3
+2 3
+1 3
+1 3
+4 3
+1 3
+1 3
+1 3
+1 3 0 0 1 0 0 1
+1 3
+7 1
+1 1
+1 1
+4 1 0 0 1
+1 1
+1 1
+1 1
+13 1 1 0 1
+1 1
+1 1
+1 1
+9 37 0 0 3 0 0 1
+1 37 37 0 0 13 0 0 6
+1 37 37 0 0 6 0 0 2
+1 37
+1 37
+2 37
+1 37
+1 37 0 0 4 0 0 1
+1 37
+1 37
+1 37
+1 37
+1 17 17
+4 17
+1 17
+1 17
+6 17
+1 17
+1 34
+4 17 0 0 4 0 0 1
+1 17
-1 2
+1 2
+3 19 19 0 0 4 0 0 2
+1 19 19 0 0 3 0 0 2
+1 19
+2 19
+1 19
+1 19
+4 19
+1 19
+1 19
+1 19
+1 19
+1 19 0 0 4 0 0 1
+7 6
+1 6
+2 6
+1 6
+2 6 6
+1 6 6 0 0 1
+1 6
+2 6
+1 6
+1 6
+4 6
+1 6
+1 6
+1 6
+1 6 0 0 3 0 0 1
+1 6
+7 2
+1 2
+1 2
+32 74 0 0 3 0 0 1
+1 74 74 0 0 12 0 0 8
+1 74 74 0 0 7 0 0 5
+1 74
+1 74
+2 74
+1 74
+1 74 0 0 3 0 0 1
+1 74
+1 74
+1 74
+1 74
+2 20 20
+4 20
+1 20
+1 20
+6 20
+1 20
+2 40
+4 20 0 0 2 0 0 1
+1 20
-1 5
+1 5
+3 25 25 0 0 4 0 0 3
+1 25 25 0 0 2 0 0 2
+1 25
+2 25
+1 25
+1 25
+4 25
+1 25
+1 25
+1 25
+1 25
+1 25 0 0 2 0 0 1
+7 6
+1 6
+2 6
+1 6
+2 6 6
+1 6 6 0 0 3 0 0 2
+1 6
+2 6
+1 6
+1 6
+4 6
+1 6
+1 6
+1 6
+1 6 0 0 1
+1 6
+7 5
+1 5
+1 5
+4 1 0 0 1 0 0 1
+1 1
+1 1
+1 1
+7 1
+1 1
+1 1
+11 2 0 0 1
+1 2
+1 2
+1 4
+4 2
+2 2
+1 2
+1 2
+1 2
-5 365 0 0 1
+2 365
+1 365
+1 365
+1 365
-3 228 0 0 1 0 0 1
+1 228
+1 228
+1 228
+1 460
+5 230 0 0 1
+6 230 230
+1 230 230
+8 230
+1 230 230
-16 3673 0 0 3 0 0 1
+6 3673 3673
+1 3673 3673
+8 3673
+1 3673 3673

fl=(66) /usr/src/debug/glibc-2.38-14.fc39.x86_64/elf/dl-deps.c
fn=(212) openaux
61 84 0 28 1 0 0 1
+7 14 14
-4 42 42
+1 14 14
-1 98 14 14 0 0 1 0 0 1
cfi=(32)
cfn=(168)
calls=14 1945 
* 32117 6531 2770 89 225 217 88 223 216
* 14 0 14
+5 42 42

fn=(210) _dl_map_object_deps
143 5 0 1 1 0 0 1
+1 2 0 0 1 0 0 1
-1 1
+1 1
-1 2 0 2
+1 1
-1 1 0 1
+1 1
-1 2 0 1
+1 1
-1 1 0 1
+1 1
-1 2 0 1 0 0 1 0 0 1
+1 8 0 0 1 0 0 1
-8 1 1
+8 2
-8 1 0 0 1 0 0 1
-6 1
-2 1 0 1 0 0 1 0 0 1
+16 1
-8 1
-7 1 0 1
+1 1 0 1
+6 1 0 1
+24 4
-28 3 0 1
-2 1 0 0 1 0 0 1
+31 1 1
-33 2 0 1
+2 2
+30 2
-30 1
-1 4 0 1
+7 4 1 1 1 0 0 1
+24 3
+28 3 1 1
-6 1 1
+46 1
-64 1 1
fi=(72) /usr/src/debug/glibc-2.38-14.fc39.x86_64/elf/../include/scratch_buffer.h
-87 2 0 1 0 0 1 0 0 1
fe=(66)
228 1
-64 1 0 1 1 0 0 1
fi=(72)
-86 1 0 1
fe=(66)
184 1 0 1
+44 5 0 5
-31 1 1 0 1 0 0 1
-4 1 0 1
+4 9 7 0 0 3
-4 7 0 7
+4 14
+11 20 10 0 0 2 0 0 1
-18 2
+18 4 2
417 16 0 0 1 0 0 1
+2 6
+3 6
-3 18 0 12
+3 6
-3 6 0 6
fi=(30)
56 6 6 6
cfi=(29)
cfn=(84)
calls=6 -21 
* 156 36 36
fe=(66)
423 18 12 0 1 0 0 1
fi=(30)
56 6
fe=(66)
423 6
+6 6 0 6 0 0 1 0 0 1
+1 36 0 12
cfi=(31)
cfn=(88)
calls=6 210 
* 74 20 14 0 0 2 0 0 2
+1 30 0 6
cfi=(31)
cfn=(88)
calls=6 210 
* 74 20 14 0 0 3 0 0 3
+3 6 0 6
+1 12 6 6
+4 24 8 0 1 0 0 1
188 14 7
442 21 7
-1 8 8
+1 16
183 7 5
+27 24 18 0 2 0 0 2
+7 6 6
+4 6 6
-6 6 0 6
+1 6 0 6 0 0 1 0 0 1
+1 6 0 6
+1 12 6 6
+3 18 6 0 0 1
-2 6 0 6 1 0 0 1
-29 30 0 18
+32 346
+6 56 28 14 0 1
cfi=(32)
cfn=(174)
calls=14 +10 
* 730 149 98 0 7 2 0 7 2
* 42 0 0 1 0 0 1
+4 28 0 0 1 0 0 1
-2 14 0 14
+2 28 0 14
cfi=(51) /usr/src/debug/glibc-2.38-14.fc39.x86_64/elf/dl-catch.c
cfn=(162) _dl_catch_exception
calls=14 -28 
* 33363 6881 3148 90 225 221 89 223 220
+1 28 14 0 1 0 0 1
+9 14 14
+2 28 14
+5 30 0 6
+6 6 6 0 1 0 0 1
+2 6 0 6
-8 12
+3 6 0 6
+1 6 0 6
+1 6 0 6
+1 6 0 6
+4 6 6
-3 6 0 6
+3 18 0 6 1 0 0 1
+4 42 14
+1 27 0 9 0 0 1 0 0 1
-43 710 185 0 0 8
+7 28 0 0 1 0 0 1
+38 477 0 0 1 0 0 1
fi=(72)
85 3 1 0 1 0 0 1
fe=(66)
448 5 1 0 1 0 0 1
+1 1 0 1
+3 4 1 1
+11 5 1 2 1 0 0 1
fi=(30)
56 1 1 1
cfi=(29)
cfn=(84)
calls=1 -21 
* 26 6 6
fe=(66)
465 3 2 0 1 0 0 1
fi=(30)
56 1
fe=(66)
465 1
+5 1 1
+4 1
-2 1
-2 1
+1 1 0 1
-1 2 0 1
+4 1
+4 24 8 0 1 0 0 1
+7 8
-1 8
+1 8 0 8 0 0 2 0 0 2
-1 8
+1 8
+5 8 0 8
-16 24 8
+21 3 1
+37 2 0 0 1 0 0 1
+15 1
-11 1 1
+11 1
-14 2
+20 1 1 0 1 0 0 1
-1 4 0 1
+1 4 1 1
-1 5 1 1 1 0 0 1
cfi=(13)
cfn=(236)
calls=1 298 
* 541 149 96 13 1 0 13
+5 1 0 1
+2 1 1
+1 1 0 1
+1 1 1
-2 1 0 1
+2 2
+7 3 1 0 1 0 0 1
+3 2
+3 8 7 0 0 1
198 53 23 0 1 1 0 1 1
+3 6 0 0 1 0 0 1
fi=(72)
-70 24 0 12
cfi=(71) /usr/src/debug/glibc-2.38-14.fc39.x86_64/malloc/scratch_buffer_set_array_size.c
cfn=(232) __libc_scratch_buffer_set_array_size
calls=6 30 
* 150 36 24 2 0 0 2
fe=(66)
+70 18 6
+4 12 6
547 4 0 3 1 0 0 1
cfi=(31)
cfn=(88)
calls=1 210 
* 19 5 4
* 3 2
144 2 0 1 1 0 1 1 0 1

fl=(27) /usr/src/debug/glibc-2.38-14.fc39.x86_64/elf/dl-environ.c
fn=(76) _dl_next_ld_env_entry
28 2 0 0 1 0 0 1
+1 2 2
+3 68 64
+13 61
-13 122
+2 124 62
+1 8 4
+5 1 0 0 1 0 0 1
-3 1
+3 1 0 1
+2 1 1

fl=(77) /usr/src/debug/glibc-2.38-14.fc39.x86_64/elf/dl-reloc.c
fn=(374) _dl_protect_relro
355 48 0 16 1 0 0 1
+1 40 24 0 1 0 0 1
+3 8 8
-3 8
+3 8
+4 16
+7 24 24
-6 24 0 8
cfi=(82)
cfn=(376)
calls=8 117 
* 48 8 0 2 0 0 2
* 16 0 0 1 0 0 1

fn=(270) _dl_relocate_object
207 99 0 72 1 0 1 1
+1 18 9
+12 24
+4 8
-4 8 0 0 1 0 0 1
+6 24
+3 8 8
-1 8 8 0 0 5
+1 16
+22 40 16 0 1 0 0 1
+4 6 0 0 1 0 0 1
+7 12 3 3 0 1
fi=(6) /usr/src/debug/glibc-2.38-14.fc39.x86_64/elf/../sysdeps/x86_64/dl-machine.h
72 10 3
+6 8 6 0 0 2
+4 6 2 0 1 2 0 1 2
+16 2 2
-10 2 0 2
+10 4
+20 4 2
+8 2
fi=(4)
-47 2 2
fe=(77)
301 4 2
fi=(4)
79 4
fe=(77)
301 4
fi=(4)
79 6 6 0 1 0 0 1
fe=(77)
301 12 6 0 0 2
fi=(4)
79 12
fe=(77)
301 9852 47 1070 2 12 197 2 5 195
fi=(4)
79 2 2
fe=(77)
301 2 2
fi=(4)
79 4
fe=(77)
301 365 80 55 4 27 0 4
-80 2
fi=(6)
377 6 0 4
fe=(77)
190 4 0 2
+31 4 0 2
fi=(6)
377 2
fi=(5) /usr/src/debug/glibc-2.38-14.fc39.x86_64/elf/do-rel.h
49 2 2
fe=(77)
301 2 2
fi=(5)
50 2 2
+30 2 2
-31 4
+4 2 2
-3 2
+3 2
-3 2 0 2
+3 6 2
+27 4
fe=(77)
301 6
-80 6
fi=(6)
377 18 0 12
fe=(77)
190 12 0 6
+31 12 0 6 1 0 0 1
fi=(6)
377 6
fi=(5)
49 6 6
fe=(77)
301 6 6
fi=(5)
50 6 6
+30 6 6
-31 12
+4 6 6
-3 6
+3 6
-3 6 0 6
+3 18 6
+27 12 0 0 1 0 0 1
-31 8 8 0 0 3
fe=(77)
301 8 8
fi=(5)
50 8 8
+30 8 8
-31 16
+4 8 8
-3 8
+3 8
-3 8 0 8
+3 24 8
+27 16
-7 2
-1 2
+11 14 2 2
fi=(6)
498 104 52
+4 104
+3 156 52 0 0 1
+1 52 0 52 0 0 8 0 0 7
fi=(5)
83 156
+2 208 52 0 1 20 0 1 20
+11 10 2 0 1 0 0 1
fe=(77)
301 64 16 0 2 0 0 2
fi=(5)
51 8 8
fi=(4)
+28 16 8
fe=(77)
304 56 16
+24 8 0 8
+3 16 8
+17 16 8 0 0 7
+2 8 7
-98 16 8 0 1 7 0 1
+3 10 0 0 1 0 0 1
+7 5 5 0 0 2
-9 5
+9 15 0 5
fi=(5)
114 42 0 0 1 0 0 1
+9 28
+1 4 4 0 0 4 0 0 2
fi=(6)
482 4 4 0 0 2 0 0 2
fi=(5)
124 4
fi=(6)
482 8
fi=(5)
124 1040 1040 0 0 129 0 0 129
fi=(6)
482 1040 1040 0 0 129 0 0 129
fi=(5)
124 1040
fi=(6)
482 2080
+5 2088
+1 1044 1044 0 0 130 0 0 130
fi=(5)
123 1044
fi=(6)
488 1044
-5 1044 0 1044 0 0 285 0 0 282
fi=(5)
123 2088
+3 42 14 0 1 10 0 1
+3 52 26 13 0 8 1
+2 39 13 0 1 0 0 1
-59 7
fe=(77)
190 14
fi=(5)
73 7 0 7 0 0 1
fe=(77)
190 49 0 42 1 0 1 1
fi=(5)
-57 14 14 0 0 6 0 0 3
+1 7 7
+1 7 7
-2 7
+2 7 7
+3 7
-5 7
+2 7 0 7
-2 7 7 0 1 7 0 1 3
+1 14
+2 7
-2 7 0 7
+2 21 7 0 0 1
+2 14
-5 9448 9448 0 0 1417 0 0 1417
+1 4724 4724
+1 4724 4724
-2 4724
+2 4724 4724
+3 4724
-5 4724
+2 4724 0 4724
-2 4724 4724 0 0 1939 0 0 271
+1 9448
+2 4724
-2 4724 0 4724
+2 14172 4724
+2 9448
+9 4666 0 4666
fi=(6)
253 9332
+7 9332 0 0 1 0 0 1
+4 9332
fe=(77)
-94 18664 4666 0 0 2760 0 0 1819
fi=(4)
-30 13941 4647
fe=(77)
+31 9294
+3 9294 4647 0 0 7 0 0 1
+8 6052 0 0 1 0 0 1
-8 27204
+12 6040 6040 0 0 1
-3 3020 0 3020
+1 3020 0 3020 1 0 0 1
+2 12092 6052 0 0 1
-3 6 0 6
+1 6 0 6
+2 3050 12
+1 3026
-1 3026
+2 6052
-1 12104 3026 3026 0 168
+3 18156 6052 9078 1 0 1 1
cfi=(78) /usr/src/debug/glibc-2.38-14.fc39.x86_64/elf/dl-lookup.c
cfn=(278) _dl_lookup_symbol_x
calls=3026 773 
* 2295055 605579 209527 79 12237 60 77 4273 43
+3 3026 3026
+1 6052 3026
-4 3026
+4 15130 6052 3026 0 0 2
fi=(6)
+79 18566 4625 0 1 0 0 1
+3 4625 4625
-3 13894 4644 0 0 8
+3 4644
-3 4644 4644
+3 9288
+1 9288
+1 9384 32
+25 27932 4666 0 1 8 0 1 2
407 8349 5566 2783 0 349 903 0 349 361
fi=(5)
150 8349 2783
fi=(6)
407 3712 1856 1856 0 0 438 0 0 233
fi=(5)
150 5624 1858
-19 18924 4731 0 1 0 0 1
+33 49 28 0 0 1
+1 78 3 6 1 0 0 1
+1 246 82
+3 130 65 0 1 0 0 1
+2 65 65
+2 65 65
-4 65 65
+2 65
+1 65 65
-1 65
+2 130 0 65
fe=(77)
-3 260 65 0 0 1
fi=(6)
273 65 65 0 1 0 0 1
+3 65
-3 65 65
+4 130
461 65 65
-1 130 130 0 0 1
+1 130
+1 65 0 65
cfi=(15)
cfn=(450)
calls=1 71 
* 6 2 0 2 0 0 1
cob=(3)
cfi=(83)
cfn=(414)
calls=1 0 
* 8 4 0 1 0 0 1
cob=(3)
cfi=(83)
cfn=(412)
calls=1 0 
* 9 4 0 1 0 0 1
cob=(3)
cfi=(83)
cfn=(410)
calls=1 0 
* 9 4 0 2 0 0 2
cob=(3)
cfi=(83)
cfn=(408)
calls=1 0 
* 9 4 0 2 0 0 2
cob=(3)
cfi=(83)
cfn=(406)
calls=1 0 
* 8 4 0 1 0 0 1
cob=(3)
cfi=(83)
cfn=(404)
calls=1 0 
* 6 3 0 2 0 0 2
cob=(3)
cfi=(83)
cfn=(402)
calls=1 0 
* 9 4 0 2 0 0 2
cob=(3)
cfi=(83)
cfn=(400)
calls=1 0 
* 8 4 0 2 0 0 2
cob=(3)
cfi=(83)
cfn=(398)
calls=1 0 
* 9 4 0 2 0 0 2
cob=(3)
cfi=(83)
cfn=(396)
calls=1 0 
* 9 4 0 1 0 0 1
cob=(3)
cfi=(83)
cfn=(394)
calls=1 0 
* 8 4 0 1 0 0 1
cob=(3)
cfi=(83)
cfn=(392)
calls=1 0 
* 9 4 0 2 0 0 2
cob=(3)
cfi=(83)
cfn=(390)
calls=1 0 
* 9 4 0 1 0 0 1
cob=(3)
cfi=(83)
cfn=(388)
calls=1 0 
* 9 4 0 1 0 0 1
cob=(3)
cfi=(83)
cfn=(386)
calls=1 0 
* 9 4 0 2 0 0 2
cob=(3)
cfi=(83)
cfn=(384)
calls=1 0 
* 9 4 0 1 0 0 1
cob=(3)
cfi=(83)
cfn=(382)
calls=1 0 
* 9 4 0 2 0 0 2
cob=(3)
cfi=(83)
cfn=(380)
calls=1 0 
* 9 4 0 2 0 0 2
cob=(2)
cfi=(81)
cfn=(372)
calls=1 0 
* 21 4 0 2 0 0 2
cob=(2)
cfi=(81)
cfn=(370)
calls=1 0 
* 22 4 0 3 0 0 3
cob=(2)
cfi=(81)
cfn=(368)
calls=1 0 
* 18 4 0 2 0 0 2
cob=(2)
cfi=(81)
cfn=(366)
calls=1 0 
* 7 3 0 2 0 0 2
cob=(2)
cfi=(81)
cfn=(364)
calls=1 0 
* 23 4 0 2 0 0 2
cob=(2)
cfi=(81)
cfn=(362)
calls=1 0 
* 22 4 0 3 0 0 3
cob=(2)
cfi=(81)
cfn=(360)
calls=1 0 
* 17 4 0 2 0 0 2
cob=(2)
cfi=(81)
cfn=(358)
calls=1 0 
* 22 4 0 3 0 0 3
cob=(2)
cfi=(81)
cfn=(356)
calls=1 0 
* 24 5 0 2 0 0 2
cob=(2)
cfi=(81)
cfn=(354)
calls=1 0 
* 19 4 0 2 0 0 2
cob=(2)
cfi=(81)
cfn=(352)
calls=1 0 
* 25 5 0 2 0 0 2
cob=(2)
cfi=(81)
cfn=(350)
calls=1 0 
* 18 4 0 2 0 0 2
cob=(2)
cfi=(81)
cfn=(348)
calls=1 0 
* 21 4 0 2 0 0 2
cob=(2)
cfi=(81)
cfn=(346)
calls=1 0 
* 17 4 0 2 0 0 2
cob=(2)
cfi=(81)
cfn=(344)
calls=2 0 
* 20 8 0 2 0 0 2
cob=(2)
cfi=(81)
cfn=(342)
calls=1 0 
* 24 5 0 2 0 0 2
cob=(2)
cfi=(81)
cfn=(340)
calls=1 0 
* 25 5 0 2 0 0 2
cob=(2)
cfi=(81)
cfn=(338)
calls=1 0 
* 21 4 0 3 0 0 3
cob=(2)
cfi=(81)
cfn=(336)
calls=1 0 
* 17 4 0 2 0 0 2
cob=(2)
cfi=(81)
cfn=(334)
calls=1 0 
* 16 4 0 3 0 0 3
cob=(2)
cfi=(81)
cfn=(332)
calls=1 0 
* 7 3 0 1 0 0 1
cob=(2)
cfi=(81)
cfn=(330)
calls=1 0 
* 21 4 0 2 0 0 2
cob=(2)
cfi=(81)
cfn=(328)
calls=1 0 
* 21 4 0 3 0 0 3
cob=(2)
cfi=(81)
cfn=(326)
calls=2 0 
* 46 8 0 2 0 0 2
cob=(2)
cfi=(81)
cfn=(324)
calls=1 0 
* 19 4 0 2 0 0 2
cob=(2)
cfi=(81)
cfn=(322)
calls=1 0 
* 25 5 0 2 0 0 2
cob=(2)
cfi=(81)
cfn=(320)
calls=1 0 
* 25 5 0 1 0 0 1
cob=(2)
cfi=(81)
cfn=(318)
calls=1 0 
* 24 4 0 1 0 0 1
cob=(2)
cfi=(81)
cfn=(316)
calls=1 0 
* 19 4 0 2 0 0 2
cob=(2)
cfi=(81)
cfn=(314)
calls=2 0 
* 50 10 0 2 0 0 2
cob=(2)
cfi=(81)
cfn=(312)
calls=1 0 
* 22 4 0 5 0 0 5
cob=(2)
cfi=(81)
cfn=(310)
calls=1 0 
* 18 4 0 1 0 0 1
cob=(2)
cfi=(81)
cfn=(308)
calls=1 0 
* 25 5 0 2 0 0 2
cob=(2)
cfi=(81)
cfn=(306)
calls=1 0 
* 22 4 0 4 0 0 4
cob=(2)
cfi=(81)
cfn=(304)
calls=1 0 
* 22 4 0 4 0 0 4
cob=(2)
cfi=(81)
cfn=(302)
calls=1 0 
* 19 4 0 2 0 0 2
cob=(2)
cfi=(81)
cfn=(300)
calls=1 0 
* 24 4 0 2 0 0 2
cob=(2)
cfi=(81)
cfn=(298)
calls=1 0 
* 19 4 0 3 0 0 3
cob=(2)
cfi=(81)
cfn=(296)
calls=1 0 
* 19 4 0 3 0 0 3
cob=(2)
cfi=(81)
cfn=(294)
calls=1 0 
* 7 3 0 2 0 0 2
cob=(2)
cfi=(81)
cfn=(292)
calls=2 0 
* 50 10 0 2 2 0 2
cob=(2)
cfi=(81)
cfn=(290)
calls=1 0 
* 28 9 8 4 2 2 4 0 2
fi=(5)
165 65 0 0 1 0 0 1
fi=(6)
463 65 0 65 0 0 2
fi=(5)
165 139 3
-14 3771 1257 0 1 2 0 1
fi=(6)
330 6 0 0 1 0 0 1
+1 9 6 3 0 2 2 0 0 1
fi=(5)
150 6 3 0 1 0 0 1
fi=(6)
384 60 20 0 1 0 0 1
+2 80 20 0 1 1 0 1
+4 20 20
+9 20 20
-9 40 20 0 0 2 0 0 2
+9 20 0 20 0 0 7 0 0 7
fi=(5)
150 40 20
fi=(6)
336 6 2
+11 2 2 0 1 0 0 1
-9 4 4
+9 2 0 2
fi=(5)
150 4 2
fi=(6)
444 6 2
+5 4 4
-1 6 2 2 1 0 0 1
+1 4
-1 2 0 2
cfi=(31)
cfn=(88)
calls=2 210 
* 141 36 34 6 10 9 4 10 9
+2 10 6
+1 4
273 95 19 0 1 0 0 1
fi=(5)
141 65 65
+1 65 0 65
-1 195 0 65
+2 65 0 0 1 0 0 1
fi=(6)
273 325 65 0 1 0 0 1
fe=(77)
-98 14581 1621 0 2 0 0 2
+3 1621 1621
-1 1621 0 1621
+19 1621 1621
-18 3242 0 1621
fi=(6)
281 64
+1 96 32 0 1 0 0 1
+11 64 0 64 1 0 8 1
+7 32 0 32
cob=(2)
cfi=(81)
cfn=(372)
calls=1 0 
* 21 4
cob=(2)
cfi=(81)
cfn=(330)
calls=1 0 
* 21 4
cob=(2)
cfi=(81)
cfn=(344)
calls=1 0 
* 10 4 0 0 1
cob=(2)
cfi=(81)
cfn=(322)
calls=1 0 
* 25 5 0 0 4
cob=(2)
cfi=(81)
cfn=(354)
calls=1 0 
* 19 4 0 0 1
cob=(2)
cfi=(81)
cfn=(342)
calls=2 0 
* 48 10 0 0 3
cob=(2)
cfi=(81)
cfn=(296)
calls=2 0 
* 38 8 0 0 2
cob=(2)
cfi=(81)
cfn=(316)
calls=2 0 
* 38 8
cob=(2)
cfi=(81)
cfn=(366)
calls=1 0 
* 7 3 0 0 2
cob=(2)
cfi=(81)
cfn=(424)
calls=1 0 
* 10 3 0 2 2 0 2
cob=(2)
cfi=(81)
cfn=(326)
calls=1 0 
* 23 4
cob=(2)
cfi=(81)
cfn=(328)
calls=2 0 
* 42 8 0 0 2
cob=(2)
cfi=(81)
cfn=(422)
calls=1 0 
* 7 3 0 3 1 0 3
cob=(2)
cfi=(81)
cfn=(356)
calls=1 0 
* 24 5 0 0 2
cob=(2)
cfi=(81)
cfn=(364)
calls=1 0 
* 23 4
cob=(2)
cfi=(81)
cfn=(302)
calls=1 0 
* 19 4
cob=(2)
cfi=(81)
cfn=(362)
calls=3 0 
* 66 12 0 0 1
cob=(2)
cfi=(81)
cfn=(312)
calls=3 0 
* 66 12 0 0 2
cob=(2)
cfi=(81)
cfn=(300)
calls=3 0 
* 72 12 0 0 3
cob=(2)
cfi=(81)
cfn=(352)
calls=3 0 
* 75 15 0 0 5
* 96 64
+3 64
fe=(77)
+46 16 0 8 1 0 0 1
cfn=(374)
calls=8 +6 
* 240 64 24 5 0 0 5
+1 64 56 0 0 4
fi=(6)
123 8 2 0 0 1
-2 4 0 2
fe=(77)
301 15 0 5 1 0 0 1
175 8 0 0 1 0 0 1
+15 2
fi=(5)
73 1 0 1
fe=(77)
190 1 0 1
fi=(5)
-10 1 1
fe=(77)
+10 1 0 1
fi=(5)
-10 7 0 4 1 0 0 1
+2 2 2 0 0 1 0 0 1
+1 2 2
-1 1
+3 1
-3 4 0 1 1 0 0 1
+3 2
-3 10 10 0 0 2 0 0 2
+1 10 10
-1 5
+3 5
-3 20 0 5
+3 10
+8 6 0 6
fi=(6)
+60 12
+7 12
+4 12
fe=(77)
-94 24 6 0 1 3 0 1 3
fi=(4)
-30 18 6
fe=(77)
+31 12
+3 12 6 0 0 1
+8 12
-8 54 0 0 1 0 0 1
+12 12 12
-3 6 0 6
+1 6 0 6
+2 36 12 6 1 0 0 1
+4 24 6 6
-4 6
+4 18 6 12
cfi=(78)
cfn=(278)
calls=6 773 
* 3931 1128 395 1 28 0 1 6
+3 6 6
+1 12 6
-4 6
+4 30 12 6 1 0 0 1
fi=(6)
+79 21 3
+3 3 3
-3 9 3 0 0 1
+3 3
-3 3 3
+3 6
+1 6 0 0 1 0 0 1
+1 6
+25 36 6 0 0 1 0 0 1
407 6 0 6 0 0 1 0 0 1
fi=(5)
196 18 6 0 1 0 0 1
-16 24 6
+31 6 3
fe=(77)
-36 6476 0 0 1 0 0 1

fl=(51)
fn=(160) _dl_catch_error
254 6 0 3 1 0 0 1
+2 1
-2 6 0 1
+2 1 0 1
cfn=(162)
calls=1 -52 
* 2716 615 327 108 34 36 108 34 36
+1 2 1 1 1 0 0 1
+1 1 1
+1 1 1
-1 1 0 1
+1 1 0 1
+2 6 5

fn=(162)
204 90 0 45 1 0 2 1 0 2
58 15 15
204 30 0 30 0 0 1 0 0 1
+3 30
+21 15 15
+1 30 0 15 1 0 1 1 0 1
-1 15 0 15
58 30
235 45 0 15 1 0 0 1
cfi=(52)
cfn=(164)
calls=15 31 
* 360 75 135 2 0 3 2 0 3
* 45
+2 45 30 15
cfi=(66)
cfn=(212)
calls=14 61 
* 32425 6657 2826 90 225 218 89 223 217
cfi=(2)
cfn=(166) map_doit
calls=1 642 
* 2649 599 304 101 34 32 101 34 32
69 15 15
+1 15 15
-1 15
+1 15 0 15
239 60 15 30
-25 15
+34 45 45
59 30 15 15 1 0 0 1
+11 45 0 15 1 0 0 1

fn=(240) _dl_receive_error
186 2 0 1 1 0 0 1
58 1 1
186 4 0 1
+2 1 1
-2 1 0 1
58 1 0 0 1 0 0 1
+1 1 1
+11 1 0 1
192 1 0 1
+2 1 0 1
cfi=(2)
cfn=(242) version_check_doit
calls=1 675 
* 29664 8810 1884 66 165 98 66 144 87
69 2 1
+1 1 0 1
198 1 1
-1 1 0 1
+1 3 3

fl=(39)
fn=(134) copy_hwcaps
74 10 0 6 1 0 0 1
+6 2 0 0 1 0 0 1
-6 2 0 2
+6 2
-6 6 0 2
fi=(42) /usr/src/debug/glibc-2.38-14.fc39.x86_64/elf/./dl-hwcaps.h
-31 2 0 2
+2 2 0 2
+32 2 0 2
+1 2 0 2
+1 6 4
fe=(39)
+1 4 4
-1 2 0 2
+1 8 0 6 0 0 2 0 0 2
cfi=(31)
cfn=(138)
calls=2 197 
* 26 6 4 1 0 0 1
+4 2 0 2
+2 2 2
+2 2
-3 2 2
+1 4 0 2
+1 4 0 2
+1 2 0 2
-11 4 0 2
cfi=(41) /usr/src/debug/glibc-2.38-14.fc39.x86_64/elf/dl-hwcaps_split.c
cfn=(120) _dl_hwcaps_split_masked
calls=2 -26 
* 146 31 20
* 4 0 2 1 0 0 1
cfi=(41)
cfn=(120)
calls=2 -26 
* 180 38 26 0 0 1 0 0 1
* 8
+13 14 12

fn=(114)
172 8 0 4 1 0 0 1
+3 1
-3 1 0 1
+3 1
-3 5 0 4 1 0 1 1 0 1
+2 1 0 1 0 0 1 0 0 1
cfi=(40) /usr/src/debug/glibc-2.38-14.fc39.x86_64/elf/../sysdeps/x86_64/dl-hwcaps-subdirs.c
cfn=(116) _dl_hwcaps_subdirs_active
calls=1 29 
* 49 6 0 4 0 0 4
+1 1
fi=(42)
43 1 0 1
fe=(39)
174 1 0 1
fi=(42)
45 2 0 1
+32 1 0 1
+1 1 0 1
+1 1
fe=(39)
-27 2 0 1 1 0 0 1
cfi=(41)
cfn=(120)
calls=1 -1 
* 26 8 6 3 0 1 3 0 1
* 2
fi=(42)
-9 1
+2 1 0 1
-2 1 0 1
+34 2 1 1
+1 2 1 1
+1 1
fe=(39)
-24 2 2
-1 2
+1 2
+1 2
+1 2
-5 4 0 2
cfi=(41)
cfn=(120)
calls=2 -1 
* 146 31 20
* 2 0 1 1 0 0 1
cfi=(41)
cfn=(120)
calls=1 -1 
* 154 30 20 4 1 0 4 1
* 6
+48 4 0 2
fi=(30)
-44 2 1 1
cfi=(29)
cfn=(84)
calls=1 -21 
* 26 6 6
fe=(39)
+46 2 1
-2 1 0 1
+2 1 0 0 1 0 0 1
+3 1 0 1
+3 1
fi=(42)
-65 1 0 1
+2 1 0 1
fe=(39)
+67 1 0 1
fi=(42)
-66 1
fe=(39)
+66 2 0 1 1 0 0 1
cfi=(41)
cfn=(122) _dl_hwcaps_split
calls=1 -87 
* 13 5 3
* 2
fi=(42)
-69 1
+2 1 0 1
-2 1 0 1
+34 2 1 1
+1 2 1 1
+1 1
fe=(39)
+48 10 4 2
+1 4 2 2
+1 2
+1 2
-1 2 0 2
-4 4 0 2
cfi=(41)
cfn=(120)
calls=2 -74 
* 146 31 20
* 2 0 1 1 0 0 1
cfi=(41)
cfn=(120)
calls=1 -74 
* 154 30 20
* 6
+8 3 1
+9 4 1 1 1 0 0 1
+3 1 1
-3 7 0 5
+1 6 0 1 1 0 0 1
+14 4
+4 1 1
+1 1 1
+1 1 0 1
-20 3
+19 1 0 1
+1 1 0 1
-20 2
+8 2 2 0 1 0 0 1
+4 2 2
-4 3
+4 2 0 1
cfi=(44)
cfn=(130)
calls=1 -96 
* 19 5 0 2 0 0 2
+1 3 1
-14 8 6 0 1 0 0 1
+47 2 1
-4 1
+4 1 0 1 0 0 1 0 0 1
-3 1 0 0 1 0 0 1
+7 1 1
-7 2
+7 1
fi=(30)
56 1 1 1
cfi=(29)
cfn=(84)
calls=1 -21 
* 26 6 6
* 1
fe=(39)
194 2
+7 1 0 1
+1 1 1
+1 4
-1 4 1 1 1 0 0 1
+1 1 0 1
cfn=(134)
calls=1 74 
* 53 14 16 3 0 1 3 0 1
+1 5 2 1
cfn=(134)
calls=1 74 
* 397 85 72 1 0 2 1 0 2
+4 2 2
+1 1 0 1
-1 1 0 1
+5 2 1 1 1 0 0 1
+3 9 7

fl=(9) /usr/src/debug/glibc-2.38-14.fc39.x86_64/elf/../sysdeps/unix/sysv/linux/dl-sysdep.c
fn=(18) _dl_sysdep_parse_arguments
78 1 0 1 1 0 0 1
+2 1
-2 6 0 3
+1 1 1 0 0 1 0 0 1
+1 1 0 1
-1 1 0 1
+2 2
+2 1 1 0 0 1 0 0 1
-2 1 0 1 0 0 1 0 0 1
+2 2
-1 1 0 0 1 0 0 1
+1 2 1
-1 61
+1 122 61 0 0 7 0 0 7
+7 56 0 52 0 0 7 0 0 7
fi=(10) /usr/src/debug/glibc-2.38-14.fc39.x86_64/elf/../sysdeps/unix/sysv/linux/dl-parse_auxv.h
-49 1 1 0 0 1 0 0 1
fe=(9)
+45 1
fi=(10)
-54 1
fe=(9)
+54 1 0 1 0 0 1 0 0 1
fi=(10)
-54 1 0 1
+1 1 0 1 1 0 0 1
+1 1 0 1
+7 3
+1 44
+1 44 22 22
-2 89 23 0 1 5 0 1 5
fe=(9)
+52 1 1
+1 1 1
+1 1 1
fi=(10)
-49 1 1
+1 2 2
+1 1 1
+1 1 1
+1 1 1 0 1 0 0 1
+1 1 1
+1 1 1
+2 1 1
-5 1 0 1
-2 1 0 1 0 0 1 0 0 1
+1 1 0 1
+2 1 0 1
+1 1 0 1
+3 1 0 1 1 0 1 1 0 1
-9 1 0 1
+1 1 0 1
+6 1 0 1
fe=(9)
+42 1 0 1
-1 1 0 1
+2 1 0 1
+1 6 5

fn=(16) _dl_sysdep_start
102 5 0 2 1 0 0 1
+4 1
-4 1
+1 1 0 1
+3 1 0 1 0 0 1 0 0 1
cfn=(18)
calls=1 -28 
* 476 127 97 6 15 11 6 15 11
+4 2 1 1
cfi=(11)
cfn=(22)
calls=1 274 
* 34589 6689 7 8 75 0 8 75
+3 1 0 1
cfi=(13)
cfn=(26) _dl_sort_maps_init
calls=1 289 
* 36 7 4 3 1 0 3 1
+2 2 0 1
cfi=(14) /usr/src/debug/glibc-2.38-14.fc39.x86_64/elf/../sysdeps/unix/sysv/linux/brk.c
cfn=(30) brk
calls=1 -79 
* 8 1 1 1 0 1 1 0 1
fi=(6)
+91 1 0 1
cfi=(15)
cfn=(34)
calls=1 37 
* 7559 836 494 103 14 8 103 14 8
fe=(9)
-84 3 1 0 1 0 0 1
+1 1 0 1
cfi=(24)
cfn=(68)
calls=1 -66 
* 17 2 0 1 1 0 1 1
* 1 0 1
+2 2 0 1
cfi=(25)
cfn=(70)
calls=1 -88 
* 16 5 3 2 0 0 2
* 3
+12 3 1
+3 5 3 1 1 0 0 1
cfi=(2)
cfn=(72) dl_main
calls=1 1352 
* 2897249 758944 263776 886 20233 2408 873 9058 1601
+3 4 4 0 1 1

fn=(466) _dl_sysdep_start_cleanup
147 1 0 0 1 0 0 1
+1 1 1

fl=(76) /usr/src/debug/glibc-2.38-14.fc39.x86_64/elf/../sysdeps/x86/dl-cet.c
fn=(266) _dl_cet_check
252 1 0 0 1
+1 1
cfn=(268) dl_cet_check
calls=1 39 
* 30 9 6 3 0 0 3

fn=(268)
39 8 0 6 1 0 0 1
+3 1 1
+9 1 1
-10 1
+4 1
-4 1
+3 1
+4 2 0 0 1 0 0 1
+1 2
-1 2
+14 2
235 8 7 0 1 0 0 1

fl=(61)
fn=(194)
47 31 0 0 1 0 0 1
+3 62
-3 186 0 93 0 0 1 0 0 1
+6 62
+5 186
+2 124 124
-7 62 6 0 1 0 0 1

fl=(100) /usr/src/debug/glibc-2.38-14.fc39.x86_64/elf/dl-runtime.c
fn=(1412) _dl_fixup
46 473 0 258 2 0 0 2
+2 215 172 0 0 35
+1 43 43 0 3 1 0 2
+6 43
fi=(124) /usr/src/debug/glibc-2.38-14.fc39.x86_64/elf/../sysdeps/x86_64/dl-runtime.h
-27 43
fe=(100)
+21 43 43
+5 43 43 0 0 9
+1 43 43 0 0 10
-6 43
+6 86
+1 43 43 0 0 34
+2 43 43 0 0 3
-2 43
+2 43
-2 215 0 43 4 0 10 2 0 1
+7 86
+4 86 43 0 0 33 0 0 17
+4 43 43 0 0 11
-2 43
+2 86
+4 126 84 0 0 21
+1 168 42 0 2 0 0 2
+1 126 42 0 0 14
+8 43 43 0 1 4
-1 43
+1 86
+2 7 0 7
+1 7
+7 70 14 21 2 3 0 1
cfi=(78)
cfn=(278)
calls=7 773 
* 4822 1311 487 80 173 44 25 3 13
* 360 72 108 1 6 0 1
cfi=(78)
cfn=(278)
calls=36 773 
* 30061 7744 2598 104 571 61 0 67 1
* 43
+4 215 129
+10 430 172 43 3 5 0 2
+15 172 43
+9 129 43 0 0 10
+26 129 43 0 1 7 0 1
fi=(6)
+61 43 0 43
fe=(100)
-57 344 301
-63 28 7 7 2 0 0 2
+62 86 43 0 1 0 0 1
fi=(107) /usr/src/debug/glibc-2.38-14.fc39.x86_64/elf/../sysdeps/x86_64/dl-irel.h
32 2 0 2 2 0 0 1
cob=(2)
cfi=(81)
cfn=(1882)
calls=1 -32 
* 7 3 0 2 0 0 2
cob=(2)
cfi=(81)
cfn=(352)
calls=1 -32 
* 25 5 0 2 2
fe=(100)
+93 4 0 2

fl=(92)
fn=(478) call_init
29 18 9 0 1 2 0 1
-2 108 0 54 1 0 1 1
+8 27 9 0 0 3
+2 18
+6 8 8
+3 8 8
-3 16 0 8
+3 16 8 0 1 6 0 1
+5 14 7
+8 21 7 0 0 6
+1 30 10 5 0 4
cob=(4)
cfi=(91)
cfn=(1070) 0x0000000004865000
calls=1 -60 
* 7 2 0 1 1 0 1
cob=(4)
cfi=(91)
cfn=(522) 0x0000000004949000
calls=1 -60 
* 7 2 0 1 1 0 1
cob=(4)
cfi=(91)
cfn=(512) 0x0000000004b11000
calls=1 -60 
* 7 2 0 1 1 0 1
cob=(4)
cfi=(91)
cfn=(500) 0x0000000004be5000
calls=1 -60 
* 7 2 0 1 1 0 1
cob=(4)
cfi=(91)
cfn=(480) 0x0000000004837000
calls=1 -60 
* 7 2 0 1 0 0 1
+3 7 7 0 0 5
+1 14
+6 12 12 0 1 5 0 1
+2 12 12
-2 6
+3 56
+1 80 20 20 0 3
cob=(8)
cfi=(96)
cfn=(1368)
calls=1 -74 
* 38 5 4 1 0 0 1
cob=(8)
cfi=(96)
cfn=(1080)
calls=1 -74 
* 11165 2713 460 139 44 16 139 16 3
cob=(7)
cfi=(95)
cfn=(1068) 0x00000000000b1d60
calls=1 -74 
* 88 17 18
cob=(7)
cfi=(95)
cfn=(1062) 0x00000000000b1d10
calls=1 -74 
* 265 52 57 1 0 2 1 0 2
cob=(7)
cfi=(95)
cfn=(1036) 0x00000000000b1c50
calls=1 -74 
* 50 25 12 3 2 0 3 1
cob=(7)
cfi=(95)
cfn=(1010) 0x00000000000b1b90
calls=1 -74 
* 50 25 12 3 2 0 3 1
cob=(7)
cfi=(95)
cfn=(992) 0x00000000000b1b10
calls=1 -74 
* 34 17 8 2 2 0 2 1
cob=(7)
cfi=(95)
cfn=(974) 0x00000000000b1a90
calls=1 -74 
* 34 17 8 2 3 0 2 1
cob=(7)
cfi=(95)
cfn=(970) 0x00000000000b1a50
calls=1 -74 
* 178 35 38 1 0 1 1 0 1
cob=(7)
cfi=(95)
cfn=(968) 0x00000000000b1a30
calls=1 -74 
* 88 17 18 1 0 0 1
cob=(7)
cfi=(95)
cfn=(966) 0x00000000000b1a10
calls=1 -74 
* 88 17 18 0 0 1 0 0 1
cob=(7)
cfi=(95)
cfn=(964) 0x00000000000b18b0
calls=1 -74 
* 44 13 28 6 4 5 6 4 5
cob=(7)
cfi=(95)
cfn=(938) 0x00000000000b1790
calls=1 -74 
* 78 7 36 4 1 4 4
cob=(7)
cfi=(95)
cfn=(894) 0x00000000000b15a0
calls=1 -74 
* 2491 379 357 81 67 49 79 12 45
cob=(7)
cfi=(95)
cfn=(886) 0x00000000000b1580
calls=1 -74 
* 12 4 2 2 0 0 2
cob=(7)
cfi=(95)
cfn=(884) 0x00000000000b1570
calls=1 -74 
* 3 1 1
cob=(7)
cfi=(95)
cfn=(872) 0x00000000000b14e0
calls=1 -74 
* 208 42 47 5 0 2 5 0 1
cob=(7)
cfi=(95)
cfn=(866) 0x00000000000b1e30
calls=1 -74 
* 12 1 0 3 0 0 3
cob=(6)
cfi=(94)
cfn=(506)
calls=1 -74 
* 12 1 0 3 0 0 3
cob=(2)
cfi=(81)
cfn=(498)
calls=1 -74 
* 12 7 0 2 4 0 2
* 24 6 6 0 4
cob=(8)
cfi=(96)
cfn=(1074)
calls=1 -74 
* 12 1 0 3 0 0 3
cob=(7)
cfi=(95)
cfn=(526) 0x00000000000b1880
calls=1 -74 
* 41465 11488 5463 354 142 147 354 24 111
cob=(3)
cfi=(83)
cfn=(516)
calls=1 -74 
* 12 1 0 3 0 0 3
cob=(6)
cfi=(94)
cfn=(504)
calls=1 -74 
* 354 17 43 33 3 1 33 3 1
cob=(2)
cfi=(81)
cfn=(490)
calls=1 -74 
* 72 19 11 7 5 3 7 1 1
cob=(5)
cfi=(93)
cfn=(484) 0x0000000000001140
calls=1 -74 
* 12 1 0 2 0 0 2
-1 78
+3 72 63 0 1 1 0 1
-29 2

fn=(476)
81 13 0 6 2 0 0 2
+1 1 1 0 0 1
+1 1 1
+3 3 1
+8 2
+25 1 1
+1 5 0 0 1 0 0 1
+1 5 2
-1 1
+1 1 0 1
cfn=(478)
calls=1 -92 
* 41 15 7 0 2
* 35 14
-1 7
+1 7 0 7
cfn=(478)
calls=7 -92 
* 57434 15078 6718 663 318 231 661 64 171
-1 16
+7 8 7 0 1 1 0 1
-22 1 0 1 1 0 1 1
-17 1 0 1
cfn=(478)
calls=1 -59 
* 84 25 9 8 2 1 8
+1 3 1 1

fl=(7) /usr/src/debug/glibc-2.38-14.fc39.x86_64/elf/dl-minimal.c
fn=(440) lookup_malloc_symbol
61 8 0 4 1 0 0 1
+3 4
-3 12 0 8
+3 4
-3 12 0 4
+3 4
-3 4
+2 4 0 4
+1 16 4 12
cfi=(78)
cfn=(278)
calls=4 773 
* 2878 871 326 0 28 0 0 1
+4 28 16 0 1 0 0 1
+1 28 12
+2 4 0 4
fi=(87) /usr/src/debug/glibc-2.38-14.fc39.x86_64/elf/./dl-sym-post.h
-30 8
+12 12 4
fe=(7)
+19 28 24 0 1 0 0 1

fn=(12) __rtld_malloc_init_stubs
42 1 0 0 1 0 0 1
+1 2 0 1 1 0 1 1 0 1
+1 2 0 1 0 0 1 0 0 1
+1 2 0 1
+1 2 0 1
+1 1 1

fn=(436) __rtld_malloc_init_real
76 2 0 1 1 0 0 1
+10 1
fi=(86) /usr/src/debug/glibc-2.38-14.fc39.x86_64/elf/../sysdeps/generic/dl-hash.h
-41 1
-1 1
fe=(7)
+32 8 0 5
+11 1 0 1
-1 1 0 1 1 0 0 1
fi=(86)
-43 1
+5 3
+14 4
-17 3 1 0 0 1 0 0 1
+3 15
+14 20
-17 15 5
fe=(7)
+46 2
fi=(86)
-24 1
fe=(7)
+22 1 0 1
+2 2 0 0 1 0 0 1
fi=(86)
-19 1 0 1
fe=(7)
+19 1 0 1
cfn=(440)
calls=1 -30 
* 764 234 92 3 8 0 3
+1 3
-1 1
+1 1 0 1
cfn=(440)
calls=1 -31 
* 775 237 92 0 8 0 0 1
+1 3
-1 1
+1 1 0 1
cfn=(440)
calls=1 -32 
* 804 237 92 0 6
+1 3 0 0 1 0 0 1
-1 1
+1 1 0 1
cfn=(440)
calls=1 -33 
* 711 223 86 0 6
+5 1 0 1
+1 1 0 1
+1 1 0 1
+1 1 0 1
+1 8 7

fl=(13)
fn=(26)
289 2 0 1 1 0 0 1
+1 2
-1 2
+1 2 0 1
cfi=(11)
cfn=(28)
calls=1 395 
* 22 4 1 2 1 0 2 1
+2 3 1
-1 1 0 1
+2 2 2

fn=(238) dfs_traversal.part.0
135 144 0 80 2 0 0 2
+10 16 16 0 0 6
-2 16 0 16
+2 32
+2 52 13 0 0 6
-7 76 38
+7 152 38 0 0 1
+9 32 0 0 2 0 0 2
+15 48 16 16
+1 16 0 16
+1 96 96
-17 24 8 0 1 0 0 1

fn=(236)
298 24 0 12 2 0 0 2
+8 2 2 0 0 2
-8 2 0 2
+8 4
+4 16 14 0 2 0 0 2
-99 2 0 0 2 0 0 2
-28 2 0 0 2 0 0 2
-2 2 0 2
+1 4 2
+29 2
-28 8
+1 2 2
-1 2
+1 2 0 2
-1 4
+1 14 14
-1 14
+1 14 0 14
-1 28
+28 30 0 2 2 0 0 2
+8 6 0 0 2 0 0 2
-3 2
+2 2 0 2
+1 4
-3 2 0 2
+5 48
+2 16 16
-83 80 16 16 2 0 0 2
cfn=(238)
calls=16 -5 
* 704 225 128 5 13 0 5
+86 48 16
+18 8 2
+32 8 2 0 4 0 0 4
+7 2 2
+27 2 0 0 2 0 0 2
-47 8 0 2 2 0 0 2
cfi=(31)
cfn=(88)
calls=2 -53 
* 38 10 8 3
* 2

fl=(53)
fn=(170)
68 1162 0 498 1 0 1 1 0 1
+1 332 166 166 0 0 1
cfi=(34)
cfn=(100)
calls=166 +29 
* 5600 1102 0 12 6 0 12 2
* 332
+3 166 166 0 1 0 0 1
+2 332
+6 161 161
-6 322
+1 552 184 184
cfi=(34)
cfn=(100)
calls=184 +23 
* 6359 1258 0 8 0 0 8
* 368
+8 23 23
-13 23
+13 212 212
-1 143
+1 429 429

fn=(218)
36 2 0 1 1 0 0 1
+3 1
-3 7 0 3 1 0 1 1 0 1
+3 1
-3 2 0 1
+3 1 0 1 0 0 1 0 0 1
cfi=(55)
cfn=(180)
calls=1 -11 
* 20 2 2 0 0 1 0 0 1
+1 2
+23 8 6
-21 4 0 1 1 0 0 1
cfi=(58)
cfn=(188)
calls=1 -13 
* 15 1
* 2
+2 2 1 1 0 1 0 0 1
+3 2
+13 2 0 1
cfi=(64)
cfn=(202)
calls=1 -35 
* 6 1
* 1
-11 6 0 1
cfi=(61)
cfn=(194)
calls=1 -2 
* 26 4 3
* 2

fn=(418) _dl_higher_prime_number
87 2 0 0 1 0 0 1
+38 2
-1 2
+3 2
+2 80
+1 30 10 0 0 2 0 0 1
+3 7
-6 24 0 0 1 0 0 1
+18 2 2
+1 2 2
-15 6

fl=(40)
fn=(116)
29 1 0 0 1 0 0 1
fi=(19) /usr/src/debug/glibc-2.38-14.fc39.x86_64/elf/../sysdeps/x86/get-isa-level.h
+2 1 1
fe=(40)
+7 1
fi=(19)
-8 4 0 0 1 0 0 1
fe=(40)
+22 1 1
fi=(19)
-20 3 1
+4 1
fe=(40)
+2 1
fi=(19)
-2 2
+3 4 1
+1 4 1 0 1 0 0 1
+5 1
fe=(40)
-7 1
fi=(19)
+7 3
fe=(40)
-2 1
fi=(19)
+5 2
+3 5 1
+2 4
+1 2 0 0 1 0 0 1
+1 2
+3 1
fe=(40)
-10 1
fi=(19)
+10 3
fe=(40)

fl=(65) /usr/src/debug/glibc-2.38-14.fc39.x86_64/io/../sysdeps/unix/sysv/linux/access.c
fn=(208) access
25 1
+2 7 0 1
+4 1 1

fl=(50) /usr/src/debug/glibc-2.38-14.fc39.x86_64/string/../string/strcspn.c
fn=(156) strcspn
32 6 0 2 1 0 0 1
+1 3 1 0 0 1 0 0 1
+1 2 1
+5 6 0 4 0 0 1 0 0 1
+1 4 0 4 1 0 1 1 0 1
+1 4 0 4 0 0 1 0 0 1
+1 4 0 4 0 0 1 0 0 1
+2 1
+3 3 1 1 1 0 0 1
+1 2
-1 6 2 2
+1 4
+3 4 2
+1 4 2
+1 4 2 0 1 0 0 1
+1 4 2
+2 3
+6 1 1
-1 1
+1 1 1
+2 2 2
-1 2 2 0 1 0 0 1
+2 1 1
+2 6 1
-5 11 11 0 0 1 0 0 1
-1 11
+1 11 11
+2 22 22
-1 22 22
+2 11 11
+2 66 11
+2 1
+1 3
+1 2 2 0 1 0 0 1
-1 1
+1 1 1

fl=(41)
fn=(122)
25 75 0 45 0 0 1 0 0 1
+1 45 15 0 1 0 0 1
+4 36 12 12
+4 48 12 0 0 1 0 0 1
+1 12 0 6
-1 24 6
+2 24
+5 27 0 9
cfi=(43)
cfn=(126)
calls=9 -9 
* 216 27 0 3 0 0 3
+4 18
-3 18
+1 6 0 6
+3 6
+1 42 42 0 1 0 0 1
-20 6
+20 18 18
-4 6 0 3
cfi=(24)
cfn=(68)
calls=3 +14 
* 51 6
* 3
+3 3
-3 6 0 3

fn=(128) _dl_hwcaps_contains
66 6 0 0 1 0 0 1
+1 12
+1 6
+9 6 6

fn=(120)
51 66 0 22 1 0 0 1
+3 22 0 11 0 0 1 0 0 1
cfn=(122)
calls=11 -29 
* 494 100 60 5 1 1 5 1 1
* 6 0 3
cfn=(122)
calls=3 -29 
* 183 33 21
* 28
+2 9 9
+1 27 0 9
+1 42 18 6
cfn=(128)
calls=6 +8 
* 30 6 0 1 0 0 1
* 12
+4 33 33

fl=(31)
fn=(88)
210 36 0 0 3 0 0 1
+1 36
+6 36
+1 36
+2 28 28 0 0 2 0 0 2
+1 28
+1 28
+2 18 18
+1 18 0 18 0 0 6 0 0 6
+1 18 0 18
+2 18 18
+80 8 0 0 1 0 0 1
+1 8
+2 1
+4 1
+1 1
+1 1
+1 1 1 0 0 1 0 0 1
+1 1
+4 1 0 1 0 0 1 0 0 1
+2 1 1
+39 7 7
+1 7 7
+1 7 0 7 0 0 5 0 0 5
+1 7 0 7
+1 7 7
+7 8 8
+1 8 8
+1 8 0 8 0 0 3 0 0 3
+1 8 0 8
+1 8 0 8 0 0 2 0 0 2
+1 8 0 8
+1 8 8
+11 10 0 0 1
+1 10
+2 8 8
+1 8 0 0 2 0 0 1
+1 8
+20 2 0 0 1 0 0 1
+1 2
+4 2
+2 2
+16 2
+3 2
+2 2
+2 2
+4 2
+1 2
+9 1 1 0 0 1 0 0 1
+1 1 1 0 0 1 0 0 1
+2 1
+2 1
+1 1 1
+1 1 1 0 1 0 0 1
+3 1
+2 1
+2 1
+2 1
+6 1 1
+1 1 1
+1 1 1
+1 1 1 0 0 1 0 0 1
+1 1
+1 1 0 1 0 0 1 0 0 1
+1 1 0 1
+1 1 0 1
+1 1 0 1 0 0 1 0 0 1
+1 1
+1 1
+1 1
-11 2 2
+1 2 2
+1 2 2
+1 2 2 0 0 1 0 0 1
+1 2
+1 2 0 2
+1 2 0 2
+1 2 0 2
+1 2 0 2 0 0 2 0 0 2
+1 2
+1 2
+1 2
+2 1 0 1 1 0 1 1 0 1
+1 1 0 1
+1 1 0 1
+1 1 0 1
+2 1 0 1
+4 1 1
+13 1 1
+1 1 1 0 0 1 0 0 1
+2 1
+1 1 1
+1 1 1 0 0 1 0 0 1
+2 1
+2 1
+2 2
+6 1 1 0 1 0 0 1
+1 1 1
+1 1 1 0 0 1 0 0 1
+1 1 1
+1 1
+1 1 0 1 0 0 1 0 0 1
+1 1 0 1
+1 1 0 1 0 0 1 0 0 1
+1 1 0 1
+1 1
+1 1
+1 1
-11 2 2
+1 2 2
+1 2 2 0 0 1 0 0 1
+1 2 2
+1 2
+1 2 0 2
+1 2 0 2
+1 2 0 2 0 0 2 0 0 2
+1 2 0 2
+1 2
+1 2
+1 2
+2 1 0 1
+1 1 0 1
+1 1 0 1
+1 1 0 1
+2 1 0 1
+1 1 1 0 1

fn=(138)
197 44 0 0 1
+1 44
+1 44
+1 44
+17 44
+1 44
+2 18 18 0 0 2
+1 18
+1 18
+2 17 17
+1 17 0 17 0 0 14 0 0 14
+1 17 0 17
+2 17 17
+80 26 0 0 2
+1 26
+2 24
+4 24
+1 24
+1 24
+8 24 24
+39 2 2 0 1 0 0 1
+1 2 2
+1 2 0 2
+1 2 0 2
+1 2 2
+7 1 1
+1 1 1
+1 1 0 1
+1 1 0 1
+1 1 0 1 0 0 1 0 0 1
+1 1 0 1
+1 1 1
+11 1
+1 1
+2 1 1
+1 1
+1 1

fl=(88) /usr/src/debug/glibc-2.38-14.fc39.x86_64/elf/../sysdeps/nptl/dl-mutex.c
fn=(444) __rtld_mutex_init
30 2 0 1 1 0 0 1
+10 3
-10 3 0 2
+10 1
-10 1 0 1
+10 1
-10 1
+7 1 1
+3 2 0 1
cfi=(89)
cfn=(446)
calls=1 +34 
* 201 53 19 7 6 0 7 1
+4 2 0 0 1 0 0 1
+1 8 3
+2 3
-2 1 0 1
+2 3 0 1
cfi=(89)
cfn=(446)
calls=1 +27 
* 239 59 19 0 5 0 0 1
+4 2 0 0 1 0 0 1
+1 7 3 1
+1 6 5

fl=(59)
fn=(190)
154 14
-55 14
+70 21
+1 7 7

fl=(55)
fn=(180)
28 14 0 7 1 0 0 1
+3 7
-3 14 0 7 0 0 1 0 0 1
+3 42
+8 49
+2 14 14

fl=(99)
fn=(1410)
71 43 0 0 4 0 0 1
+5 43 0 43
+3 43
+2 43
+10 43 43 0 0 10
+6 43 0 43 0 0 11 0 0 1
+1 43 0 43
+1 43 0 43
+1 43 0 43
+1 43 0 43
+1 43 0 43
+1 43 0 43 1 0 0 1
+4 43
+1 43
+3 43 0 43 0 0 5 0 0 1
+1 43 0 43
+2 43 0 43
+1 43 0 43
+1 43 0 43
+1 43 0 43
+1 43 0 43 5 0 0 1
+1 43 0 43
+2 43 0 1462 0 0 71 0 0 11
+7 43 43
+1 43 43
+1 43 0 43 0 0 10 0 0 1
cfi=(100)
cfn=(1412)
calls=43 -84 
* 39382 10657 3619 212 952 115 44 87 15
+1 43
+5 43
+1 43
+1 43 1548
+2 43 43
+1 43 43
+1 43 43
+1 43 43 0 4 0 0 1
+1 43 43
+1 43 43
+1 43 43
+2 43
+2 43 43
+4 43
+2 43

fl=(64)
fn=(202)
25 7 0 0 1 0 0 1
+1 28
+1 7 7

fl=(26)
fn=(262) __tls_init_tp
68 2 0 1 1 0 0 1
fi=(125) /usr/src/debug/glibc-2.38-14.fc39.x86_64/elf/../include/list.h
-24 1
fe=(26)
+24 3 0 1
fi=(125)
-25 1 1
fe=(26)
+26 1 1
+3 1
fi=(125)
-29 1 0 1
+1 1 0 1
+1 1 0 1
+2 1 0 1 1 0 0 1
fe=(26)
+28 4 0 1
+1 2 0 1
+1 1 0 1
+5 2 1 1 0 1
+5 1 0 0 1 0 0 1
+6 1
-3 1 0 1
+3 1
-6 3 0 1
+6 1
+12 4 0 1
cfi=(11)
cfn=(28)
calls=1 395 
* 22 4 1 0 1 0 0 1
fi=(75) /usr/src/debug/glibc-2.38-14.fc39.x86_64/elf/../sysdeps/unix/sysv/linux/rseq-internal.h
-73 3 1 0 1 0 0 1
+8 1 0 1
fe=(26)
+81 3 2 1 0 1 1 0 0 1
+7 2 1 1
+1 3 3
fi=(75)
-95 7 0 0 1 0 0 1
+3 2
fe=(26)

fn=(74) __tls_pre_init_tp
53 3 0 0 1 0 0 1
+3 8 0 2 1 0 2 1 0 2
+5 1
-5 1
+5 1 0 1
+1 1 0 1
-6 1 0 1
+8 1 1

fn=(94)
42 180
+2 360 180

fl=(84) /usr/src/debug/glibc-2.38-14.fc39.x86_64/elf/dl-find_object.c
fn=(432) _dlfo_process_initial
474 2 0 2 1 0 0 1
+3 2
-3 6 0 2
+1 2 2
+3 4 2
+26 14 2 0 1 1 0 1
+1 6 2
+1 16 16 0 0 1
-1 32
+3 60 14
+3 56 14 0 1 0 0 1
-7 8 2
+27 2
-2 2 0 2
+2 6 6
-18 42 14 0 1 0 0 1
+3 14
-1 14 0 7
cfi=(85)
cfn=(430)
calls=7 95 
* 431 117 28 0 70 4 0 8 4
+2 28 0 0 1 0 0 1

fn=(434) _dlfo_sort_mappings
536 1 0 0 1 0 0 1
+1 2
+3 4 0 0 1 0 0 1
+4 1
+1 1
-1 1 1
+1 2
-1 5
+1 5
-1 5 5
+1 22
+1 105 21
+3 6
-1 6
-3 63 0 0 1 0 0 1
+8 18 6
+1 12 6
-1 6 6
-13 12 6
+14 18 6 12
+1 12 0 12
-15 12
+17 1 1

fn=(428) _dl_find_object_init
561 2 0 1 1 0 0 1
+3 1 1 0 0 1
-3 3 0 2
+5 2 1
+13 1 0 1 1 0 0 1
cfn=(432)
calls=1 474 
* 144 37 3 5 2 0 5
+1 1 1
-1 1
+1 1
fi=(30)
56 1 1 1 0 1
cfi=(29)
cfn=(84)
calls=1 -21 
* 26 6 6 0 1
fe=(84)
580 1 0 1
fi=(30)
56 1
fe=(84)
582 2
+3 2
+5 1 0 1 1 0 0 1
+1 1 0 1
cfn=(432)
calls=1 474 
* 603 154 38 0 70 4 0 8 4
+3 3 1
+10 4 4
-37 2 0 1 1 0 0 1
cfi=(85)
cfn=(430)
calls=1 95 
* 68 18 4 2 11 1 2 0 1
* 1
+29 2 0 1 1 0 0 1
cfn=(434)
calls=1 -60 
* 320 58 24 3 0 0 3
+3 6 3 1
+2 1

fl=(70)
fn=(230)
25 4 0 0 1 0 0 1
+1 8
+1 2 2

fl=(78)
fn=(278)
773 18474 0 12316 2 0 7 1 0 1
+3 3079 0 0 2 0 0 1
-3 9237 0 6158 0 0 1
+3 3079
-3 12316 0 9237 0 0 20 0 0 3
fi=(79) /usr/src/debug/glibc-2.38-14.fc39.x86_64/elf/../sysdeps/generic/dl-new-hash.h
74 3079 3079 0 0 2002 0 0 1249
+3 6158
-8 3079
+1 6158
+10 3079 3079 0 2 33 0 1 27
+1 6158
-1 60845 60845 0 0 841 0 0 637
+1 121690
+20 62379
-2 62379
+6 62379
-3 124758
+2 62379
-30 62379 62379 0 0 831 0 0 617
+3 124758
fe=(78)
775 3079
+1 3079
+3 3079 0 3079 0 0 12
-4 3079 0 3079
+1 3079 0 3079 3 0 0 2
+7 12258 3050
+5 3079 3079
-2 3079 3079
+2 3079 3079 0 0 4
-2 3079
+6 9237
-15 9237 3079
+15 24757 25 9237 3 0 0 2
+1 43106 21553 21553 3 0 14 2 0 4
cfn=(282) do_lookup_x
calls=3079 348 
* 1258849 401172 142515 233 9290 111 82 1820 49
* 9237
+28 3079 3079
-23 9237 6158
+23 3079
-23 6158 0 0 3 0 0 2
+24 18308 3050
+7 3054 3054
-7 3054
+35 12216 3054
+34 12216 3054
-20 9162 3054 0 3 36 0 2
+3 6108 3054
-57 3079 0 3079
+76 27711 21553
fi=(79)
87 1545 0 0 3 0 0 2
+1 1545
+1 3090
+1 1545 0 0 3 0 0 2
fe=(78)
872 2 0 1 1 0 0 1
-72 150 25 0 1 0 0 1
+18 75 0 0 1 0 0 1
+11 100 0 0 1 0 0 1

fn=(284) check_match
71 46125 6150 18450 10 359 14 4 218 2
+3 18450 6150 0 0 399 0 0 279
+13 3075
-13 3075
+13 3075
-13 3075
+13 9225
+3 7694 772 386 3 0 0 2
cfi=(34)
cfn=(100)
calls=386 +8 
* 19091 3258 0 102 436 0 19 206
* 772
+4 3075 3075 0 0 37
+1 6150
+2 6142
+19 6142 6142 0 0 291 0 0 43
+1 24568 9213 0 4 84 0 2
+2 44 22
+1 2
+42 3053
+1 24600 21525
-18 8
+2 8 8 0 2 3 0 2
+1 4
-1 8
+1 12
-1 8
+4 2
+1 7 3 1
+2 3 1 1
-75 44
+39 9147 6098 3049 3 18 2 2 0 1
cfi=(34)
cfn=(100)
calls=3049 -20 
* 82841 21514 0 24 246 0 1 6
* 6098

fn=(282)
348 27711 0 21553 5 0 10 2 0 2
+1 3079 3079 0 0 10
-1 12316 6158 6158 0 0 13 0 0 3
+6 3079
-6 3079 0 3079
+7 3079 3079
+58 3079
-47 6158 3079
+47 3079 0 0 5 0 0 2
-47 3079
+47 3079 0 3079
-47 9237 3079
+31 40833 13611 0 0 41
+8 13611 13611 0 0 81
-4 13611 0 13611
+1 13611 0 13611
+3 54444 27222 0 6 76 0 2
+1 27222 27222 0 0 10
+3 13611 13611
-3 13611 0 13611
+4 27222
+7 13611 13611
-3 27222 27222
-2 13611 13611 0 0 1793 0 0 122
+5 40833
+3 95277
+99 31677
359 27226 27226 0 5 82 0 2
+3 27226
+4 27242 8
+21 27222 13611 0 5 58 0 2
+4 27222 13611 0 0 9
fi=(4)
139 6108 3054 0 4 0 0 2
+1 9162
fe=(78)
477 6108 0 0 2 0 0 1
fi=(80) /usr/src/debug/glibc-2.38-14.fc39.x86_64/elf/../sysdeps/generic/dl-protected.h
29 12216
fe=(78)
484 17444 3054
+16 5944 2972 2972
+1 2972 0 2972
+22 2972
-21 2972
+21 20886 20804
-21 82
+21 574 574
-99 10056 0 0 4 0 0 2
-1 6704 6704 0 0 2192 0 0 282
+2 6704
+2 3259 3259
+6 9777 0 6518 3 0 0 2
-6 3259
+6 22813 0 13036
+7 14127
-10 38810 7762 0 0 2926 0 0 589
+2 3075 0 0 6 0 0 2
+1 9225 3075
-1 3075 3075
+1 6150 3075 3075 0 0 14 0 0 3
-1 3075
+1 3075 0 3075
+1 3075
-1 3075 0 3075
+1 3075
-1 21525 12300 9225 4 0 15 2 0 3
cfn=(284)
calls=3075 71 
* 285623 83931 21887 148 1873 16 32 752 3
+4 9225
+3 44 22
223 82 82 0 1 0 0 1
+2 82
-2 246 0 164
+2 82
-2 82 0 82 1 0 0 1
+2 328 0 82
+2 82
-2 246 82 164 0 2
cfi=(26)
cfn=(94)
calls=82 42 
* 246 82
+2 82 82 0 0 2 0 0 1
+1 82 82
+1 328 164 0 1 0 0 1
+2 162
+1 81
-1 648 0 405
+1 81
-1 162
+1 162 0 0 1 0 0 1
-1 162 0 81
+1 162
-1 1513 127
+24 352
+3 95
+1 285
-23 176 176 0 1 66 0 1 25
-1 352 176
488 5118 1706 0 3 6 0 2
+35 25
-1 25
+1 176 175 1 1 0 0 1
fi=(30)
44 4 1 2
cfi=(29)
cfn=(80)
calls=1 +34 
* 37 7 6 1 2
* 1
fe=(78)
303 2
-72 1
+70 2 2
+5 1 0 1
+2 1 1 0 1 0 0 1
-7 1
+6 1 0 1
+1 1 0 1
171 12 0 0 1 0 0 1
+1 9
312 6 2
-1 2 0 0 1 0 0 1
+1 486 162
-1 162
+19 246 164 82 1 0 0 1
+2 82 82
-2 328 0 82
+2 82 82 82
cfi=(26)
cfn=(94)
calls=82 42 
* 246 82
+2 164 164
+1 82 0 82
-1 82 0 82
+1 82
177 518 0 0 1 0 0 1
-2 84
+1 252
-3 332 166 0 0 1 0 0 1
+7 82 0 82
+1 82 0 82
+1 82 0 82 0 0 19 0 0 11
+1 82 0 82
319 328 82 0 1 0 0 1
471 413 207 0 3 0 0 1
+2 2
263 1458 648 0 2 0 0 2
+7 10 0 8
cfi=(53)
cfn=(418)
calls=2 87 
* 159 14 0 2 2 0 2 1
fi=(30)
44 2
fe=(78)
270 2
fi=(30)
44 4 2 2 1 0 0 1
cfi=(29)
cfn=(80)
calls=2 +34 
* 74 14 12 0 2
* 2 0 2
fe=(78)
273 4
172 4 2
280 2 2
172 4 0 2
280 20 4 2 1 0 0 1
+1 276 92 0 0 4 0 0 1
+1 140 70
171 70
282 140 140 0 0 6
171 70
282 70
171 70
+1 70
-1 70
+1 210 70 0 1 0 0 1
+1 440
+2 14
+1 42
-3 168 84 0 0 46 0 0 46
+7 70 0 70
+3 70 0 70 0 0 24 0 0 24
-2 70 0 70
+99 278 2 0 1 0 0 1
+6 10 4 4
+2 2
-2 10 2 2
cfi=(29)
cfn=(420)
calls=2 95 
* 10 4
171 2
289 2 2 0 1 0 0 1
-2 2 0 2
+3 4 4
-1 2 0 2
+1 4 2 2
171 4 2
+1 2 2
-1 2
+1 8 2
+88 276 0 0 1 0 0 1
449 1442 1236 0 3 0 0 1
177 10 0 0 1 0 0 1
454 24424 18318 0 3 0 0 2

fl=(2)
fn=(154) handle_preload_list
870 11 0 7 1 0 1 1 0 1
+5 1 1
-5 2 0 2 1 0 1 1 0 1
+5 2
-4 2
+10 2
+7 1
183 1 1
890 2 1
183 2
892 2 1
+1 4 2 1
cfn=(158) do_preload
calls=1 -88 
* 2773 631 344 113 34 36 113 34 36
* 1
-18 2 1
+3 3 0 1 1 0 0 1
cfi=(50)
cfn=(156)
calls=1 32 
* 240 112 21 6 2 4 6 2 4
* 1
+1 3 0 0 1 0 0 1
+2 4 0 1
cfi=(31)
cfn=(88)
calls=1 210 
* 19 5 4 1 0 0 1
+1 2 0 1
+14 9 7

fn=(250) init_tls
735 1 0 1
+6 1 1 0 0 1
-6 3 0 2
+2 2 1 1
+4 2 0 0 1 0 0 1
+11 1
fi=(30)
44 1
fe=(2)
747 1
+4 1
fi=(30)
44 1 1 1
cfi=(29)
cfn=(80)
calls=1 +34 
* 37 7 6
fe=(2)
762 1 1 0 0 1 0 0 1
-12 1 0 1
+6 1
-9 1 0 1 0 0 1 0 0 1
+11 1 0 1
+4 1 0 0 1 0 0 1
+2 3 1
-1 2
+3 16 8 0 0 6
+4 3
+2 3
-2 6 0 3
-5 3 3
-1 6
+1 5 5
-1 10
+10 3 1 0 1 0 0 1
+3 2 0 1
cfi=(47)
cfn=(252)
calls=1 97 
* 82 15 10 3 3 1 3 1
+3 1 0 1
cfi=(47)
cfn=(254)
calls=1 215 
* 152 32 14 6 1 0 6 1
+7 1 0 1
cfi=(47)
cfn=(256)
calls=1 416 
* 465 34 327 6 0 39 6 0 39
* 1
+1 2
+6 1 1
fi=(74) /usr/src/debug/glibc-2.38-14.fc39.x86_64/elf/../sysdeps/generic/dl-call_tls_init_tp.h
31 2
fe=(2)
794 1 0 1
fi=(74)
31 6 0 2 1 0 0 1
+2 1 0 1
cfi=(26)
cfn=(262)
calls=1 +35 
* 77 14 17 5 3 1 5 1 1
fe=(2)
801 1
-3 1 0 1
+3 4 4

fn=(166)
642 2 0 1 1 0 0 1
+2 1
-2 4 0 1
+2 1 1
+1 2 2
-1 2
+1 3 0 1
cfi=(32)
cfn=(168)
calls=1 1945 
* 2630 593 300 100 34 32 100 34 32
* 1 0 1
+2 3 3

fn=(72)
1352 2 0 1 1 0 0 1
197 1
303 1
1352 4 0 3
2566 1
1352 5 0 3
303 1 0 1
1352 2 0 2 0 0 1 0 0 1
199 1 0 1 1 0 0 1
302 1 0 1
197 1 0 1
+99 3 0 3
1363 1 0 1 0 0 1 0 0 1
cfi=(26)
cfn=(74)
calls=1 53 
* 17 1 5 2 0 2 2 0 2
2545 2 1 1 0 0 1 0 0 1
+6 5 1 0 1 0 0 1
-4 1
+4 1 0 1
+2 5 1 2
cfi=(27)
cfn=(76)
calls=1 28 
* 385 130 1 2 0 0 2
* 2 1 1
cfi=(27)
cfn=(76)
calls=1 28 
* 6 3
* 6 0 0 1 0 0 1
+4 3 1
-2 1
+2 3
+1 1
-1 3 1
+1 6
-1 32 6
+9 6 1 0 0 1 0 0 1
2675 4 1 1 1 0 0 1
+19 2 1
1379 1 1
+1 2 1 0 1 0 0 1
-1 2 1 1
+1 2 1
2587 2 1 0 1 0 0 1
+7 2 1
1643 8 0 1 1 0 0 1
cfi=(28)
cfn=(78)
calls=1 59 
* 292 30 54 21 4 12 21 4 12
* 1 0 1
+2 2
+1 1 1
+1 1 1 0 1 0 0 1
+5 1
-5 1 0 1
+1 1 1
-2 2 0 1
+2 2 1 1
+4 1 0 1
cfi=(28)
cfn=(92)
calls=1 31 
* 42 10 9 2 0 0 2
+1 2 1
1357 1 0 1
1117 1 1 0 1 0 0 1
-1 1 1
+29 1
-23 1 1
+2 1 1 0 0 1 0 0 1
+21 2
-19 1 0 1
+1 1 0 1
-5 1 0 1 1 0 0 1
+2 1 0 1 0 0 1 0 0 1
+21 2
+57 1 1
-83 1 0 1
+23 1
+4 1
+19 1
+37 2
-57 1
+57 2 0 0 1 0 0 1
-56 116 22 0 0 7 0 0 7
1251 3 2 1 0 1 0 0 1
1145 18 0 0 1 0 0 1
1257 3 1
+1 22
+6 4 0 1
cfi=(32)
cfn=(96)
calls=1 868 
* 20 8 0 2 1 0 2 1
-7 26
+1 13 13 0 1 0 0 1
+6 13
-6 26
fi=(33)
212 4 4
+1 2 2
95 8 4
+10 2
212 1
105 2 0 0 1 0 0 1
-3 1
+3 1
-2 1
+2 2
-4 1 0 1
-1 2 0 1
+93 4
-1 1
-87 3
+3 3 1 0 1 0 0 1
+1 2 1
+1 2 1
+4 3 1
+4 3 0 1 1 0 0 1
+3 3 1
+1 2
+4 1
+1 5 0 3
+4 2 1 0 1 0 0 1
+1 1 1
+3 2 0 0 1 0 0 1
+3 1
+1 4
+5 4
+7 2
+16 1 1
-3 2 0 0 1 0 0 1
+6 3 2
-28 2
fe=(2)
1150 1 0 0 1 0 0 1
-5 1
+5 2 1 1
-5 2
+30 1 1 0 1 0 0 1
-9 2 2 0 0 1 0 0 1
+2 1 0 1
-3 1 0 1
+10 2
+18 2 0 1
-38 2 2
-10 1
+10 1 0 1
+1 9 2 1
-11 2
+57 4 4 0 1 1 0 1 1
-1 4 4
+1 8
-1 4
+2 8 4 0 1 0 0 1
+1 1 0 1
+2 12 4
+1 14
+4 8 4 0 0 3 0 0 3
+1 8 4 0 1 0 0 1
+1 4 0 4
+1 10 5
+1 1 0 1
+4 1
-74 1
+74 2
-74 2
+74 3
-74 3
+74 6
-74 6
1247 1 1 0 1 0 0 1
1145 1
1247 1 0 1 0 0 1 0 0 1
1145 3 0 0 1 0 0 1
1270 4 2 0 0 1 0 0 1
+3 3 2
+2 3 2 0 1 0 0 1
+2 2 1
1678 3 1
+2 1 0 0 1 0 0 1
-1 1 1
+1 2 2
+1 2 2
-2 1 1
+2 1 1
-2 2 0 1
cfi=(34)
cfn=(100)
calls=1 98 
* 25 7 0 3 1 0 3 1
* 2
+7 1 0 1 1 0 1 1 0 1
+3 1 1
-5 1 0 1
+3 1 0 1
+2 1
+1 2 0 1
+4 2 1
+2 2 1 0 1 0 0 1
fi=(3) /usr/src/debug/glibc-2.38-14.fc39.x86_64/elf/./get-dynamic-info.h
39 4 2
+4 1
+2 3 1 0 0 1 0 0 1
+9 1
+5 1
-1 1
-3 11
+13 3 0 3 0 0 2 0 0 2
-23 12 3
+23 24 0 24 0 0 5 0 0 5
-23 96 24 0 0 6 0 0 6
+4 54 0 0 1 0 0 1
+5 16
+2 5
+16 4 2 0 1 0 0 1
+38 4 2
+5 2 1
+7 3 2 0 1 0 0 1
+1 4 3
+6 3 1
+18 4 2 0 1 0 0 1
+15 4 2 0 1 1 0 1 1
+22 3 2 0 1 0 0 1
fe=(2)
1704 4 2 0 1 0 0 1
+7 2 1 1 1 0 0 1
cfi=(8)
cfn=(14)
calls=1 25 
* 27 8 6 0 1 0 0 1
+3 2 1
fi=(35) /usr/src/debug/glibc-2.38-14.fc39.x86_64/elf/./setup-vdso.h
24 2 1
fi=(38) /usr/src/debug/glibc-2.38-14.fc39.x86_64/elf/./dl-main.h
+88 2 2 0 1 0 0 1
fi=(37) /usr/src/debug/glibc-2.38-14.fc39.x86_64/elf/../sysdeps/unix/sysv/linux/dl-vdso-setup.h
-67 1 0 1
fi=(38)
+67 3 2 1
cfi=(32)
cfn=(112)
calls=1 706 
* 1606 336 305 45 1 10 45 1 10
fe=(2)
1739 3 1 1 1 0 0 1
cfi=(46)
cfn=(144)
calls=1 56 
* 34 7 5 5 1 0 5 1
+7 1 1
-5 1 0 1
-2 1
+7 1
+4 1 1
+1 1 1
+2 1 0 1
-3 3 0 1
+1 2 1 1 1 0 0 1
+3 1 0 1
+11 1 1 0 0 1 0 0 1
-13 1 0 1
+13 1
+1 2 1
+5 1 1
-3 2 1 0 1 0 0 1
+2 1 0 1
+1 2 0 1
+5 3
+1 5 1 0 0 1 0 0 1
-1 2 0 0 1 0 0 1
224 1 1
+1 1 1
-1 1 1
+1 3 2
-1 2 2 0 1 0 0 1
+2 2
1794 2 1 0 1 0 0 1
+5 1 1
-1 1
+1 1
+24 1 0 1
cfi=(47)
cfn=(146)
calls=1 191 
* 6 3 0 1 0 0 1
* 1 0 1
fi=(48) /usr/src/debug/glibc-2.38-14.fc39.x86_64/elf/../sysdeps/generic/dl-debug.h
29 4 2 0 1 0 0 1
+1 1 0 1
fe=(2)
1829 1 0 1
+1 1 0 1
cfi=(46)
cfn=(150)
calls=1 116 
* 2 1 0 1 0 0 1
+1 1
+4 3 1 1
cfi=(49)
cfn=(152)
calls=1 29 
* 22 9 7 3 0 0 3
+5 3 2 0 1 0 0 1
+2 1
+2 2 1
+9 2 1
+16 4 0 1
cfi=(65)
cfn=(208)
calls=1 25 
* 9 1 1
* 2
+76 4 2 0 1 0 0 1
+16 3 1
85 1
1971 1
85 2
1971 1
85 1
1971 5 2
85 1 0 1 1 0 0 1
1971 2 0 1
cfi=(66)
cfn=(210)
calls=1 143 
* 37939 7786 3725 139 250 237 138 232 236
92 1
+9 1 1 0 0 1
1977 1 1
92 2
+9 2 0 1
1977 2
+1 6 2 1 1 0 0 1
-1 4
+1 14 7 7
-1 28
+4 3 2 1
+1 2
+1 1 0 1
+2 30 1 0 1 1 0 1
+1 14 7
+46 1 1 0 0 1
-42 2
+8 3 1 1 1 0 0 1
+1 2
+2 1
+2 3
+2 1 1
-4 1 0 1
+5 1 1
-1 2
+14 2 0 0 1 0 0 1
+1 2 1 1
+1 3 1
-25 1 0 1
+36 2
+2 2 1 0 1 0 0 1
-2 2 0 1 0 0 1
+1 2
+1 1
-1 2 0 1
+1 1 0 1
cfi=(51)
cfn=(240)
calls=1 186 
* 29686 8818 1892 68 165 98 68 144 87
+11 1 1
-1 1 1 0 1 0 0 1
+1 1
+3 2
838 1 1
fi=(126) /usr/src/debug/glibc-2.38-14.fc39.x86_64/elf/../sysdeps/unix/sysv/linux/dl-osinfo.h
39 2 1 0 0 1
fe=(2)
840 1 0 1
fi=(126)
52 1 1
fe=(2)
849 1 0 1
+7 1 0 1
-5 1 0 1 0 0 1
2053 3 1 0 1 1 0 1
2252 2 1
+4 1 1
-4 1 0 1
+10 1 1
-6 1 0 1
+6 1 0 1 0 0 1
-6 1 0 1 1 0 0 1
+9 2 1
+8 2 2
fi=(33)
36 2 2
+1 3
+3 3 3 0 1 0 0 1
+13 10 1 0 0 1
-13 7 7
+9 14 7
-9 1 1
+9 32 8
+4 28 7
-16 24 0 0 1 0 0 1
+34 1 1
fe=(2)
2285 1
fi=(33)
71 1 0 1
cfi=(76)
cfn=(266)
calls=1 252 
* 32 9 6 4 0 0 3
fe=(2)
2287 1 1
-2 2 1
+2 2
+1 7 2 1 1 2 0 1
cfi=(77)
cfn=(270)
calls=1 207 
* 84598 21744 8756 184 621 229 184 558 224
+5 1 0 1
85 2
2298 1 1 0 0 1
85 2
2298 1 1
+1 25 2 2 1 1 0 1
+2 16 16 0 0 8
+5 16 16 0 0 7
+2 16 0 0 1 0 0 1
+6 8 0 8
+2 16
+1 56 14 7 0 6
cfi=(77)
cfn=(270)
calls=7 207 
* 2728837 716533 247155 99 18862 1698 95 8023 917
+4 22 11 0 1 3 0 1
+1 6
-23 3
+23 3 0 3
cfi=(47)
cfn=(378)
calls=3 1009 
* 84 30 21 2 9 1 2
-23 8 2 0 0 1
92 3
+1 1
2331 1 1
93 1 0 1 1 0 0 1
2331 1
+4 4 1
+2 1 0 1
+7 3 1 1 0 1
cfi=(47)
cfn=(426)
calls=1 522 
* 323 71 52 10 12 6 7 0 6
+3 2 1 0 1 0 0 1
+4 3 2 0 0 1
+2 2 1
+33 3 1 1
cfi=(90)
cfn=(452)
calls=1 27 
* 616 136 61 18 34 5 17 11 5
+7 1 0 1
cfi=(9)
cfn=(466)
calls=1 147 
* 2 1 0 1 0 0 1
+3 3 0 1
cfi=(49)
cfn=(468)
calls=1 41 
* 9 3 0 1 0 0 1
+4 2 0 1
cfi=(46)
cfn=(204)
calls=1 38 
* 7 2 0 2 1
+1 1 0 1
-1 1
+2 1 0 1
cfi=(46)
cfn=(150)
calls=1 116 
* 2 1
+1 1
+4 1 0 1
cfi=(67)
cfn=(470)
calls=1 525 
* 19 5 4 2 1 0 2
+5 8 7 0 0 1
2310 1 0 1 1 0 1 1
+1 1 1
-3 2 0 0 1 0 0 1
226 3
1779 1 1 0 1 1 0 1 1
+6 1 1 0 0 1 0 0 1
-6 2 1 1 0 0 1 0 0 1
+6 1
fi=(33)
198 9 2 0 2 0 0 2
+2 1 1
+1 1 0 1
+1 1 0 1
-2 1
+3 1 0 1
-3 2 0 1
+3 1
fi=(3)
59 4 0 0 1 0 0 1
+3 4 0 0 1 0 0 1
+2 4
fi=(36) /usr/src/debug/glibc-2.38-14.fc39.x86_64/elf/../sysdeps/unix/sysv/linux/dl-vdso.h
-24 2 1
+1 5 0 2
fi=(37)
-11 1 0 1 1 0 0 1
+3 1 0 1
+3 1 0 1
+3 1 0 1
fi=(36)
+16 2
fe=(2)
1749 4 2 1 1 0 0 1
2363 1 0 1 1 0 0 1
cfi=(84)
cfn=(428)
calls=1 561 
* 1201 285 86 15 86 5 15 8 5
+5 3 1 1
cfi=(7)
cfn=(436)
calls=1 76 
* 3165 944 380 7 29 0 7 2
+3 1 0 1 1 0 0 1
cfi=(88)
cfn=(444)
calls=1 30 
* 487 124 46 10 11 0 10 2
85 1
2377 1 0 1
+1 3 2
85 3
2378 2 0 1
cfi=(77)
cfn=(270)
calls=1 207 
* 1996 599 229 2 26 2 1 1
92 3
+9 3 0 1 1 0 1 1
2046 2 0 1 1 0 0 1
cfn=(250)
calls=1 735 
* 917 129 393 24 15 42 24 4 41
* 2 0 1
2594 2 1 0 1 0 0 1
+2 2 0 1
+1 1 0 0 1 0 0 1
1949 10 0 0 2 0 0 2
85 1 0 0 1 0 0 1
1848 2 2 0 1 0 0 1
85 3
1848 2 0 1
cfn=(154)
calls=1 870 
* 3089 762 382 124 36 42 124 36 42
* 1
92 3
+9 3 0 1
1949 6 0 1 2 0 0 2
+1 1
-1 1
+4 3 0 1
+1 1 1
+1 2
+1 2
-7 2

fn=(242)
675 2 0 1 1 0 0 1
+2 1
-2 4 0 1
+2 3 2 1
cfi=(73)
cfn=(244)
calls=1 392 
* 29649 8805 1881 64 165 98 64 144 87
* 2
+4 3 3 0 1 0 0 1

fn=(158)
805 1 0 1 1 0 0 1
+12 1
-12 3 0 2
+12 1
-12 1
+12 1
-12 3 0 1 1 0 0 1
+6 1 0 1
+6 1
-2 1 1
-3 1 0 1
+5 1
-10 1 0 1
+6 1 0 1
+4 1 0 1
cfi=(51)
cfn=(160)
calls=1 254 
* 2742 623 335 110 34 36 110 34 36
+1 3 1
+8 3 1 0 1 0 0 1
+6 6 5

fn=(2)
518 16 0 8 2 0 1 2 0 1
85 1
548 1 0 1 0 0 1 0 0 1
85 1
544 1 0 1 0 0 1 0 0 1
85 1
547 1
85 1 0 1 0 0 1 0 0 1
fi=(3)
-40 1 1 0 0 1 0 0 1
fe=(2)
547 1 0 1 1 0 1 1 0 1
fi=(3)
45 2
+23 1
-14 1
+5 1
-1 1
-3 14
+13 4 0 4 0 0 3 0 0 3
-23 16 4 0 0 1 0 0 1
+23 14 0 14 0 0 4 0 0 4
-23 56 14 0 0 3 0 0 3
+4 36 0 0 1 0 0 1
+5 20
+2 5
+3 4 0 0 1 0 0 1
fi=(4)
+20 1 1
fi=(3)
+31 1 1 0 0 1 0 0 1
-38 3
+12 4 1 1 1 0 0 1
+1 3 1
+1 4 1 1
+1 4 1 1
+1 5 1 1 1 0 0 1
+1 3 1
+1 4 1 1
+1 4 1 1
+12 7 2 0 1 0 0 1
+7 2
+13 3 2
+6 3 1 0 1 0 0 1
+1 3 2
+3 2 1
+1 3 1
+5 5 2 0 1 0 0 1
+3 5 2
fe=(2)
564 90 7 10 2 1 3 2 1 3
fi=(4)
79 1
fe=(2)
564 3 1 1 0 0 1 0 0 1
fi=(4)
79 2
fe=(2)
564 25 4 4 4 0 0 4
fi=(6)
273 3 0 1
fi=(5)
49 1 1
fe=(2)
564 1 1
fi=(5)
50 1 1
-1 2
+4 1 1
-3 1
+3 4 1
+3 2 0 0 1 0 0 1
-7 1 1
fe=(2)
564 1 1
fi=(5)
50 1 1
-1 2
+4 1 1
-3 1
+3 4 1
+3 2
+7 3 3 0 0 1 0 0 1
+2 3 3
-2 6
fi=(6)
264 3 0 0 1 0 0 1
fi=(5)
64 6
fi=(6)
264 6
+9 24 9 0 0 3 0 0 3
+3 6 3
+1 6
+26 9
+4 2 0 2 0 0 1 0 0 1
fi=(5)
61 13 0 0 1 0 0 1
fe=(2)
564 6
fi=(5)
51 1 1
fi=(4)
+28 2 1
fi=(3)
-17 4 0 0 1 0 0 1
+2 4
fe=(2)
566 1 0 1
+13 1 0 1 0 0 1 0 0 1
cfi=(7)
cfn=(12)
calls=1 42 
* 10 1 4 2 0 2 2 0 2
458 2 0 1 1 0 0 1
85 1
476 2
85 3 0 1
476 1 0 1
cfi=(8)
cfn=(14)
calls=1 25 
* 27 8 6 3 1 1 3 1 1
+2 1 1
+17 1 1
-15 1
+15 1
-18 1 0 1 1 0 0 1
+3 1 0 1 0 0 1 0 0 1
+9 1 0 1
-11 1 0 1
+17 1 0 1
cfi=(9)
cfn=(16)
calls=1 102 
* 2939987 766621 264394 1014 20340 2429 1000 9164 1622
* 1 0 0 1
+2 2 1
+89 9 7 0 1 1 0 1
fi=(3)
103 3 0 1 1 0 0 1
fe=(2)

fl=(71)
fn=(232)
30 78 0 24 1 0 0 1
+4 6
+1 12
+10 12 6

ob=(9)
fl=(97)
fn=(1384)
0 2 0 0 1 0 0 1

fn=(1376)
0 12 2 3 1 2 0 1
cob=(2)
cfi=(81)
cfn=(1378)
calls=1 0 
0 37888518329 16051644870 8434362099 2524 255430518 818642 1260 6960 55442

fl=(116) /usr/include/c++/13/bits/chrono.h
fn=(2414) std::chrono::duration<long, std::ratio<1l, 1000000000l> >::duration<long, void>(long const&)
573 4 0 3
+1 7 5 1

fn=(2416) std::enable_if<std::chrono::__is_duration<std::chrono::duration<long, std::ratio<1l, 1000l> > >::value, std::chrono::duration<long, std::ratio<1l, 1000l> > >::type std::chrono::duration_cast<std::chrono::duration<long, std::ratio<1l, 1000l> >, long, std::ratio<1l, 1000000000l> >(std::chrono::duration<long, std::ratio<1l, 1000000000l> > const&)
273 4 0 2
+14 3 1 1
cfn=(2418) std::chrono::duration<long, std::ratio<1l, 1000l> > std::chrono::__duration_cast_impl<std::chrono::duration<long, std::ratio<1l, 1000l> >, std::ratio<1l, 1000000l>, long, true, false>::__cast<long, std::ratio<1l, 1000000000l> >(std::chrono::duration<long, std::ratio<1l, 1000000000l> > const&)
calls=1 -79 
* 43 13 11 2 0 0 1
+4 2 2

fn=(2422) std::chrono::duration<long, std::ratio<1l, 1000l> >::count() const
589 3 0 2
+1 4 4

fn=(2408) std::chrono::time_point<std::chrono::_V2::system_clock, std::chrono::duration<long, std::ratio<1l, 1000000000l> > >::time_since_epoch() const
949 6 0 4 1 0 0 1
+1 8 8

fn=(2412) std::chrono::duration<long, std::ratio<1l, 1000000000l> >::count() const
589 9 0 6 1
+1 12 12

fn=(2410) std::common_type<std::chrono::duration<long, std::ratio<1l, 1000000000l> >, std::chrono::duration<long, std::ratio<1l, 1000000000l> > >::type std::chrono::operator-<long, std::ratio<1l, 1000000000l>, long, std::ratio<1l, 1000000000l> >(std::chrono::duration<long, std::ratio<1l, 1000000000l> > const&, std::chrono::duration<long, std::ratio<1l, 1000000000l> > const&)
710 6 0 4 1
+6 6 2 2 1 0 1 1
cfn=(2412)
calls=1 589 
* 7 4 2 1
* 7 2 2
cfn=(2412)
calls=1 589 
* 7 4 2
* 8 0 2 1 0 0 1
cfn=(2414)
calls=1 573 
* 11 5 4
* 1 1
+1 3 3

fn=(2406) std::common_type<std::chrono::duration<long, std::ratio<1l, 1000000000l> >, std::chrono::duration<long, std::ratio<1l, 1000000000l> > >::type std::chrono::operator-<std::chrono::_V2::system_clock, std::chrono::duration<long, std::ratio<1l, 1000000000l> >, std::chrono::duration<long, std::ratio<1l, 1000000000l> > >(std::chrono::time_point<std::chrono::_V2::system_clock, std::chrono::duration<long, std::ratio<1l, 1000000000l> > > const&, std::chrono::time_point<std::chrono::_V2::system_clock, std::chrono::duration<long, std::ratio<1l, 1000000000l> > > const&)
1141 5 0 3 1
+2 3 1 1
cfn=(2408)
calls=1 949 
* 7 4 2 1 0 0 1
* 4 1 2
cfn=(2408)
calls=1 949 
* 7 4 2
* 6 0 2
cfn=(2410)
calls=1 710 
* 56 21 18 4 0 1 2
* 2 2

fn=(2418)
208 4 0 2 1
+4 3 1 1
cfn=(2412)
calls=1 589 
* 7 4 2
* 9
-1 6 0 2 1 0 0 1
cfn=(2420) std::chrono::duration<long, std::ratio<1l, 1000l> >::duration<long, void>(long const&)
calls=1 573 
* 11 5 4
+1 1 1
+1 2 2

fn=(2420)
573 4 0 3
+1 7 5 1

fl=(105)
fn=(1586)
403 8 0 4 1 0 0 1
+3 2 0 2 1 0 0 1
cfi=(106) /usr/include/c++/13/x86_64-redhat-linux/bits/c++config.h
cfn=(1588) std::__is_constant_evaluated()
calls=2 2838 
* 10 4 2 1 0 0 1
* 4
+3 6 2 2
cob=(2)
cfi=(81)
cfn=(652)
calls=2 0 
* 28 4 0 0 1
cob=(1)
cfi=(99)
cfn=(1410)
calls=1 71 
* 892 301 142 3 12 0 1 1
* 6 4 2 1 0 0 1
* 2
+1 4 4

fl=(101)
fn=(2436) cppdescent::readBinGraph(char const*, int)
163 8 0 6 1 0 0 1
+1 4 1 1
cob=(2)
cfi=(81)
cfn=(1454)
calls=1 0 
* 662 166 145 58 8 6 9
* 1 1 0 1
* 1 0 1
+1 2 1 0 1 0 0 1
+1 2
+36 6 5 0 1 0 0 1

fn=(2260) getOther(Neighbor*, int)
78 185400 0 111240 1 0 0 1
+3 74160 37080
+1 79182 26394 26394
cfi=(114)
cfn=(1982)
calls=26394 +28 
* 184758 105576 52788 0 7851
* 52788 0 26394
cfi=(114)
cfn=(1984)
calls=26394 +14 
* 184758 105576 52788 0 20011
* 52788 0 26394
+2 32058 10686 10686 1
cfi=(114)
cfn=(1982)
calls=10686 +26 
* 74802 42744 21372 0 66
* 21372 0 10686
cfi=(114)
cfn=(1986)
calls=10686 +11 
* 74802 42744 21372 0 8378
* 10686 0 10686
+2 10686 10686
+1 21372 21372
-1 26394 26394 0 2
+1 52788 52788

fn=(2358) updateNN(Graph*, void*, void*, float, float (*)(void*, void*))
364 6841040 0 5472832
+1 2052312 684104 684104
cfi=(114)
cfn=(1942)
calls=684104 83 
* 4788728 2736416 1368208 0 3
* 684104 0 684104
+1 2052312 684104 684104 1 0 0 1
cfi=(113)
cfn=(2360) PQueue::getMax()
calls=684104 95 
* 36257512 14366184 8893352 4 0 0 1
+1 1368208 0 684104
cfi=(114)
cfn=(1982)
calls=684104 110 
* 4788728 2736416 1368208
* 1368208 0 684104
cfi=(114)
cfn=(1984)
calls=684104 96 
* 4788728 2736416 1368208
* 684104 0 684104
+2 2736416 1368208 684104
cfi=(114)
cfn=(1912)
calls=684104 85 
* 4788728 2736416 1368208 0 572529
* 2736416 684104 684104
cfi=(114)
cfn=(1912)
calls=684104 85 
* 4788728 2736416 1368208
* 2052312 0 684104
cfn=(1988)
calls=684104 667 
* 5717741232 2545550984 1242332864 0 37752055
* 1368208 0 684104 1 0 0 1
+2 2052312 1368208
+1 56152 28076 14038
cfi=(114)
cfn=(1912)
calls=14038 85 
* 98266 56152 28076
* 56152 14038 14038
cfi=(114)
cfn=(1912)
calls=14038 85 
* 98266 56152 28076
* 56152 0 14038
cfi=(112)
cfn=(2362)
calls=14038 224 
* 4163040473 1786612572 917255435 76 27060294 201620 16 0 13072
+2 56152 28076 14038 1 14038 0 1
cfi=(114)
cfn=(1912)
calls=14038 85 
* 98266 56152 28076 0 13608
* 56152 14038 14038
cfi=(114)
cfn=(1912)
calls=14038 85 
* 98266 56152 28076 0 9494
* 56152 0 14038
cfi=(112)
cfn=(1968)
calls=14038 192 
* 1971360490 810164338 443077108 28 16898574 84886 0 0 995
+2 28076
+3 670066
+1 3420520 2736416 0 0 27925

fn=(2438) cppdescent::KNNBruteForceGraph(Vector*, int, int (*)(void*, void*))
269 9 0 7 2 0 0 1
+1 2 0 1
cob=(7)
cfi=(95)
cfn=(1522)
calls=1 0 
* 1201 229 165 27 41 2
* 1 1 0 1
* 7 0 1
cfi=(112)
cfn=(1876)
calls=1 113 
* 323 83 54 13 4 1
* 1 0 1
+3 3 1 1
cfi=(102)
cfn=(1570)
calls=1 34 
* 7 4 2 0 1
* 1 0 1 1 0 0 1
+1 2 0 1
+1 1200 600 200
cfi=(102)
cfn=(1894)
calls=200 69 
* 5800 2600 1200 1 170
* 600 0 200
cfi=(112)
cfn=(1896)
calls=200 134 
* 4702083 1774229 1126238 82 47227 1426 0 0 912
-1 803 402 200 0 47 72
+3 2 0 1 1 0 0 1
+1 1000 400 200
cfi=(102)
cfn=(1894)
calls=200 69 
* 5800 2600 1200 0 400
* 200 0 200
+1 400 0 200
cob=(7)
cfi=(95)
cfn=(1522)
calls=200 0 
* 11965 3027 1813 0 17 1
* 200 200 0 0 1
* 1600 200 200 1 0 0 1
cfi=(113)
cfn=(1900)
calls=200 71 
* 64232 16232 10219 0 548 2 0 0 2
* 200 0 200
+2 400 0 200
+1 120000 80000
+3 199000 79600 39800
cfi=(102)
cfn=(1894)
calls=39800 69 
* 1154200 517400 238800 0 31266
* 39800 0 39800
+1 79600 0 39800 1 0 0 1
cob=(7)
cfi=(95)
cfn=(1522)
calls=39800 0 
* 4213158 930651 538568 0 44089 4167 0 0 1977
* 39800 39800 0 0 1068
* 278600 119400 39800
cfi=(114)
cfn=(1938)
calls=39800 93 
* 716400 318400 318400 0 0 2640
* 39800 0 39800
+2 119400 39800 39800
cfi=(113)
cfn=(1946) PQueue::getSize()
calls=39800 91 
* 676600 318400 199000
* 159200 39800 0 1 0 0 1
+1 50000 20000 10000
cfi=(113)
cfn=(1972)
calls=10000 112 
* 324997321 144289823 70826533 21 1227873 5678 3 0 2311
* 10000
+1 119200 59600 29800
cfi=(113)
cfn=(2360)
calls=29800 95 
* 1579400 625800 387400 0 7304
* 149000 29800 29800
cfn=(2440) cppdescent::compareEdgesEuclidean(void*, void*)
calls=29800 686 
* 500314376 222637976 108948800 0 2726820
* 89400
+1 41436 13812 13812 1 0 0 1
cfi=(113)
cfn=(2360)
calls=13812 95 
* 732036 290052 179556
* 13812 0 13812
+1 41436 13812 13812
cfi=(113)
cfn=(2442) PQueue::removeMax()
calls=13812 120 
* 2098834468 932545331 457555205 8 8299713 45032 2
+1 82872 13812 13812
cob=(7)
cfi=(95)
cfn=(1952)
calls=13812 0 
* 1318244 378549 192243 4 157603 1125
* 13812 13812 0 0 13812
+1 69060 27624 13812 0 13802
cfi=(113)
cfn=(1972)
calls=13812 112 
* 429307128 190709076 93593820 0 1963035 12112
* 13812
+2 47964 15988 15988
cfn=(2444) destroyEdges(GraphVertexPair*)
calls=15988 28 
* 1728954 498668 271188 1 7424 0 1
* 15988
-13 200
-2 160600 80400 40000 1 183 14139 1
+19 400 0 200
+1 30000 10000 10000 0 8726
cfi=(113)
cfn=(2360)
calls=10000 95 
* 530000 210000 130000 0 24593 215
* 10000 0 10000
+1 30000 10000 10000 1 0 0 1
cfi=(113)
cfn=(2442)
calls=10000 120 
* 1123446238 499099974 244928560 1 4860941 7952
+1 30000 10000 10000 0 7588
cfi=(114)
cfn=(1984)
calls=10000 96 
* 70000 40000 20000 0 8445
* 10000 0 10000
+1 60000 10000 10000
cob=(7)
cfi=(95)
cfn=(1952)
calls=10000 0 
* 1223740 318960 130208 0 105709 7450
* 10000 10000 0 0 8045
+1 60000 30000 10000
cfi=(112)
cfn=(1968)
calls=10000 192 
* 1213701113 494084347 271979235 35 10775506 117951 0 0 8335
-5 40600 20400 10000 0 0 9963
+8 1000 200 200 0 173
cfi=(113)
cfn=(1956)
calls=200 86 
* 73198 21630 11692 2 878 1
* 600 0 200
cob=(7)
cfi=(95)
cfn=(1952)
calls=200 0 
* 24600 6400 2600 0 46
* 200 200
-31 803 402 200 2 0 0 2
+34 2 1
+1 6 5 0 1

fn=(2458) cppdescent::recall(Graph*, Graph*, int, int)
204 8 0 6 1 0 0 1
+1 3 1 1
cfi=(112)
cfn=(2004)
calls=1 -42 
* 7 4 2 1 1
* 1 0 1
+1 3 1 1
cfi=(112)
cfn=(2004)
calls=1 -43 
* 7 4 2 0 1
* 1 0 1
+2 2 0 1
+2 2 0 1 1 0 0 1
+1 200 0 200
+1 1200 600 200
cfi=(102)
cfn=(1894)
calls=200 69 
* 5800 2600 1200 0 200
* 600 0 200
cfi=(112)
cfn=(2236)
calls=200 +33 
* 6000 2600 2200 1 305
* 200 0 200
+2 1200 600 200 1 0 0 1
cfi=(102)
cfn=(1894)
calls=200 69 
* 5800 2600 1200 0 399
* 600 0 200
cfi=(112)
cfn=(2236)
calls=200 +31 
* 6000 2600 2200 0 346
* 200 0 200
+2 400 0 200
+1 60000 30000 10000
cfi=(102)
cfn=(1894)
calls=10000 69 
* 290000 130000 60000 0 1802
* 40000 0 10000
cfi=(102)
cfn=(1902)
calls=10000 87 
* 2838782000 1081083000 547593600 4 814595 0 4
+1 20000
-1 20000
+2 9800 0 9800 0 0 419
-3 39200 9800 19600
cfi=(102)
cfn=(1570)
calls=9800 34 
* 68600 39200 19600 0 412
* 800 200 400 0 0 19
cfi=(102)
cfn=(1570)
calls=200 34 
* 1400 800 400 0 18
* 600 200 200 1 0 0 1
cfi=(102)
cfn=(1570)
calls=200 34 
* 1400 800 400 0 99
* 40800 10200
+5 1600 600 200
-11 800 200 400
cfi=(102)
cfn=(1570)
calls=200 34 
* 1400 800 400 0 200
* 3 1 1 1 0 0 1
cfi=(102)
cfn=(1570)
calls=1 34 
* 7 4 2
* 804 201
+14 5 2 1
+1 4 2 1 1 1
+2 1 1
+1 3 3

fn=(1988)
667 14446000 0 8667600 3 0 2 1
+1 5778400 2889200 2889200
+1 5778400 2889200 2889200
+1 5778400 0 2889200
+2 8667600 2889200 2889200 0 0 67466
cfi=(102)
cfn=(1570)
calls=2889200 34 
* 20224400 11556800 5778400 0 197292 2483
* 2889200 0 2889200
+2 8667600 2889200 2889200 3 0 0 1
cfi=(102)
cfn=(1570)
calls=2889200 34 
* 20224400 11556800 5778400 0 1673333
* 11556800 2889200
+3 5778400 0 2889200
+1 1444600000 577840000 288920000
cfi=(102)
cfn=(1894)
calls=288920000 69 
* 8378680000 3755960000 1733520000 0 3252757 118042
* 2022440000 866760000 577840000 3 13690300 0 1
cfi=(102)
cfn=(1894)
calls=288920000 69 
* 8378680000 3755960000 1733520000 0 21683257
* 1155680000 577840000 288920000 0 89586291
+1 1444600000 577840000 288920000
-2 1164347600 583618400 288920000 1 0 0 1
+5 8667600 2889200 2889200
cob=(3)
cfi=(83)
cfn=(1994)
calls=2889200 0 
* 23113600 2889200 0 10 0 0 3
cob=(1)
cfi=(99)
cfn=(1410)
calls=1 71 
* 852 279 140 0 57 21 0 5
* 2889204 2889202 2 1 63884
* 5778400 0 2889200
+1 2889200 2889200
+1 5778400 5778400

fn=(2476) cppdescent::deleteDatapointVectors(Vector*)
244 5 0 3
+1 2 1
+2 3 1 1
cfi=(102)
cfn=(1570)
calls=1 34 
* 7 4 2 0 1
* 1 0 1
+1 2 0 1 1 0 0 1
+1 1000 400 200
cfi=(102)
cfn=(1894)
calls=200 69 
* 5800 2600 1200 0 26
* 1000 0 200
cfi=(102)
cfn=(1960)
calls=200 21 
* 3583212 1092850 507504 0 12652 1
* 600 0 200
cob=(7)
cfi=(95)
cfn=(1952)
calls=200 0 
* 24600 6400 2600
* 200 200
-1 803 402 200
+4 5 1 1
cfi=(102)
cfn=(1960)
calls=1 21 
* 194 54 35 0 1
* 3 0 1
cob=(7)
cfi=(95)
cfn=(1952)
calls=1 0 
* 123 32 13
* 1 1
+1 1
+1 3 3

fn=(2254) getSets(Vector*, int, float)
406 3600 0 2800 1 0 0 1
+1 1200 400 400
cfi=(102)
cfn=(1570)
calls=400 34 
* 2800 1600 800
* 2800 0 400 1 0 0 1
cob=(7)
cfi=(95)
cfn=(2012) operator new[](unsigned long)
calls=400 0 
* 219169 49606 31069 16 735 164 0 143 155
* 400 400 0 0 5
* 400 0 400
+1 800 0 400
+1 280000 80000 40000
cob=(7)
cfi=(95)
cfn=(2012)
calls=40000 0 
* 6682880 1463715 808503 18 1285 1075 1 9 1019
* 40000 40000
* 40000 0 40000 0 0 3675 0 0 2417
-1 160000 40000 80000
cfi=(102)
cfn=(1570)
calls=40000 34 
* 280000 160000 80000
* 1200 400 400 1 0 0 1
cfi=(102)
cfn=(1570)
calls=400 34 
* 2800 1600 800
* 161600 40400
+3 1200 400 400
cfi=(102)
cfn=(1570)
calls=400 34 
* 2800 1600 800
* 3200 400 400 1 0 0 1
cob=(7)
cfi=(95)
cfn=(2012)
calls=400 0 
* 64290 12898 7166 0 286 132 0 52 130
* 400 400
* 400 0 400
+1 800 0 400
+1 140000 40000 20000
cob=(7)
cfi=(95)
cfn=(2012)
calls=20000 0 
* 3458721 751543 403947 3 697 2358 0 0 2260
* 20000 20000
* 20000 0 20000 0 0 1701 0 0 1067
-1 80000 20000 40000
cfi=(102)
cfn=(1570)
calls=20000 34 
* 140000 80000 40000
* 1200 400 400 1 0 0 1
cfi=(102)
cfn=(1570)
calls=400 34 
* 2800 1600 800
* 102000 40800
+3 800 0 400
+2 320000 120000 40000 0 7 76
+2 320000 120000 40000
-4 160000 40000 80000
cfi=(102)
cfn=(1570)
calls=40000 34 
* 280000 160000 80000
* 1200 400 400 11 0 0 1
cfi=(102)
cfn=(1570)
calls=400 34 
* 2800 1600 800
* 161600 40400
+7 800 0 400
+2 160000 60000 20000 0 0 11
-2 80000 20000 40000
cfi=(102)
cfn=(1570)
calls=20000 34 
* 140000 80000 40000
* 1200 400 400 3 0 0 1
cfi=(102)
cfn=(1570)
calls=400 34 
* 2800 1600 800
* 102000 40800
+6 800 0 400
cob=(7)
cfi=(95)
cfn=(1522)
calls=400 0 
* 79585 16445 8808 0 27 73 0 0 70
* 400 400 0 0 11
* 2400 0 400 2 0 0 1
cfi=(102)
cfn=(1524)
calls=400 14 
* 113908 24424 13724 0 37 289 0 0 272
* 400 0 400
+2 800 0 400
cob=(7)
cfi=(95)
cfn=(1522)
calls=400 0 
* 66009 13428 7344 0 12 73 0 0 72
* 400 400
* 2400 0 400
cfi=(102)
cfn=(1524)
calls=400 14 
* 128757 26107 15469 0 46 366 0 0 337
* 400 0 400
+2 400 0 400
+1 400 0 400 2 0 0 1
+2 800 0 400
+1 200000 80000 40000
cfi=(102)
cfn=(1894)
calls=40000 69 
* 1160000 520000 240000 0 148
* 40000 0 40000
+3 120000 40000 40000
cfi=(114)
cfn=(2256)
calls=40000 109 
* 280000 160000 80000 0 36252
* 160000 0 0 2 0 0 1
+2 140144 70072 17518 0 26 203
+1 52554 17518 17518
cfi=(114)
cfn=(2258)
calls=17518 108 
* 140144 52554 52554 1
+1 52554 35036
+1 69520 26070 8690 2 0 0 1
+1 35036 0 17518
+1 67446 44964
+2 45240 11310 11310
cfn=(2260)
calls=11310 78 
* 350610 147030 113100 1 8405
* 11310 0 11310
+1 56550 22620 11310
cfi=(102)
cfn=(1904)
calls=11310 38 
* 659405 248115 126550 2 102 1180 0 18 1132
* 11310
+3 89376 44688 11172 1 16 61 1
+1 11172 0 11172
-18 44688 11172 22344
cfi=(102)
cfn=(1570)
calls=11172 34 
* 78204 44688 22344
* 115312 28828 57656
cfi=(102)
cfn=(1570)
calls=28828 34 
* 201796 115312 57656
* 1200 400 400 1 0 0 1
cfi=(102)
cfn=(1570)
calls=400 34 
* 2800 1600 800
* 161600 40400
+22 4000 1200 0 2 0 0 1
+2 296 0 148
+2 29198 13476 2246 0 2
cfi=(102)
cfn=(1894)
calls=2246 69 
* 65134 29198 13476 0 5
* 6738 0 2246
cfn=(2260)
calls=2246 78 
* 68611 29198 22460 0 329
* 2246 0 2246
+1 11230 4492 2246
cfi=(102)
cfn=(1904)
calls=2246 38 
* 149397 52833 26756 2 44 271 0 2 260
-3 9576 4788 2246 2 0 0 1
+7 504 0 252 2 0 0 1
+1 7812 0 7812
cob=(2)
cfi=(81)
cfn=(1930)
calls=7812 0 
* 445020 132804 85932 8 401 59
* 7812 7812 0 0 9
* 23436 7812 7812
+3 7812
+1 4862 0 4862
cob=(2)
cfi=(81)
cfn=(1930)
calls=4862 0 
* 276994 82654 53482 0 21
* 4862 4862
* 14586 4862 4862
-1 126740 50696 0 2 43 0 1
+4 62496 23436 7812
+4 54684 23436 0 2 0 0 1
-1 93744 46872 7812
cfi=(102)
cfn=(1894)
calls=7812 69 
* 226548 101556 46872 0 13
* 23436 0 7812
cfn=(2260)
calls=7812 78 
* 238213 101556 78120 2 5649 0 1
* 7812 0 7812
+3 39060 15624 7812
cfi=(102)
cfn=(1904)
calls=7812 38 
* 493823 178860 90764 17 187 1192 0 11 1073
-14 88452 24192 7812 4 0 0 2
+18 2800 1200
+1 184 0 92
+1 3920 1568 784
cfi=(102)
cfn=(1894)
calls=784 69 
* 22736 10192 4704
* 2352 0 784
cfn=(2260)
calls=784 78 
* 23520 10192 7840 0 129
* 784 0 784
+1 3920 1568 784
cfi=(102)
cfn=(1904)
calls=784 38 
* 55385 19217 9909 1 21 191 0 0 189
-2 3504 1752 784 3 0 0 2
+6 616 0 308
+1 4928 0 4928
cob=(2)
cfi=(81)
cfn=(1930)
calls=4928 0 
* 280715 83776 54208 0 187 23
* 4928 4928 0 0 8
* 14784 4928 4928
+3 4928
+1 2605 0 2605
cob=(2)
cfi=(81)
cfn=(1930)
calls=2605 0 
* 148416 44285 28655 0 24
* 2605 2605
* 7815 2605 2605
-1 75330 30132 0 1 43 0 1
+4 39424 14784 4928
+3 54208 24640 4928 2 0 0 1
cfi=(102)
cfn=(1894)
calls=4928 69 
* 142912 64064 29568 0 2
-1 14784 0 4928
cfn=(2260)
calls=4928 78 
* 147840 64064 49280 0 4600
* 4928 0 4928
+2 24640 9856 4928
cfi=(102)
cfn=(1904)
calls=4928 38 
* 307204 112452 58321 0 158 1435 0 5 1386
-12 41580 15708 4928
+16 800 0 400 1 0 0 1
+1 640000 240000 40000 0 275
cob=(7)
cfi=(95)
cfn=(2266) operator delete[](void*)
calls=40000 0 
* 5138706 1340960 522444 5 2546 0 1
cob=(1)
cfi=(99)
cfn=(1410)
calls=1 71 
* 725 250 133 2 27 6 0 0 5
* 40004 40002 2 2 74
-1 160000 40000 80000
cfi=(102)
cfn=(1570)
calls=40000 34 
* 280000 160000 80000
* 1200 400 400 2 0 0 2
cfi=(102)
cfn=(1570)
calls=400 34 
* 2800 1600 800
* 161600 40400
+2 2000 800 400
cob=(7)
cfi=(95)
cfn=(2266)
calls=400 0 
* 41800 11927 5926 0 142 0 0 27
* 400 400
+2 800 0 400
+1 320000 120000 20000 0 116
cob=(7)
cfi=(95)
cfn=(2266)
calls=20000 0 
* 2605720 676480 260020 0 1058
* 20000 20000
-1 80000 20000 40000
cfi=(102)
cfn=(1570)
calls=20000 34 
* 140000 80000 40000
* 1200 400 400 1 0 0 1
cfi=(102)
cfn=(1570)
calls=400 34 
* 2800 1600 800
* 102000 40800 0 2 0 0 1
+2 2000 800 400
cob=(7)
cfi=(95)
cfn=(2266)
calls=400 0 
* 41647 11919 5856 0 145 0 0 21
* 400 400
+2 1200 800
+1 2400 2000 0 1 45

fn=(1530) cppdescent::createFloat(float)
234 80000 0 40000 1 0 0 1
+1 40000 0 20000
cob=(7)
cfi=(95)
cfn=(1522)
calls=20000 0 
* 4081014 780264 400150 14 36 10018 0 0 10000
* 20000 20000
* 20000 0 20000
+1 60000 40000 20000
+1 20000 20000
+1 40000 40000

fn=(2220)
542 576 288 240 5 23 43 3 0 22
+1 48 24 24
cob=(8)
cfi=(96)
cfn=(2226)
calls=24 0 
* 192 96 0 3 44 0 2
cob=(1)
cfi=(99)
cfn=(1410)
calls=1 71 
* 756 249 130 3 17 23 1 1 23
* 28 26 2 0 24
* 48 0 24
cob=(8)
cfi=(96)
cfn=(2232)
calls=24 0 
* 96 72
cob=(1)
cfi=(99)
cfn=(1410)
calls=1 71 
* 748 248 130 2 7
* 28 26 2
* 432 0 24 1 0 0 1
+2 144 72 24
cfi=(102)
cfn=(1894)
calls=24 69 
* 696 312 144 1 31 23 0 0 10
* 2256 1128 376
cfi=(102)
cfn=(1894)
calls=376 69 
* 10904 4888 2256 0 218
* 1200 0 400
cfi=(112)
cfn=(2234)
calls=400 272 
* 6318841 2231335 1259812 137 12153 3885 50 993 3415
* 400 0 400 0 0 3
+2 5200 2000 400 1 0 0 1
cfn=(2254)
calls=400 406 
* 32236121 9695616 4915284 136 64400 14614 32 288 11844
* 800 0 800 0 0 174 0 0 49
+2 2400 800 400 0 7 24
-7 24
+7 800 0 400
cfi=(102)
cfn=(1960)
calls=400 21 
* 201418 51938 33060 9 126 7 2 2
* 1200 0 400
cob=(7)
cfi=(95)
cfn=(1952)
calls=400 0 
* 52098 13532 5200 0 12 0 0 1
* 400 400 0 0 102
* 448
-7 144 96 0 0 24

fn=(1872) cppdescent::NNDescent_KNNGraph(Vector*, int, float, float, float (*)(void*, void*))
522 10 0 8 2 0 0 2
+2 3 0 1
cob=(7)
cfi=(95)
cfn=(1732) std::basic_ostream<char, std::char_traits<char> >& std::operator<< <std::char_traits<char> >(std::basic_ostream<char, std::char_traits<char> >&, char const*)
calls=1 0 
* 433 118 69 0 1
* 1 1
+1 6 2 1 1 0 0 1
cfn=(1874) sampleGraph(Vector*, int, int (*)(void*, void*))
calls=1 325 
* 6754450399 2908971483 1487586482 247 38353016 189441 160 10 13861
* 1 0 1 0 0 1
+1 3 0 1
cob=(7)
cfi=(95)
cfn=(1732)
calls=1 0 
* 442 119 69 6 20 1 0 1
* 1 1
+3 3 1 1
cfi=(112)
cfn=(2004)
calls=1 163 
* 7 4 2 1 1 0 1
* 1 0 1 0 0 1
+1 3 1 1 1 0 0 1
cfi=(112)
cfn=(2006)
calls=1 125 
* 7 4 2
* 1 0 1
+2 1 0 1
+3 8 1 1
cob=(7)
cfi=(95)
cfn=(2012)
calls=1 0 
* 24121 4436 3482 3 781 2 2 0 1
cob=(1)
cfi=(99)
cfn=(1410)
calls=1 71 
* 802 262 137 8 54 14
* 5 3 2 0 2
* 2 0 1 0 0 1
+3 2 0 2 1 0 1
+2 2 0 2 2 0 0 1
+2 36 12 14 1 0 2 1
cob=(8)
cfi=(96)
cfn=(2018)
calls=2 0 
* 9622068 1922771 537213 225 11201 2023 161 3 1223
cob=(1)
cfi=(99)
cfn=(1410)
calls=1 71 
* 766 253 134 4 43 13 0 3
* 6 4 2 0 2
+10 4 0 2 1 0 2
+1 4000 1600 800 1 397 0 1
+2 800 400 400
+1 800 400 400
+2 800 0 400
+1 40232 10058 10058 1 0 0 1
+1 694480 277792 138896
cfi=(102)
cfn=(1894)
calls=138896 69 
* 4027984 1805648 833376 0 48721 0 0 285
* 138896 0 138896 0 0 13058
+1 694480 277792 138896
cfi=(102)
cfn=(1894)
calls=138896 69 
* 4027984 1805648 833376 0 48615 0 0 1041
* 138896 0 138896
+2 555584 277792 138896 1 0 0 1
cfi=(114)
cfn=(1912)
calls=138896 85 
* 972272 555584 277792 1 121693
* 555584 138896 138896
cfi=(114)
cfn=(1912)
calls=138896 85 
* 972272 555584 277792 0 19081
* 416688 0 138896
cfn=(1988)
calls=138896 667 
* 1160892768 516832016 252235136 7 8680979
* 277792 0 138896
+2 833376 416688 138896
cfi=(112)
cfn=(2354)
calls=138896 322 
* 795959105 311246849 200809969 15 6790480 8838 8
* 694480 0 0 1 0 0 1
+1 769976 481235 96247
cfn=(2358)
calls=96247 364 
* 2349473174 1011642689 518390215 72 14514674 74274 20 0 3436
* 96247 0 96247 0 0 3571
+2 577482 288741 96247 0 3571
cfi=(112)
cfn=(2354)
calls=96247 322 
* 592489631 231997529 149528835 0 8582844 5357
* 255894 127947 42649
cfi=(112)
cfn=(2354)
calls=42649 322 
* 182920636 71062734 46029716 0 2373433 979
* 694480
+1 745040 465650 93130 0 4166
cfn=(2358)
calls=93130 364 
* 2452423321 1055651940 541175868 1 18551338 70456 0 0 3820
* 93130 0 93130 0 0 3746
-10 372520 93130 186260 0 3746
cfi=(102)
cfn=(1570)
calls=93130 34 
* 651910 372520 186260 0 44275
* 183064 45766 91532 0 885
cfi=(102)
cfn=(1570)
calls=45766 34 
* 320362 183064 91532 0 2841
* 30174 10058 10058 1 0 0 1
cfi=(102)
cfn=(1570)
calls=10058 34 
* 70406 40232 20116
* 595816 148954
+13 20116 0 10058
+1 1933530 773412 386706
cfi=(102)
cfn=(1894)
calls=386706 69 
* 11214474 5027178 2320236 0 214182 0 0 1
* 386706 0 386706
+1 1933530 773412 386706 1 0 0 1
cfi=(102)
cfn=(1894)
calls=386706 69 
* 11214474 5027178 2320236 0 162701 0 0 2087
* 386706 0 386706
+2 1546824 773412 386706
cfi=(114)
cfn=(1912)
calls=386706 85 
* 2706942 1546824 773412 0 360066
* 1546824 386706 386706
cfi=(114)
cfn=(1912)
calls=386706 85 
* 2706942 1546824 773412 0 31473
* 1160118 0 386706
cfn=(1988)
calls=386706 +91 
* 3232088748 1438933026 702258096 0 24160956
* 773412 0 386706
+2 2320236 1160118 386706 1 0 0 1
cfi=(112)
cfn=(2354)
calls=386706 322 
* 2131008723 832660107 537411495 0 16977193 27788
* 1933530
+1 1968144 1230090 246018 1 0 0 1
cfn=(2358)
calls=246018 364 
* 3547196553 1545139858 780497792 1 19715837 76796 0 0 3354
* 246018 0 246018 0 0 3360
+2 1476108 738054 246018 0 3360
cfi=(112)
cfn=(2354)
calls=246018 322 
* 1537936569 602360781 388209225 0 22816318 15575
* 844128 422064 140688
cfi=(112)
cfn=(2354)
calls=140688 322 
* 604491683 234849879 152113799 0 8873360 3326
* 1933530
+1 1989672 1243545 248709 0 4
cfn=(2358)
calls=248709 364 
* 3594094889 1565775651 790846328 37 29566671 64980 0 0 3457
* 248709 0 248709 0 0 3361
-10 994836 248709 497418 0 3361
cfi=(102)
cfn=(1570)
calls=248709 34 
* 1740963 994836 497418 0 108964
* 551988 137997 275994 0 0 1
cfi=(102)
cfn=(1570)
calls=137997 34 
* 965979 551988 275994 0 6878
* 30174 10058 10058
cfi=(102)
cfn=(1570)
calls=10058 34 
* 70406 40232 20116 0 7058 0 0 258
* 1587056 396764
-14 40232 10058 20116
cfi=(102)
cfn=(1570)
calls=10058 34 
* 70406 40232 20116 0 2263
* 1200 400 400 1 0 0 1
cfi=(102)
cfn=(1570)
calls=400 34 
* 2800 1600 800 0 394 0 0 316
* 41832 10458 0 1 0 0 1
+28 2000 400 400
cfi=(102)
cfn=(1960)
calls=400 21 
* 123673 34517 20110 0 4443 47 0 872
* 1200 0 400
cob=(7)
cfi=(95)
cfn=(1952)
calls=400 0 
* 52122 13532 5200 0 751 0 0 104
* 400 400 0 0 1
+1 2000 400 400
cfi=(102)
cfn=(1960)
calls=400 21 
* 309180 83437 50636 8 3523 128 8 1751 1
* 1200 0 400
cob=(7)
cfi=(95)
cfn=(1952)
calls=400 0 
* 52090 13532 5200 0 66 0 0 51
* 400 400
-35 1606 804 400 1 2 0 1
+38 6 0 2
cob=(7)
cfi=(95)
cfn=(1732)
calls=2 0 
* 914 232 88 33 38 2 0 1
* 2 2 0 2
* 10 2 2
cob=(7)
cfi=(95)
cfn=(1760) std::ostream::operator<<(int)
calls=2 0 
* 886 220 127 30 22
* 2 2 0 1 2
* 6 0 2 2 0 0 1
cob=(7)
cfi=(95)
cfn=(1732)
calls=2 0 
* 982 262 154 37 4 2 5
* 2 2
+1 22 8
+2 5 2 1 1 0 0 1
cob=(7)
cfi=(95)
cfn=(2266)
calls=1 0 
* 184 48 31 0 7 2
* 1 1
+2 3 0 1
cob=(7)
cfi=(95)
cfn=(1732)
calls=1 0 
* 378 101 44
* 1 1
* 5 1 1
cob=(7)
cfi=(95)
cfn=(1760)
calls=1 0 
* 395 104 60
* 1 1
* 3 0 1
cob=(7)
cfi=(95)
cfn=(1732)
calls=1 0 
* 491 131 77
* 1 1
+2 1 1
+1 5 4

fn=(1916) cppdescent::compareFloats(void*, void*)
240 214096108 0 160572081 3
+1 267620135 214096108 0 2 16135764 0 1
+1 107048054 107048054

fn=(2460) compareNeighborsBin2(void*, void*)
59 1853600 0 1324000 1 0 0 1
+1 794400 264800 264800
cfi=(114)
cfn=(1982)
calls=264800 +50 
* 1853600 1059200 529600 0 18589
* 264800 0 264800
+1 794400 264800 264800 1 0 0 1
cfi=(114)
cfn=(1982)
calls=264800 +49 
* 1853600 1059200 529600 0 9926
* 264800 0 264800
+2 794400 264800 264800
cfi=(114)
cfn=(2462)
calls=264800 +34 
* 1853600 1059200 529600 0 17475
* 529600 0 264800
cfi=(114)
cfn=(1910)
calls=264800 -6 
* 1853600 1059200 529600
* 264800
+2 794400 264800 264800
cfi=(114)
cfn=(1986)
calls=264800 +30 
* 1853600 1059200 529600 0 9858
-2 529600 0 264800
cfi=(114)
cfn=(1912)
calls=264800 +22 
* 1853600 1059200 529600
* 264800
+1 794400 264800 264800 1 0 0 1
cfi=(114)
cfn=(1986)
calls=264800 +31 
* 1853600 1059200 529600 0 4322
-1 529600 0 264800
cfi=(114)
cfn=(1912)
calls=264800 +22 
* 1853600 1059200 529600
* 794400 0 264800
cfn=(1914)
calls=264800 256 
* 2655944000 1009417600 506032800 0 12186
* 264800 0 264800
+3 529600 264800
+3 794400 264800 264800
cfi=(114)
cfn=(2462)
calls=264800 +28 
* 1853600 1059200 529600
* 529600 0 264800
cfi=(114)
cfn=(1910)
calls=264800 -12 
* 1853600 1059200 529600
* 264800
+2 794400 264800 264800 1 0 0 1
cfi=(114)
cfn=(1984)
calls=264800 +25 
* 1853600 1059200 529600
-2 529600 0 264800
cfi=(114)
cfn=(1912)
calls=264800 +16 
* 1853600 1059200 529600 0 9787
* 264800
+1 794400 264800 264800
cfi=(114)
cfn=(1984)
calls=264800 +26 
* 1853600 1059200 529600
-1 529600 0 264800
cfi=(114)
cfn=(1912)
calls=264800 +16 
* 1853600 1059200 529600 0 41725
* 794400 0 264800
cfn=(1914)
calls=264800 256 
* 130679000 49597600 26122800 0 686960
* 264800 0 264800
+3 529600 264800
+1 510000 255000
+2 9800
+1 1324000 1059200

fn=(1448) cppdescent::readBinData(char const*, int)
93 8 0 6 1 0 0 1
+1 4 1 1
cob=(2)
cfi=(81)
cfn=(1454)
calls=1 -94 
* 638 138 125 45 7 7 43 3 7
cob=(1)
cfi=(99)
cfn=(1410)
calls=1 -23 
* 929 307 146 8 15 4 0 2
* 5 3 2 1 0 0 1
* 1 0 1
+4 7 1 1 1 0 0 1
cob=(2)
cfi=(81)
cfn=(1488)
calls=1 -98 
* 591 151 90 44 3 1 42 0 1
cob=(1)
cfi=(99)
cfn=(1410)
calls=1 -27 
* 854 292 140 2 11 0 0 1
* 5 3 2
+2 2 0 1
cob=(7)
cfi=(95)
cfn=(1522)
calls=1 0 
* 210 39 20 2 0 1 2 0 1
cob=(1)
cfi=(99)
cfn=(1410)
calls=1 -29 
* 715 248 131 5 17 0 0 2
* 5 3 2 1 1 0 1
* 7 1 1 1 0 0 1
cfi=(102)
cfn=(1524)
calls=1 -86 
* 1256 360 229 9 13 25 4 1 25
* 1 0 1
+4 2 0 1
+1 400 0 200
cob=(7)
cfi=(95)
cfn=(1522)
calls=200 0 
* 42000 7800 4000 0 0 100 0 0 100
* 200 200
* 1400 200 200
cfi=(102)
cfn=(1524)
calls=200 -91 
* 61200 10400 11400 0 0 2550 0 0 2550
* 200 0 200
+2 400 0 200 1 0 0 1
+1 140000 20000 20000
cob=(2)
cfi=(81)
cfn=(1488)
calls=20000 0 
* 2602888 740912 500456 0 1288 0 0 63
* 20000 20000
+1 80000 40000 20000
cfn=(1530)
calls=20000 234 
* 4361014 900264 500150 15 36 10018 1 0 10000
* 100000 20000 20000
cfi=(102)
cfn=(1532) Vector::setAt(int, void*)
calls=20000 -33 
* 1820000 740000 380000 6 0 0 6
-2 80600 40400 20000
+5 1200 600 200
cfi=(102)
cfn=(1532)
calls=200 -36 
* 12200 5000 2600 0 25
-8 803 402 200 1 0 0 1
+11 3 1 1
cob=(2)
cfi=(81)
cfn=(1544)
calls=1 0 
* 586 163 109 49 16 0 48 1
cob=(1)
cfi=(99)
cfn=(1410)
calls=1 -44 
* 903 298 140 0 70 21 0 1
* 5 3 2 0 1
+2 2 1 0 1 0 0 1
+1 6 5 0 1 0 0 1

fn=(1536) cppdescent::deleteFloat(void*)
230 160000 0 80000 1 0 0 1
+1 180000 40000 20000
cob=(7)
cfi=(95)
cfn=(1952)
calls=20000 0 
* 2460000 640000 260000 0 10200
* 20000 20000
+1 120000 80000

fn=(1914)
256 81345174 0 54230116 1 0 0 1
+1 27115058 13557529 13557529 2 0 0 1
+1 27115058 13557529 13557529
+1 40672587 13557529 13557529
cfi=(102)
cfn=(1570)
calls=13557529 34 
* 94902703 54230116 27115058 0 10565259
* 13557529 0 13557529
+1 27115058 0 13557529
+1 267620135 107048054 53524027
cfi=(102)
cfn=(1894)
calls=53524027 69 
* 1552196783 695812351 321144162 0 1365484
* 321144162 107048054 53524027 2 0 0 1
cfi=(102)
cfn=(1894)
calls=53524027 69 
* 1552196783 695812351 321144162 0 5382967
* 160572081 0 53524027
cfn=(1916)
calls=53524027 -21 
* 588764297 321144162 160572081 5 16135764 0 1
* 695812351
+1 26307654
-2 202153387 107855458 40370200 3 0 0 1
+4 403702
+1 40672587 40672587

fn=(2440)
686 1575150 0 1050100 1
+1 525050 262525 262525
+1 525050 262525 262525 1 0 0 1
+3 787575 262525 262525
cfi=(114)
cfn=(1984)
calls=262525 96 
* 1837675 1050100 525050 1 116366
* 262525
-1 787575 262525 262525
cfi=(114)
cfn=(1986)
calls=262525 95 
* 1837675 1050100 525050
* 787575 0 262525
cfn=(1988)
calls=262525 -23 
* 2194183950 976855525 476745400 7 10445267 55064
* 525050 0 262525
+3 787575 262525 262525
cfi=(114)
cfn=(1984)
calls=262525 96 
* 1837675 1050100 525050 0 102348
* 262525 0 0 1 0 0 1
-1 787575 262525 262525
cfi=(114)
cfn=(1986)
calls=262525 95 
* 1837675 1050100 525050
* 787575 0 262525
cfn=(1988)
calls=262525 -25 
* 2194183950 976855525 476745400 0 8249616
* 525050 0 262525
+3 262525 0 262525
+1 787575 525050
+1 339228 0 169614
+1 278733 185822
+1 92908 0 92908
+2 92908 92908
+1 278724 278724
-1 169617 169617 0 1 0 0 1
+1 508851 508851

fn=(2446) cppdescent::writeBinGraph(char const*, Graph*, int)
120 6 0 4 1
+1 4 1 1
cob=(2)
cfi=(81)
cfn=(1454)
calls=1 0 
* 555 130 123 11 9 7 1
* 1 1
* 1 0 1
+2 3 1 1 1 0 0 1
cfi=(114)
cfn=(2448)
calls=1 -62 
* 7 4 2
* 1 0 1
+1 3 1 1
cfi=(102)
cfn=(1570)
calls=1 -90 
* 7 4 2 0 1
* 1 0 1
+3 7 1 1
cob=(2)
cfi=(81)
cfn=(1746)
calls=1 0 
* 1498 317 227 26 10 4 0 0 2
cob=(1)
cfi=(99)
cfn=(1410)
calls=1 -56 
* 904 299 142 22 70 16 1
* 5 3 2 1 1
+3 7 1 1 1 0 0 1
cob=(2)
cfi=(81)
cfn=(1746)
calls=1 0 
* 143 39 24
* 1 1
+3 2 0 1
+1 1000 400 200
cfi=(102)
cfn=(1894)
calls=200 -65 
* 5800 2600 1200 0 26
* 200 0 200
+1 600 200 200
cfi=(114)
cfn=(1912)
calls=200 -50 
* 1400 800 400 0 200
* 200 0 200
+1 600 200 200 1 0 0 1
cfi=(102)
cfn=(1570)
calls=200 34 
* 1400 800 400 0 101
* 200 0 200
+2 400 0 200
+1 100000 40000 20000
cfi=(102)
cfn=(1894)
calls=20000 -70 
* 580000 260000 120000 0 2450
* 120000 20000 20000
cob=(2)
cfi=(81)
cfn=(1746)
calls=20000 0 
* 2864902 781197 480798 0 10157 1307 0 0 63
* 20000 20000
-1 80600 40400 20000
-5 803 402 200 1 0 0 1
+10 2 0 1
+1 1000 400 200
cfi=(102)
cfn=(1894)
calls=200 -75 
* 5800 2600 1200 0 97
* 200 0 200
+2 600 200 200 1 0 0 1
cfi=(114)
cfn=(1942)
calls=200 -63 
* 1400 800 400 0 110
* 400 0 200
cfi=(115)
cfn=(2238)
calls=200 -44 
* 1400 800 400 0 152
* 200 0 200
+1 400 0 200
+2 50000 20000 10000
cfi=(102)
cfn=(1894)
calls=10000 -80 
* 290000 130000 60000 0 9565
* 30000 0 10000
cfn=(2260)
calls=10000 -71 
* 310000 130000 100000 1 17194
* 10000 0 10000
+2 60000 20000 10000
cfi=(102)
cfn=(2454) Vector::findPos(void*, int (*)(void*, void*))
calls=10000 -27 
* 293217036 112702050 65883818 4 2998026 0 1
* 10000 0 10000 0 0 2288
+1 70000 10000 10000 0 2342
cob=(2)
cfi=(81)
cfn=(1746)
calls=10000 0 
* 1432580 390630 240420 0 24430 4597
* 10000 10000 0 0 2896
-5 40600 20400 10000 1 0 0 1
-4 803 402 200 1 0 0 1
+13 3 1 1
cob=(2)
cfi=(81)
cfn=(1544)
calls=1 0 
* 779 217 137 29 23 3 2
* 1 1 0 0 1
+1 3 2

fn=(1874)
325 9 0 7 1 0 0 1
+1 2 0 1
cob=(7)
cfi=(95)
cfn=(1522)
calls=1 0 
* 59 15 9 3
* 1 1 0 1
* 8 1 1 1 0 0 1
cfi=(112)
cfn=(1876)
calls=1 113 
* 642 112 80 30 3 2 6
* 1 0 1
+2 3 1 1
cfi=(102)
cfn=(1570)
calls=1 34 
* 7 4 2
* 1 0 1
+2 2 0 1
cob=(2)
cfi=(81)
cfn=(1884)
calls=1 0 
* 6 1 0 1 0 0 1
cob=(1)
cfi=(99)
cfn=(1410)
calls=1 71 
* 892 297 142 5 14 0 2 2
* 5 3 2
* 2 0 1
cob=(2)
cfi=(81)
cfn=(1890)
calls=1 0 
* 6202 1559 967 7 2 4 7 0 2
cob=(1)
cfi=(99)
cfn=(1410)
calls=1 71 
* 851 295 140 0 7 0 0 2
* 5 3 2
+3 2 0 1 1 0 0 1
+1 1200 600 200
cfi=(102)
cfn=(1894)
calls=200 69 
* 5800 2600 1200 2 185 0 1
* 600 0 200
cfi=(112)
cfn=(1896)
calls=200 134 
* 4685998 1769728 1122499 90 47399 1339 53 0 1152
-1 803 402 200 0 0 75
+4 2 0 1 1 0 0 1
+2 1000 400 200
cfi=(102)
cfn=(1894)
calls=200 69 
* 5800 2600 1200 0 400
* 200 0 200
+1 400 0 200
+1 10000 0 10000
cob=(2)
cfi=(81)
cfn=(1930)
calls=10000 0 
* 569705 170000 110000 6 42733 9964 6
cob=(1)
cfi=(99)
cfn=(1410)
calls=1 71 
* 851 295 140 0 70 19 0 1
* 10004 10002 2 0 9820
* 30000 10000 10000
+3 10000
+1 59 0 59
cob=(2)
cfi=(81)
cfn=(1930)
calls=59 0 
* 3365 1003 649 0 8
* 59 59
* 177 59 59
-1 30177 20118 0 1 0 0 1
+4 50000 20000 10000
cfi=(102)
cfn=(1894)
calls=10000 69 
* 290000 130000 60000 0 19686
* 10000 0 10000
+1 10000
+1 1475 0 1475
cob=(2)
cfi=(81)
cfn=(1930)
calls=1475 0 
* 83996 25075 16225 0 6256 1447
* 1475 1475 0 0 1459
* 4425 1475 1475 0 0 1466
+1 7375 2950 1475
cfi=(102)
cfn=(1894)
calls=1475 69 
* 42775 19175 8850 0 2930
* 1475 0 1475
-2 8850 4425 1475
cfi=(112)
cfn=(1936)
calls=1475 -53 
* 862927277 377466699 189069462 0 4174199 9557 0 0 39
* 60000 30000 10000
cfi=(112)
cfn=(1936)
calls=10000 -53 
* 4507229855 1960960739 988602114 60 23102118 61362 47 5 6593
* 57375
+4 60000 30000 10000 0 9952
cfi=(112)
cfn=(1968)
calls=10000 192 
* 1378187735 568268504 308513888 34 10935774 94330 29 0 6075
-13 40600 20400 10000 1 0 9876 1
-3 803 402 200 1 0 0 1
+20 2 1
+1 6 5 0 1 1 0 1

fn=(2444)
28 63952 0 31976 1 0 0 1
+1 95928 15988 15988
cob=(7)
cfi=(95)
cfn=(1952)
calls=15988 -29 
* 1505122 434716 223224 0 7424
* 15988 15988
+1 47964 31976

fn=(2456) cppdescent::compareGraphVertices(void*, void*)
21 6001764 0 4001176 2 0 0 1
+1 2000588 1000294 1000294
+1 2000588 1000294 1000294
+2 3000882 1000294 1000294
cfi=(114)
cfn=(1912)
calls=1000294 +60 
* 7002058 4001176 2000588 0 5247
* 4001176 1000294 1000294
cfi=(114)
cfn=(1912)
calls=1000294 +60 
* 7002058 4001176 2000588 0 691228
* 3000882 0 1000294 1
cfn=(1914)
calls=1000294 256 
* 226067338 85654112 47828526 0 2211310
+1 3000882 3000882

fl=(102)
fn=(2356)
95 7358428 0 5256020 2
+1 1051204 0 1051204
+1 3153612 1051204 1051204 0 0 2
cfn=(1570)
calls=1051204 -63 
* 7358428 4204816 2102408 0 309264
* 2102408 0 1051204
+2 2102408 0 1051204
+1 393890787 175062572 43765643 2 0 0 1
cfi=(103)
cfn=(1534)
calls=43765643 -60 
* 306359501 175062572 87531286 0 4346958
* 218828215 43765643 43765643
cfi=(112)
cfn=(1998)
calls=43765643 -77 
* 3631814169 1444266219 1050375432 1 60903848 48
* 175062572
+1 2936800 1101300 367100
cfi=(103)
cfn=(1534)
calls=367100 -61 
* 2569700 1468400 734200
* 367100
-2 221197531 133349241 43398543 1 0 0 1
+4 684104
+1 34205200 10261560 3420520
+1 30784680 13682080 3420520 1 0 0 1
cfi=(103)
cfn=(1534)
calls=3420520 -65 
* 23943640 13682080 6841040
* 17102600 3420520 3420520
cfi=(112)
cfn=(1998)
calls=3420520 -82 
* 283903160 112877160 82092480
* 3420520 0 3420520
+3 6841040 3420520
+4 6841040 3420520
+5 10261560 3420520 3420520
-14 12313872 8209248 0 2 0 0 1
+18 684104 0 0 2 0 0 1
+1 3153612 3153612

fn=(2370) Vector::removeLast()
50 259440 0 155664
+1 207552 103776
+3 207552 103776 0 0 62
+3 259440 155664 51888 2 0 0 1
+3 363216 207552 0 1 0 0 1
+1 2846 2846
-1 2846
+2 3807 1269 423
+2 1269 846
-1 2538 846 423
cob=(2)
cfi=(81)
cfn=(1922)
calls=423 -63 
* 126634 27082 17309 2 823 445
* 423 423 0 0 409
* 846 423 423
+3 423
+1 1269 1269
-1 51465
+1 154395 154395

fn=(2474) Vector::next(vectorNode*)
152 241600 0 181200 1 0 0 1
+1 604000 302000
+1 2004
+2 118796 59398
+1 120800 120800 0 1 0 0 1

fn=(1532)
76 4414914 0 3153510 1 0 0 1
+1 3784212 2522808 0 4 0 0 1
+3 5045616 1892106 630702
cfi=(103)
cfn=(1534)
calls=630702 -40 
* 4414914 2522808 1261404 1 25 0 1
* 5693862 1890878 0 5 17503 0 1
+1 200000 100000 20000
cfi=(103)
cfn=(1534)
calls=20000 -41 
* 140000 80000 40000
* 40000 0 20000 1 0 0 1
cfi=(101)
cfn=(1536)
calls=20000 230 
* 200000 60000 40000 1 0 0 1
+2 6307020 2522808 630702
cfi=(103)
cfn=(1538)
calls=630702 -37 
* 6307020 2522808 2522808
+1 630702
+1 1892106 1892106

fn=(1524)
14 1443642 0 962428 3 0 0 1
+1 1443642 962428 481214 0 0 6669 0 0 4
+1 1443642 481214 240607
+2 1443642 481214 240607 1 0 0 1
cob=(2)
cfi=(81)
cfn=(1176)
calls=240607 -18 
* 43621509 9456701 4664053 96 282433 146816 5 636 4266
cob=(1)
cfi=(99)
cfn=(1410)
calls=1 +53 
* 909 306 146 2 12 0 0 1
* 240611 240609 2 1 48290 0 1
* 721821 240607 240607
+1 721821 481214

fn=(1570)
34 69932673 0 46621782 1 0 2483 1
+1 46621782 46621782 0 0 12954117 0 0 574
+1 46621782 46621782

fn=(1902)
87 906514 0 647510 8 0 0 1
+1 259004 0 129502
+1 110631915 49169740 12292435
cfi=(103)
cfn=(1534)
calls=12292435 -49 
* 86047045 49169740 24584870 0 1358821
* 61462175 12292435 12292435
cfi=(101)
cfn=(2460)
calls=264800 -30 
* 2830570000 1077806200 546190000 4 810828 0 4
cfi=(112)
cfn=(1906)
calls=12027635 -41 
* 3428634851 1326317283 813504079 24 43488803 0 11
* 49169740
+1 1031216 386706 128902
cfi=(103)
cfn=(1534)
calls=128902 -50 
* 902314 515608 257804
* 128902
-2 61335673 36879105 12163533 3 9733 0 1
+4 600
+1 388506 388506 0 1 30241 0 1

fn=(1904)
38 796840 0 478104
+2 956208 637472 0 2 16958 0 1
+1 30865 18519 6173
+2 18519 12346
-1 37038 12346 6173
cob=(2)
cfi=(81)
cfn=(1922)
calls=6173 -42 
* 4692519 1010743 638808 139 46014 21188 32 348 16020
cob=(1)
cfi=(99)
cfn=(1410)
calls=1 +29 
* 856 295 140 0 13 1
* 6177 6175 2 2 2918
* 12346 6173 6173 0 0 10
+4 67903 30865 6173
cfi=(103)
cfn=(1538)
calls=6173 * 
* 61730 24692 24692
* 1685145 765975 153195 3 0 0 1
cfi=(103)
cfn=(1538)
calls=153195 * 
* 1531950 612780 612780 0 0 49574 0 0 5247
+1 796840 478104 159368
+1 478104 318736 0 2 0 0 1

fn=(1894)
69 3451094980 0 2070656988 2 0 215 1
+1 4141313976 2760875984 0 0 179039
+3 5521751968 2070656988 690218996 0 0 36902 0 0 10
cfi=(103)
cfn=(1534)
calls=690218996 -33 
* 4831532972 2760875984 1380437992 2 32561789 92808 0 3414
* 690218996
+1 1380437992 1380437992

fn=(1960)
21 1199035 0 719421 1
+1 959228 479614 0 0 271 0 0 108
+1 715218 238406 238406 2 0 0 1
cfn=(1962) Vector::first()
calls=238406 138 
* 2622466 954028 476812 6 24917 0 1
* 238406 0 238406
+1 238406
+1 102000 61200 20400
cfi=(103)
cfn=(1534)
calls=20400 +15 
* 142800 81600 40800 0 2402
* 40800 0 20400
cfi=(101)
cfn=(1536)
calls=20000 230 
* 2740000 720000 320000 0 10200
cfi=(112)
cfn=(2470)
calls=400 +78 
* 2325298 941016 513726 16 9324 11 3
+1 102000 40800 20400
cfn=(2474)
calls=20400 152 
* 367200 162998 61200
* 20400 0 20400
-2 517612 258806
+7 959228 479614 239807 0 40
cob=(2)
cfi=(81)
cfn=(1558)
calls=239807 -31 
* 27256225 7240706 3207753 19 739936 47057 10 2517 1
cob=(1)
cfi=(99)
cfn=(1410)
calls=1 +40 
* 920 309 146 2 34 4
* 239811 239809 2 2 56876
+1 959228 719421 0 0 2

fn=(1961) Vector::~Vector()'2
21 4000 0 2400
+1 3200 1600
+1 2400 800 800
cfn=(1962)
calls=800 138 
* 8800 4800 1600 0 2
* 800 0 800
+1 800
+1 200000 120000 40000
cfi=(103)
cfn=(1534)
calls=40000 +15 
* 280000 160000 80000 0 5605
* 80000 0 40000
cfi=(112)
cfn=(2368)
calls=40000 346 
* 240000 80000 80000
+1 200000 80000 40000
cfn=(2474)
calls=40000 152 
* 720000 319200 120000 2 0 0 2
* 40000 0 40000
-2 81600 40800
+7 3200 1600 800
cob=(2)
cfi=(81)
cfn=(1558)
calls=800 -31 
* 151702 41816 24926 2 1793 11
* 800 800 0 1 1
+1 3200 2400

fn=(1962)
138 717618 0 478412 1
+1 956824 478412 0 0 24919
+1 476408 0 0 4 0 0 1
+2 2004 2004 0 1
+1 478412 478412

fn=(2454)
124 70000 0 50000 1
+1 20000 0 10000
+1 9002646 4001176 1000294
cfi=(103)
cfn=(1534)
calls=1000294 -86 
* 7002058 4001176 2000588 0 90241
* 5001470 1000294 1000294
cfi=(101)
cfn=(2456)
calls=1000294 21 
* 263078216 100658522 60832348 3 2907785 0 1
* 4001176
+1 20000 10000
-2 4991470 3000882 990294
+5 30000 30000

fn=(1958) Vector::setDestroyValue(void (*)(void*))
132 956816 0 717612 8 0 1 2
+1 717612 478408 239204 0 139331
+1 717612 478408 239204
+1 239204 239204
+1 478408 478408

fl=(111)
fn=(1720)
81 6 0 4
+6 52 0 26 6 0 0 6
+6 3 1 1 1 0 0 1
+1 3 1 0 1 0 0 1
+8 2 1
+2 3 1 1
+1 7 3 1
+1 4 3 1
+4 4 2

fn=(1700)
55 4 0 3 1 0 0 1
+6 1 0 1
+1 3 1 1
+1 4 2 1 1 0 0 1
+1 4 2 1
+3 3 2
+1 6 3
+6 2 2 0 1 0 0 1

fl=(113)
fn=(1946)
91 8370304 0 4185152 1 0 0 1
+1 8370304 4185152 2092576 0 45561
cfi=(102)
cfn=(1570)
calls=2092576 -58 
* 14648032 8370304 4185152 0 35064
+1 4185152 4185152

fn=(1972)
112 459440 0 275664 7 0 0 2
+1 551328 275664 91888 0 33999
cfi=(102)
cfn=(1904)
calls=91888 -75 
* 5604848 2061997 1077862 16 61286 63166 4 0 14302
+4 275664 91888 91888 0 12
cfn=(1946)
calls=91888 -26 
* 1562096 735104 459440 0 5
* 459440 91888 91888
cfn=(1974) PQueue::bubbleUp(int)
calls=91888 -87 
* 2814018077 1250058794 613819059 30 12285699 69308 7
+1 275664 183776 0 0 614

fn=(2360)
95 2950864 0 1475432 2 0 0 1
+1 2950864 737716 737716
cfn=(1978) PQueue::nodeValue(int)
calls=737716 -79 
* 31721788 13278888 7377160 2 31897 215
+1 1475432 1475432

fn=(1974)
30 643216 0 459440 2 0 0 1
+1 183776 91888
+3 545328 90888 90888
+2 636216 363552 90888 4 0 0 1
cfn=(1978)
calls=90888 -19 
* 3908184 1635984 908880 1
* 545328 181776 90888
cfn=(1978)
calls=90888 -19 
* 3908184 1635984 908880 0 34487
* 272664 0 90888
cfi=(101)
cfn=(2440)
calls=23612 686 
* 396422642 176406026 86325472 12 2398596 0 3
cfi=(112)
cfn=(1980)
calls=67276 +19 
* 1133278080 504203447 247104748 4 5578064 27265
* 272664
+1 249552 124776 41592
cfn=(2000) PQueue::nodeSwap(int, int)
calls=41592 -16 
* 10190040 4159200 2329152 5 7232 0 1
+1 207960 83184 41592
cfn=(1975) PQueue::bubbleUp(int)'2
calls=41592 -8 
* 1262252211 560714537 275335751 0 4266524 42043
* 41592
-6 1000 0 0 2 0 0 1
+8 459440 367552 0 0 796

fn=(1975)
30 541142 0 386530
+1 154612 77306
+3 443430 73905 73905
+2 517335 295620 73905
cfn=(1978)
calls=73905 -19 
* 3177915 1330290 739050
* 443430 147810 73905
cfn=(1978)
calls=73905 -19 
* 3177915 1330290 739050 0 25397
* 221715 0 73905
cfi=(101)
cfn=(2440)
calls=20528 686 
* 344645130 153365226 75050368 0 777434 2480
cfi=(112)
cfn=(1980)
calls=53377 +19 
* 899139443 400034896 196053721 0 3463559 39563
* 221715
+1 214284 107142 35714
cfn=(2000)
calls=35714 -16 
* 8749930 3571400 1999984
+1 178570 71428 35714
cfn=(1975)
calls=35714 -8 
* 853840284 379302166 186249886 0 3071983 33051
* 35714
-6 3401
+8 386530 309224 0 0 134

fn=(2366)
145 196532 0 140380 3 0 0 2
+1 84228 28076 28076
cfn=(1946)
calls=28076 -55 
* 477292 224608 140380 0 33706
* 28076 0 28076
+1 56152 28076
+5 168456 84228 28076 1 0 0 1
cfn=(1944)
calls=28076 +17 
* 27894069 10750085 7313551 1 428168 11645
* 28076 0 28076
+2 56152 28076
+5 112304 56152 0 1 0 0 1
+1 196532 112304 28076
cfn=(1978)
calls=28076 17 
* 1207268 505368 280760
* 56152 0 28076
cfi=(112)
cfn=(2368)
calls=28076 346 
* 168456 56152 56152
+2 168456 84228 28076
cfn=(2000)
calls=28076 21 
* 6877764 2807172 1572256 6 32138
+1 112304 56152 28076
cfi=(102)
cfn=(2370)
calls=28076 50 
* 820967 394605 113212 3 293 45 2
+3 140380 56152 28076
cfn=(2372) PQueue::bubbleDown(int)
calls=28076 43 
* 3167044663 1407168895 691304464 15 15286059 66096 4
+1 84228 84228 0 0 19312

fn=(2372)
43 363216 0 259440 2
+1 155664 51888 51888
+1 155664 51888 51888 3 0 0 1
+2 155664 51888 51888
cfn=(1946)
calls=51888 +44 
* 882096 415104 259440
* 51888 0 51888
+1 155664 103776
+3 99488 49744 49744
+1 494773 296940 49363 3 0 0 1
cfn=(1978)
calls=49363 -35 
* 2122609 888534 493630 0 15538
* 296178 98726 49363
cfn=(1978)
calls=49363 -35 
* 2122609 888534 493630 0 1328
* 148089 0 49363
cfi=(101)
cfn=(2440)
calls=23212 686 
* 389707513 173418098 84863071 0 2877737 3108
cfi=(112)
cfn=(1980)
calls=26151 +3 
* 440514332 195988854 96052623 5 4647608 13171
* 271832
+1 47748 23874 23874
+2 167118 95496 23874 2 0 0 1
cfn=(1978)
calls=23874 -38 
* 1026582 429732 238740
* 181090 103480 25870 1
cfn=(1978)
calls=25870 -38 
* 1112410 465660 258700 0 58
* 298464 99488 49744
cfn=(1978)
calls=49744 -38 
* 2138992 895392 497440
* 149232 0 49744
cfi=(101)
cfn=(2440)
calls=23412 686 
* 393040830 174887814 85594272 0 1040729
cfi=(112)
cfn=(1980)
calls=26332 * 
* 443513740 197332974 96717436 0 1721818
* 149232
+1 292146 146073 48691 3 0 0 1
cfn=(2000)
calls=48691 -35 
* 11929295 4869100 2726696
+1 243455 97382 48691
cfn=(2373) PQueue::bubbleDown(int)'2
calls=48691 -14 
* 4689227171 2083634007 1022901292 0 18057628 102401
* 48691
-8 2144
+10 259440 207552 0 0 40684

fn=(2373)
43 1232399 0 880285
+1 528171 176057 176057
+1 528171 176057 176057
+2 528171 176057 176057
cfn=(1946)
calls=176057 +44 
* 2992969 1408456 880285
* 176057 0 176057
+1 528171 352114
+3 276060 138030 138030
+1 1370717 822704 136661
cfn=(1978)
calls=136661 -35 
* 5876423 2459898 1366610 0 98977
* 819966 273322 136661
cfn=(1978)
calls=136661 -35 
* 5876423 2459898 1366610 0 13589
* 409983 0 136661
cfi=(101)
cfn=(2440)
calls=70625 686 
* 1185726124 527642376 258204998 0 9046643 49151
cfi=(112)
cfn=(1980)
calls=66036 +3 
* 1112377183 494906993 242550228 0 8757335 52673
* 754051
+1 133278 66639 66639
+2 466473 266556 66639
cfn=(1978)
calls=66639 -38 
* 2865477 1199502 666390
* 499737 285564 71391
cfn=(1978)
calls=71391 -38 
* 3069813 1285038 713910 0 626
* 828180 276060 138030
cfn=(1978)
calls=138030 -38 
* 5935290 2484540 1380300
* 414090 0 138030
cfi=(101)
cfn=(2440)
calls=71336 686 
* 1197598904 532890056 260804416 0 45638 325
cfi=(112)
cfn=(1980)
calls=66694 * 
* 1123349426 499810432 244967062 0 44341 252
* 414090
+1 764196 382098 127366
cfn=(2000)
calls=127366 -35 
* 31204670 12736600 7132496 0 1
+1 636830 254732 127366
cfn=(2373)
calls=127366 -14 
* 5411712480 2404629678 1180764275 0 20937120 147006
* 127366
-8 38027
+10 880285 704228 0 0 50478

fn=(2442)
120 119060 0 71436 1 0 0 1
+2 71436 23812 23812
cfn=(1946)
calls=23812 -31 
* 404804 190496 119060
* 23812 0 23812
+1 47624 23812
+6 95248 47624 0 0 5349
+3 119060 47624 23812 1 0 0 1
cfn=(2000)
calls=23812 21 
* 5832340 2380400 1333472 0 15727
+1 95248 47624 23812
cfi=(102)
cfn=(2370)
calls=23812 -83 
* 824994 365562 112918 2 1001 400

ob=(1)
fl=(71)
fn=(232)
63 6 0 0 1 0 0 1
-17 6
+17 30 30

fl=(16)
fn=(42) update_active.constprop.0
50 8 0 6 1 0 0 1
+4 1 1
+10 1 1
+18 1 1
-9 1 1
-10 1
-1 1
+25 1
-23 1 0 1 0 0 1 0 0 1
-1 1 0 0 1 0 0 1
+9 1
+11 1
-2 1
-19 2 1
+25 1
-4 1
-20 1
+9 1
+39 1
-39 1 1
+15 1
+8 1 1
-4 1 1 0 1 0 0 1
-8 1 0 1
-2 1
-9 1 0 1
+43 1
-34 1 1
+14 1 0 1
+4 2 1
+15 1
-15 1 0 1
+12 1
-12 1 0 1 1 0 0 1
+1 1 1
+11 1
-24 1 0 1
+13 2 0 1
+1 3 1 1
+1 1 1
+4 1
-4 1 0 1
+5 1 1 0 1 0 0 1
-1 2 1
+1 2 0 1
+1 1 1 0 0 1 0 0 1
-1 2 1
-1 1 0 1
+2 2 0 1
+3 2 0 0 1 0 0 1
+3 1
+1 1
-1 1 1
+1 1 1
-8 1 0 1
+4 1 0 1
+3 1 0 1
+1 1 0 1
+4 2 0 0 1 0 0 1
+4 2
+2 4
230 2
+5 1 1 0 1 0 0 1
-1 2 0 1
+4 3 1
+4 1 1
-4 1 0 1
+4 1
+67 3 1
+4 3 1 0 1 0 0 1
fi=(18) /usr/src/debug/glibc-2.38-14.fc39.x86_64/elf/../sysdeps/unix/sysv/linux/x86/dl-hwcap2.h
25 2 1
fi=(19)
+5 1
-2 1
+2 3
fe=(16)
322 1 0 1
+1 8 7
-77 3 0 0 1 0 0 1
+1 2
+3 1
-1 1
+9 1 0 0 1 0 0 1
-5 1
+2 1 0 1
-2 1 0 1
+5 1
fi=(19)
32 3 1 0 1 0 0 1
+4 3
fe=(16)
+93 2 0 0 1 0 0 1
+2 1
+3 2
+14 1 1
+10 1 1
+2 2
-12 1
+12 1 0 1
-12 2 0 1 1 0 0 1
+2 4 1 1
+6 4 0 1
+2 4 1 1
+7 4 0 0 1 0 0 1
+49 1
+20 1 1
-20 3
fi=(19)
39 3 1 0 1 0 0 1
+1 4 1 0 1 0 0 1
-2 1
+7 4
+2 1
+1 2
+3 5 1 0 1 0 0 1
+2 4
+1 2
+1 2
+3 1
-1 1
+1 3 0 0 1 0 0 1
fe=(16)
+83 1 0 1 1 0 0 1
-5 2 0 1
+4 1

fn=(36)
635 1 0 1 1 0 0 1
+17 1
-17 7 0 5
+3 1 0 1
+1 1 0 1 1 0 0 1
+1 1 0 1
+3 1 0 1 0 0 1 0 0 1
+9 2 0 1
+3 6 0 0 1 0 0 1
954 3 1 0 1 0 0 1
+1 2 0 1
+3 2
+1 2 0 1
+6 1 0 1
+1 1 0 1 1 0 0 1
+1 1 0 1
+1 1 0 1
fi=(20)
797 1 0 1
+1 1 0 1
+2 1 0 1
+14 2
+86 1 1 0 1 0 0 1
+1 1 1
+14 1
-5 1 0 1
+5 1
-16 1 0 1 1 0 1 1 0 1
+1 1 0 1
+2 1 1
+13 1
-14 1 0 1 0 0 1 0 0 1
+2 1 1
-1 1 0 1
+2 1 1
-1 1 0 1
+5 1 1
-4 1 0 1 1 0 0 1
+1 1 0 1
+1 1 0 1
+1 1 0 1
+1 1 0 1
+1 1 0 1
+35 2
-15 3 1
+8 2 0 0 1 0 0 1
+27 6
+9 2
+20 2 1 0 1 0 0 1
+7 2
-7 1
+7 2 0 1
cfi=(11)
cfn=(28)
calls=1 395 
* 21 4 1
* 1 1
+5 2
-3 2 1
+3 2 0 1 1 0 0 1
cfi=(11)
cfn=(28)
calls=1 395 
* 21 4 1
* 1 1
+2 2
+3 4 0 1
cfi=(11)
cfn=(28)
calls=1 395 
* 21 4 1
* 1 1
+1 5 0 0 1 0 0 1
+16 2
-12 3 0 1
+10 1
-10 3 0 2
cfi=(11)
cfn=(28)
calls=1 395 
* 21 4 1 0 1 0 0 1
* 1 1
+7 2
-5 2
+5 2 0 1 1 0 0 1
cfi=(11)
cfn=(28)
calls=1 395 
* 21 4 1
* 1 1
+3 5 1 1
-3 1 0 1
+3 3 0 3
cfi=(11)
cfn=(58)
calls=1 151 
* 44 7 4 4 0 0 4
+1 9 2 4 1 0 0 1
cfi=(11)
cfn=(58)
calls=1 151 
* 44 7 4
+1 10 2 4 1 0 0 1
cfi=(11)
cfn=(58)
calls=1 151 
* 44 7 4
+3 10 1 4 1 0 0 1
cfi=(11)
cfn=(58)
calls=1 151 
* 44 7 4
+2 9 1 4
cfi=(11)
cfn=(58)
calls=1 151 
* 44 7 4
+9 2 2 0 1 0 0 1
+9 1
-9 1 1
+10 1 1
fe=(16)
-79 1
fi=(20)
+78 1 0 1
-9 1
fe=(16)
-69 2
fi=(20)
+77 1 0 1
-2 1 0 1 1 0 0 1
-6 1
+7 1 1
+3 1 0 1
+1 1 0 1
-4 1 0 1
fe=(16)
-76 1 0 1
cfi=(11)
cfn=(28)
calls=1 395 
* 19 4 1
+3 4 0 1
cfi=(11)
cfn=(28)
calls=1 395 
* 22 4 1 0 1 0 0 1
+6 3 1 0 1 0 0 1
+54 1 1 0 1 0 0 1
-1 1 0 1
+1 1
+45 4 0 1 1 0 0 1
cfi=(11)
cfn=(28)
calls=1 395 
* 19 4 1
+2 4 0 1
cfi=(11)
cfn=(28)
calls=1 395 
* 19 4 1 0 1 0 0 1
fi=(23) /usr/src/debug/glibc-2.38-14.fc39.x86_64/elf/../sysdeps/unix/sysv/linux/x86/cpu-features.c
27 6
fe=(16)
1091 2 0 1 1 0 0 1
+45 8 7
fi=(20)
979 10 0 0 1 0 0 1
fe=(16)
+16 1 1 0 1 0 0 1
-1 2
+1 3
+44 3 1
+27 2 0 1
-10 2 0 0 1 0 0 1
+1 3 1
+2 3 0 0 1 0 0 1
+1 2 1
+2 1
+1 1
-1 3
fi=(20)
816 2 0 1 1 0 0 1
cfn=(50)
calls=1 255 
* 461 49 21 15 6 0 15 6
+1 1
-1 1 0 1
+1 1 0 1 1 0 0 1
cfn=(50)
calls=1 255 
* 505 49 21
+1 1
-1 1 0 1
+1 1 0 1
cfn=(50)
calls=1 255 
* 532 49 21
+4 1
-4 2 0 1
+1 1 0 1
+3 1 0 1
cfn=(50)
calls=1 255 
* 480 49 21
+2 1
-2 1 0 1
+2 1 0 1
cfn=(50)
calls=1 255 
* 472 49 21
+1 1 1 0 1 0 0 1
+2 1
-3 1 0 1
+1 1 0 1
+2 1 0 1
cfn=(50)
calls=1 255 
* 452 49 21
+2 1
-2 1 0 1
+2 1 0 1
cfn=(50)
calls=1 255 
* 453 49 21
+3 1
-3 1 0 1
+1 2 1 1 1 0 0 1
+2 1 0 1
cfn=(50)
calls=1 255 
* 496 49 21
+2 1
-2 1 0 1
+2 1 0 1
cfn=(50)
calls=1 255 
* 497 49 21
+3 1
-2 1 0 1
-1 1 0 1
+3 1 0 1
cfn=(50)
calls=1 255 
* 523 49 21
+2 1
-2 1 0 1
+2 1 0 1 1 0 0 1
cfn=(50)
calls=1 255 
* 524 49 21
+2 1
-2 1
+2 1 0 1
cfn=(50)
calls=1 255 
* 840 85 31 0 2 0 0 2
+2 4 1
-2 1 0 1
+2 1 0 1
cfn=(56)
calls=1 576 
* 232 25 21 14 0 0 14
+93 1 1
-6 3 3 0 1 0 0 1
+6 1
-6 2 1 1
+6 2
-6 2 1 1
+6 2 1
-1 2
fe=(16)
661 6 0 1 1 0 0 1
cfn=(38) get_common_indices.constprop.0
calls=1 351 
* 74 10 23 6 0 3 6 0 3
329 3 0 0 1 0 0 1
+1 2
+1 6 0 4
+5 2
666 1 0 1
cfn=(42)
calls=1 50 
* 205 41 35 20 1 1 20 1 1
+2 1 1
+2 1 1
968 1 1 0 1 0 0 1
668 2
831 2 1
+7 2 1
+2 2 0 1 1 0 0 1
+4 2
+6 2 1
+2 1
659 2 0 1
-3 1
337 6 0 4 1 0 1 1 0 1
+5 2
+1 7 0 4 1 0 0 1
670 1 1 0 1 0 0 1
fi=(20)
992 1 1
-48 1 1
fe=(16)
670 1
fi=(20)
992 2 0 1
fe=(16)
670 6 1 1 0 1 0 0 1
+4 7 1 0 1 1 0 1 1
+78 1 0 1 1 0 0 1
-25 3 2
+92 2 0 0 1 0 0 1
+3 2 0 1
fi=(20)
+90 1 1
fe=(16)
-89 1
-89 2 0 1 1 0 0 1
+51 2

fn=(38)
351 3 0 2 1 0 0 1
+4 4
+3 3 0 1 0 0 1 0 0 1
+5 2
-5 1 0 1
+5 1
-5 1 0 1
+4 1 0 1
+1 1 0 1
+1 4 0 1 1 0 0 1
+1 4 0 1
+1 3 0 1
+1 2 1
+7 2 1
+2 5
+5 1 0 0 1 0 0 1
-5 1 0 1
+5 1
-5 1 0 1
+5 1
-5 2 0 2
+5 1
+7 1 1
-7 4 0 4 1 0 1 1 0 1
+7 1
+1 3
+6 1 1
-6 4 0 4 0 0 1 0 0 1
+6 1
fi=(17) /usr/src/debug/glibc-2.38-14.fc39.x86_64/elf/../sysdeps/unix/sysv/linux/x86/dl-minsigstacksize.h
24 2 1 0 2 0 0 2
+3 2 1
+1 2 1
fe=(16)

ob=(9)
fl=(113)
fn=(2442)
136 95248 23812 23812 1
cfn=(2372)
calls=23812 -93 
* 3214480396 1428423103 700727819 4 13117069 52584
+1 71436 71436 0 0 21508

fn=(1944)
169 515123 0 367945 3 0 0 1
+1 73589 0 73589
+1 147178 0 73589
+1 9822102 4911051 1637017
cfn=(1978)
calls=1637017 17 
* 70391731 29466306 16370170 2 255728 11645 2
* 8185085 1637017 1637017
cfi=(112)
cfn=(1998)
calls=1365661 23 
* 109620082 43469583 31817526 5 2104587 0 3
cfi=(112)
cfn=(1980)
calls=271356 55 
* 4570963953 2033671011 996690730 12 18189206 26 12 5
* 6548068
+1 59102 29551 29551
+1 29551
-3 6429864 1607466 3214932
cfn=(1946)
calls=1607466 -80 
* 27326922 12859728 8037330 0 1
* 220767 73589 73589 4 0 0 2
cfn=(1946)
calls=73589 -80 
* 1251013 588712 367945 1 46913 0 1
* 6724220 1681055
+6 73589 73589
+1 220767 220767 0 0 1

fn=(2000)
21 1831506 0 1221004
+1 1526255 610502 305251
cfn=(1978)
calls=305251 -5 
* 13125793 5494518 3052510
* 305251 0 305251
+1 1526255 610502 305251 3 0 0 1
cfn=(1978)
calls=305251 -6 
* 13125793 5494518 3052510 0 37595
* 305251 0 305251
+2 2442008 1221004 305251
cfi=(102)
cfn=(1532)
calls=305251 +51 
* 18619083 7630661 3968263 7 17503
+1 2442008 1221004 305251 1
cfi=(102)
cfn=(1532)
calls=305251 +50 
* 18619083 7630661 3968263
+1 915753 610502

fn=(1900)
71 2392040 0 1913632 4 0 0 1
+1 1435224 956816 478408 0 0 6792
+2 478408 239204 0 1 0 0 1
+6 478408 0 239204 0 0 6176
cob=(7)
cfi=(95)
cfn=(1522)
calls=239204 -80 
* 21704732 5432914 2849318 11 38695 815 9 0 606
* 239204 239204
* 1435224 0 239204
cfi=(102)
cfn=(1524)
calls=239204 -66 
* 50628791 12251416 6770068 46 329857 150156 1 0 1043
* 478408 239204 239204
+2 478408 239204 0 3 0 0 1
+2 1674428 1196020 0 3 0 0 1

fn=(1956)
86 1196020 0 717612 1
+1 1674428 956816 239204 0 158528
cfi=(102)
cfn=(1958)
calls=239204 +45 
* 3109652 1674428 1196020 8 139331 1 2
+1 1435224 478408 239204
cfi=(102)
cfn=(1961)
calls=800 -67 
* 2020502 853816 471326 5 7401 11 2
cfi=(102)
cfn=(1960)
calls=238404 -67 
* 35186882 10407193 5009330 12 813873 46876 2
* 717612 0 239204
cob=(7)
cfi=(95)
cfn=(1952)
calls=239204 -88 
* 22956213 6582753 3321768 6 107041
* 239204 239204 0 0 13737
+1 956816 717612

fn=(1978)
17 20452465 0 12271479 1 0 0 1
+1 28633451 12271479 4090493 4 8731 0 1
cfi=(102)
cfn=(1894)
calls=4090493 +51 
* 118624297 53176409 24542958 0 506489 11860
+1 8180986 8180986

fl=(98)
fn=(1402)
8 6 0 4
+1 2 1 0 1 0 0 1
+5 5 2 1
cob=(2)
cfi=(81)
cfn=(1416)
calls=1 -14 
* 136 23 13 10 0 0 10
cob=(1)
cfi=(99)
cfn=(1410)
calls=1 +57 
* 891 294 140 50 53 19 12 3 1
* 5 3 2 1 1 0 1
* 1 0 1
+1 5 2 1 1 0 0 1
cob=(2)
cfi=(81)
cfn=(1416)
calls=1 -15 
* 156 24 13
* 1 1
* 1 0 1
+1 5 2 1
cob=(2)
cfi=(81)
cfn=(1416)
calls=1 -16 
* 116 22 13
* 1 1
* 1 0 1
+1 5 2 1 1 0 0 1
cob=(2)
cfi=(81)
cfn=(1426)
calls=1 -17 
* 610 111 62 65 9 0 65 8
cob=(1)
cfi=(99)
cfn=(1410)
calls=1 +54 
* 859 291 140 1 5 0 0 2
* 5 3 2 1 1 0 1
* 2 0 1
+1 5 2 1
cob=(2)
cfi=(81)
cfn=(1426)
calls=1 -18 
* 601 111 61
* 1 1
* 2 0 1
+2 7 3 0 1 1 0 1 1
+5 4 2
+3 7 3 1 1 0 0 1
cfi=(101)
cfn=(1448)
calls=1 +65 
* 9331250 2548196 1480958 194 1503 12727 155 74 12684
* 1 0 1 0 0 1
+1 3 1 1
cfi=(102)
cfn=(1570)
calls=1 +5 
* 7 4 2 1 0 0 1
* 1 0 1
+2 1 0 1 0 0 1
+1 1 0 1
+2 2 1
+1 1 0 1 1 0 0 1
+1 2 0 1
+3 2 0 1 0 0 1
fi=(110)
+49 1
fi=(109)
+75 1
fe=(98)
43 8 2 1 1 2 0 1
cfi=(104)
cfn=(1572)
calls=1 641 
* 10844 3046 1302 63 117 5 42 33
fi=(109)
184 3 0 1
cfi=(110)
cfn=(1646)
calls=1 -80 
* 6 2 2
* 1
fe=(98)
44 5 0 1
cob=(7)
cfi=(95)
cfn=(1652) std::__cxx11::basic_string<char, std::char_traits<char>, std::allocator<char> >::find_last_of(char const*, unsigned long) const
calls=1 -44 
* 435 66 21 9 4 0 7 1
cob=(1)
cfi=(99)
cfn=(1410)
calls=1 +27 
* 1203 326 131 0 12 0 0 6
* 5 3 2 1 0 0 1
* 1 0 1 1 0 0 1
+1 7 1 1
cob=(7)
cfi=(95)
cfn=(1666) std::__cxx11::basic_string<char, std::char_traits<char>, std::allocator<char> >::substr(unsigned long, unsigned long) const
calls=1 -45 
* 126 40 29 2 1 1 2
cob=(1)
cfi=(99)
cfn=(1410)
calls=1 +26 
* 1123 315 131 0 11 0 0 3
* 5 3 2
+1 5 0 1 1 0 0 1
cob=(7)
cfi=(95)
cfn=(1652)
calls=1 -46 
* 174 30 12
* 1 1
* 1 0 1
+2 7 1 1
cob=(7)
cfi=(95)
cfn=(1666)
calls=1 -48 
* 126 40 29
* 1 1
* 2 0 1
fi=(110)
+40 1
fi=(109)
+75 1
fe=(98)
49 5 0 1 1 0 0 1
cfi=(104)
cfn=(1572)
calls=1 641 
* 409 109 71 1 0 0 1
fi=(109)
184 3 0 1
cfi=(110)
cfn=(1646)
calls=1 -80 
* 6 2 2
* 1
fe=(98)
50 5 0 1
cob=(7)
cfi=(95)
cfn=(1674) std::__cxx11::basic_string<char, std::char_traits<char>, std::allocator<char> >::append(std::__cxx11::basic_string<char, std::char_traits<char>, std::allocator<char> > const&)
calls=1 -50 
* 439 106 64 13 6 1 13
cob=(1)
cfi=(99)
cfn=(1410)
calls=1 +21 
* 1141 319 131 3 10 0 0 4
* 5 3 2
+1 4 0 1 1 0 0 1
cob=(7)
cfi=(95)
cfn=(1696) std::__cxx11::basic_string<char, std::char_traits<char>, std::allocator<char> >::append(char const*)
calls=1 -51 
* 87 18 10 1 0 0 1
cob=(1)
cfi=(99)
cfn=(1410)
calls=1 +20 
* 1099 315 131 0 10 0 0 3
* 5 3 2 1 0 0 1
+1 5 1 1
cfi=(104)
cfn=(1698)
calls=1 4166 
* 2459 695 340 22 19 0 22 4
* 5 0 1
cob=(7)
cfi=(95)
cfn=(1674)
calls=1 -52 
* 60 15 7
* 1 1
* 3 0 1 1 0 0 1
cob=(7)
cfi=(95)
cfn=(1726) std::__cxx11::basic_string<char, std::char_traits<char>, std::allocator<char> >::~basic_string()
calls=1 -52 
* 6 2 0 2 0 0 2
cob=(1)
cfi=(99)
cfn=(1410)
calls=1 +19 
* 1076 309 131 0 6 0 0 2
* 5 3 2
+1 2 1
+1 4 0 1
cob=(7)
cfi=(95)
cfn=(1696)
calls=1 -54 
* 467 109 67 0 1 2
* 1 1
* 1
+3 4 0 1 1 0 0 1
cob=(7)
cfi=(95)
cfn=(1696)
calls=1 -57 
* 84 18 10
* 1 1
+2 3 0 1
cob=(7)
cfi=(95)
cfn=(1732)
calls=1 -59 
* 1282 313 180 41 18 1 38 2
cob=(1)
cfi=(99)
cfn=(1410)
calls=1 +12 
* 1110 309 131 4 9
* 5 3 2
* 5 1 1
cob=(7)
cfi=(95)
cfn=(1760)
calls=1 -59 
* 1207 162 102 41 21 4 38 3
cob=(1)
cfi=(99)
cfn=(1410)
calls=1 +12 
* 762 256 131 0 9 0 0 2
* 5 3 2
* 3 0 1
cob=(7)
cfi=(95)
cfn=(1732)
calls=1 -59 
* 438 117 68 10 0 0 10
* 1 1
+1 3 0 1 1 0 0 1
cob=(7)
cfi=(95)
cfn=(1732)
calls=1 -60 
* 306 84 44
* 1 1
* 5 1 1
cob=(7)
cfi=(95)
cfn=(1806) std::ostream::operator<<(float)
calls=1 -60 
* 2347 545 363 163 38 17 150 12
cob=(1)
cfi=(99)
cfn=(1410)
calls=1 +11 
* 792 256 131 4 5 0 0 1
* 5 3 2
* 3 0 1
cob=(7)
cfi=(95)
cfn=(1732)
calls=1 -60 
* 438 117 68
* 1 1
+1 3 0 1
cob=(7)
cfi=(95)
cfn=(1732)
calls=1 -61 
* 306 84 44
* 1 1
* 5 1 1 1 0 0 1
cob=(7)
cfi=(95)
cfn=(1806)
calls=1 -61 
* 2206 512 344
* 1 1
* 3 0 1
cob=(7)
cfi=(95)
cfn=(1732)
calls=1 -61 
* 438 117 68
* 1 1
+1 3 0 1
cob=(7)
cfi=(95)
cfn=(1732)
calls=1 -62 
* 306 84 44
* 1 1
* 7 2 1 1 0 0 1
cob=(7)
cfi=(95)
cfn=(1732)
calls=1 -62 
* 374 98 44
* 1 1
* 3 0 1
cob=(7)
cfi=(95)
cfn=(1732)
calls=1 -62 
* 438 117 68
* 1 1
+1 3 0 1
cob=(7)
cfi=(95)
cfn=(1732)
calls=1 -63 
* 321 87 44
* 1 1
* 5 1 1
cob=(7)
cfi=(95)
cfn=(1760)
calls=1 -63 
* 431 106 63 1
* 1 1
* 3 0 1
cob=(7)
cfi=(95)
cfn=(1732)
calls=1 -63 
* 438 117 68
* 1 1
+1 3 0 1 1 0 0 1
cob=(7)
cfi=(95)
cfn=(1732)
calls=1 -64 
* 446 120 69 2 1 0 2 1
* 1 1
+5 1 0 1
cob=(7)
cfi=(95)
cfn=(1866) std::chrono::_V2::system_clock::now()
calls=1 -69 
* 22 7 1 4 2 0 4
cob=(1)
cfi=(99)
cfn=(1410)
calls=1 +2 
* 965 283 131 2 9 0 0 1
* 5 3 2
* 1 0 1
+3 10 5 1
cfi=(101)
cfn=(1872)
calls=1 522 
* 29022717567 12360674411 6564978008 762 221176758 567149 384 6784 29153
* 1 0 1 1 0 1
+2 1 0 1 1 0 0 1
cob=(7)
cfi=(95)
cfn=(1866)
calls=1 -74 
* 22 7 1 4 3
* 1 1 0 0 1
* 1 0 1 0 0 1
+2 5 0 1
cfi=(116)
cfn=(2406)
calls=1 1141 
* 90 33 30 6 0 1 3
* 4 0 2
cfi=(116)
cfn=(2416)
calls=1 273 
* 52 16 14 2 0 0 1
* 1 0 1
+2 3 0 1 1 0 0 1
cob=(7)
cfi=(95)
cfn=(1732)
calls=1 -78 
* 437 112 44 0 1
* 1 1
* 4 0 1
cfi=(116)
cfn=(2422)
calls=1 589 
* 7 4 2
* 3 0 1
cob=(7)
cfi=(95)
cfn=(2428) std::ostream::operator<<(long)
calls=1 -78 
* 480 112 66 1 0 0 1
cob=(1)
cfi=(99)
cfn=(1410)
calls=1 -7 
* 787 256 133 41 53 14 27
* 5 3 2 0 1
+1 3 0 1
cob=(7)
cfi=(95)
cfn=(1732)
calls=1 -79 
* 378 101 44 0 1 0 0 1
* 1 1
* 5 1 1 1 1 0 1
cob=(7)
cfi=(95)
cfn=(1806)
calls=1 -79 
* 2351 548 363 166 42 19
* 1 1 0 1 1
* 3 0 1
cob=(7)
cfi=(95)
cfn=(1732)
calls=1 -79 
* 302 85 44
* 1 1
* 5 1 1
cob=(7)
cfi=(95)
cfn=(1806)
calls=1 -79 
* 2210 515 344
* 1 1
* 3 0 1
cob=(7)
cfi=(95)
cfn=(1732)
calls=1 -79 
* 491 131 77 2 1
* 1 1
+2 3 0 1
cob=(7)
cfi=(95)
cfn=(1732)
calls=1 -81 
* 486 132 78
* 1 1
+3 3 0 1 1 0 0 1
cob=(7)
cfi=(95)
cfn=(2434) std::__cxx11::basic_string<char, std::char_traits<char>, std::allocator<char> >::c_str() const
calls=1 -84 
* 3 2 0 1 0 0 1
cob=(1)
cfi=(99)
cfn=(1410)
calls=1 -13 
* 1115 315 133 7 16 0 0 2
* 5 3 2
* 5 1 1
cfi=(101)
cfn=(2436)
calls=1 +79 
* 686 174 153 62 8 6 12
* 1 0 1
+2 2 1
+1 3 0 1
cob=(7)
cfi=(95)
cfn=(1732)
calls=1 -87 
* 499 134 78 0 1 0 0 1
* 1 1
+1 6 3 1 1 1 0 1
cfi=(101)
cfn=(2438)
calls=1 269 
* 5711716619 2490430513 1252108761 209 30343098 229929 17 0 13537
* 1 0 1 0 0 1
+1 3 0 1
cob=(7)
cfi=(95)
cfn=(1732)
calls=1 -89 
* 488 132 78 6 20 1 0 1
* 1 1
+1 3 0 1
cob=(7)
cfi=(95)
cfn=(2434)
calls=1 -90 
* 3 2 0 0 1
* 1 1 0 0 1
* 6 2 1 1 0 0 1
cfi=(101)
cfn=(2446)
calls=1 +30 
* 299324468 114606305 67022710 102 3067861 8222 12 0 65
+3 3 0 1
cob=(7)
cfi=(95)
cfn=(1732)
calls=1 -93 
* 343 94 44 0 16 1
* 1 1
* 7 4 1 0 2
cfi=(101)
cfn=(2458)
calls=1 204 
* 2839407461 1081317624 547733421 12 818379 438 9
* 4 0 1
cob=(7)
cfi=(95)
cfn=(1806)
calls=1 -93 
* 2831 730 450 152 70 24 25
* 1 1 0 1 1
+1 3 0 1 1 0 0 1
cob=(7)
cfi=(95)
cfn=(1732)
calls=1 -94 
* 493 132 78 4 5
* 1 1 0 0 1
+2 5 1 1 0 1
cfi=(112)
cfn=(2468)
calls=1 341 
* 1172111 474627 258847 20 4770 9 3
* 3 0 1
cob=(7)
cfi=(95)
cfn=(1952)
calls=1 -96 
* 93 27 14 1 2
* 1 1
+1 5 1 1 0 1
cfi=(112)
cfn=(2468)
calls=1 341 
* 1169895 473787 258593 0 4617 4
* 3 0 1 1 0 0 1
cob=(7)
cfi=(95)
cfn=(1952)
calls=1 -97 
* 93 27 14 0 1
* 1 1
+42 3 1 1 0 1
cfi=(101)
cfn=(2476)
calls=1 244 
* 3617565 1102949 512162 1 12680 1 1
+1 3 0 1
cob=(7)
cfi=(95)
cfn=(1726)
calls=1 0 
* 128 33 13 1 3
* 1 1 0 0 1
* 3 0 1
cob=(7)
cfi=(95)
cfn=(1726)
calls=1 0 
* 6 2 0 1 1
* 1 1
* 3 0 1
cob=(7)
cfi=(95)
cfn=(1726)
calls=1 0 
* 6 2
* 1 1

ob=(1)
fl=(16)
fn=(38)
fi=(17)
65 3
+7 1
+2 1 0 1
fe=(16)
410 3 3

fl=(14)
fn=(30)
36 1 0 0 1 0 0 1
fi=(127) /usr/src/debug/glibc-2.38-14.fc39.x86_64/elf/../sysdeps/unix/sysv/linux/brk_call.h
-12 2
fe=(14)
+13 1 0 1 0 0 1 0 0 1
+1 2

ob=(9)
fl=(98)
fn=(1402)
140 3 0 1 1 0 0 1
cob=(7)
cfi=(95)
cfn=(1726)
calls=1 0 
* 128 33 13 0 2
* 1 1
* 5 3 0 1 1

fl=(106)
fn=(1588)
2838 4 0 2 1 0 0 1
+6 2
+4 4 4

ob=(1)
fl=(14)
fn=(30)
44 1
+1 1 1

ob=(7)
fl=(95)
fn=(526)
0 5 0 2 1 0 0 1
cob=(4)
cfi=(91)
cfn=(528) 0x000000000494ff90
calls=1 0 
0 41376 11469 5442 344 137 146 344 23 111
0 5 2 0 0 1
cob=(4)
cfi=(91)
cfn=(858) 0x000000000494e4f0
calls=1 0 
0 79 17 19 9 4 1 9 1

fn=(596) std::__cxx11::numpunct<char>::_M_initialize_numpunct(__locale_struct*)
0 414 137 75 5 5 0 5 2

fn=(830) std::basic_ios<char, std::char_traits<char> >::init(std::basic_streambuf<char, std::char_traits<char> >*)
0 28 0 12 1 0 0 1
cob=(4)
cfi=(91)
cfn=(832) 0x00000000049506d0
calls=4 0 
0 324 116 68 9 3 0 9 1
0 12 0 4
cob=(4)
cfi=(91)
cfn=(844) 0x00000000049508a0
calls=4 0 
0 228 100 32 3 1 0 3
0 52 12 20 1 0 0 1

fn=(842) std::locale::~locale()
0 64 32 8 2 0 0 2

fn=(964)
0 44 13 28 6 4 5 6 4 5

fn=(974)
0 34 17 8 2 3 0 2 1

fn=(1584)
0 9 3 3 1 0 1 1

fn=(1632)
0 28 0 0 1 0 0 1
cob=(4)
cfi=(91)
cfn=(1634) 0x0000000004951220
calls=4 0 
0 56 16 8 1 1

fn=(1658) std::__cxx11::basic_string<char, std::char_traits<char>, std::allocator<char> >::find_last_of(char const*, unsigned long, unsigned long) const
0 134 21 25 2 0 0 2
cob=(4)
cfi=(91)
cfn=(1660) 0x000000000494dad0
calls=17 0 
0 357 51 0 3 1 0 1
0 48 10 0 1 0 0 1

fn=(1688) operator delete(void*)
0 5746708 0 0 4 0 0 1
cob=(4)
cfi=(91)
cfn=(1690) 0x000000000494eb60
calls=2873354 0 
0 256078336 75803452 40022266 14 928335 8577 3 204

fn=(1810) std::ostream& std::ostream::_M_insert<double>(double)
0 70 0 35 6 0 0 2
cob=(4)
cfi=(91)
cfn=(1738) 0x0000000004951320
calls=5 0 
0 125 45 25 0 4
0 100 45 5 3 3 0 1
cfn=(1812) std::num_put<char, std::ostreambuf_iterator<char, std::char_traits<char> > >::do_put(std::ostreambuf_iterator<char, std::char_traits<char> >, std::ios_base&, char, double) const
calls=5 0 
0 11540 2700 1799 461 140 60 168 12
0 85 55 0 5 0 0 2

fn=(1952)
0 5625098 0 0 3 0 0 1
cob=(4)
cfi=(91)
cfn=(1686) 0x000000000494e310
calls=2812549 0 
0 259864873 76635354 39227935 15 1032049 8575 1 156

fn=(2266)
0 121602 0 0 1
cob=(4)
cfi=(91)
cfn=(1686)
calls=60801 0 
0 7706455 2041334 794277 4 3898 2 1 48

fn=(2434)
0 6 4 0 1 1 0 1

fn=(2588)
0 4 0 1 1 0 0 1
cob=(4)
cfi=(91)
cfn=(2584) 0x000000000494f260
calls=1 0 
0 4 2

fn=(620) std::ctype<wchar_t>::ctype(unsigned long)
0 13 1 5 1 0 1 1 0 1
cob=(4)
cfi=(91)
cfn=(558) 0x0000000004950310
calls=1 0 
0 19 6 1
0 7 2 2 1 0 0 1
cob=(4)
cfi=(91)
cfn=(622) 0x000000000494e990
calls=1 0 
0 21377 5826 3053 35 23 20 35 6 20

fn=(854) std::basic_ios<wchar_t, std::char_traits<wchar_t> >::_M_cache_locale(std::locale const&)
0 32 4 12 1 0 0 1
cob=(4)
cfi=(91)
cfn=(586) 0x000000000494e6f0
calls=4 0 
0 32 12
0 28 16 8 1 0 0 1
cob=(4)
cfi=(91)
cfn=(586)
calls=4 0 
0 32 12
0 28 16 8
cob=(4)
cfi=(91)
cfn=(586)
calls=4 0 
0 32 12
0 36 24 4 1 0 0 1

fn=(968)
0 5 0 0 1 0 0 1
cob=(4)
cfi=(91)
cfn=(858)
calls=1 0 
0 83 17 18

fn=(1772) std::num_put<char, std::ostreambuf_iterator<char, std::char_traits<char> > >::do_put(std::ostreambuf_iterator<char, std::char_traits<char> >, std::ios_base&, char, long) const
0 18 0 0 3 0 0 1
cob=(4)
cfi=(91)
cfn=(1774) 0x000000000494fb90
calls=6 0 
0 2061 451 300 36 21 0 13

fn=(1806)
0 15 0 0 3 0 0 1
cob=(4)
cfi=(91)
cfn=(1808) 0x0000000004951370
calls=5 0 
0 11930 2850 1864 478 150 60 174 12

fn=(1812)
0 20 0 0 3 0 0 1
cob=(4)
cfi=(91)
cfn=(1814) 0x000000000494f4b0
calls=5 0 
0 11520 2700 1799 458 140 60 167 12

fn=(1816) std::ostreambuf_iterator<char, std::char_traits<char> > std::num_put<char, std::ostreambuf_iterator<char, std::char_traits<char> > >::_M_insert_float<double>(std::ostreambuf_iterator<char, std::char_traits<char> >, std::ios_base&, char, char, double) const
0 90 0 55 6 0 0 2
cfn=(1778) 0x00000000001334e0
calls=5 0 
0 145 60 25 3 5
0 55 5 10 3 0 0 1
cob=(4)
cfi=(91)
cfn=(1818) 0x000000000494f0e0
calls=5 0 
0 160 15 20 12 3 0 4
0 65 5 15 3 0 0 1
cob=(4)
cfi=(91)
cfn=(558)
calls=5 0 
0 95 30 5 11 12
0 55 10 15 3 0 0 1
cfn=(1822) 0x0000000000102300
calls=5 0 
0 9264 2157 1459 375 89 58 147 12
0 25 5 10 3 3 0 1
cob=(4)
cfi=(91)
cfn=(586)
calls=5 0 
0 40 15 0 0 3
0 175 35 20 9 5 0 3
cob=(4)
cfi=(91)
cfn=(1660)
calls=5 0 
0 105 15 0 8 2
0 135 55 15 9 3 0 3
cfn=(1742) __gnu_cxx::stdio_sync_filebuf<char, std::char_traits<char> >::xsputn(char const*, long)
calls=5 0 
0 874 218 120 0 10 2
0 105 40 15 6 0 0 2
cob=(4)
cfi=(91)
cfn=(1634)
calls=5 0 
0 97 20 10 2 2
0 25 10 5 3 0 0 1

fn=(552) std::locale::facet::_S_get_c_name()
0 21 7 0 1 0 0 1

fn=(556) std::ctype<char>::ctype(unsigned short const*, bool, unsigned long)
0 15 1 6 2 1 2 2 0 1
cob=(4)
cfi=(91)
cfn=(558)
calls=1 0 
0 145 35 32 24 7 3 24 2
0 101 7 73 2 1 8 2 0 8

fn=(560) std::locale::facet::_S_get_c_locale()
0 95 0 19 3
cob=(4)
cfi=(91)
cfn=(562) 0x000000000494e660
calls=19 0 
0 278 86 31 28 12 3 23 2
0 76 38 0 0 3

fn=(574) std::locale::facet::_S_create_c_locale(__locale_struct*&, char const*, __locale_struct*)
0 5 0 2 2 0 0 2
cob=(4)
cfi=(91)
cfn=(576) 0x000000000494f3d0
calls=1 0 
0 41 13 7 7 1 1 7
0 5 2 1

fn=(2580)
0 2 1 0 1 0 0 1

fn=(2606) std::uncaught_exception()
0 6 0 2 1 0 0 1
cob=(4)
cfi=(91)
cfn=(2608) 0x000000000494fdf0
calls=2 0 
0 46 20 2 4 5 0 4
0 10 4 0 1 1 0 1

fn=(612) std::__timepunct<char>::_M_initialize_timepunct(__locale_struct*)
0 11 2 4 3 0 0 3
cob=(4)
cfi=(91)
cfn=(558)
calls=1 0 
0 19 6 1
0 138 4 25 12 0 0 12

fn=(668) std::__cxx11::moneypunct<wchar_t, false>::_M_initialize_moneypunct(__locale_struct*, char const*)
0 102 27 30 5 0 0 5

fn=(680) std::__timepunct<wchar_t>::_M_initialize_timepunct(__locale_struct*)
0 10 2 3 2 0 0 2
cob=(4)
cfi=(91)
cfn=(558)
calls=1 0 
0 19 6 1
0 137 3 25 12 0 0 12

fn=(838) std::locale::operator=(std::locale const&)
0 160 56 24 3 0 0 3

fn=(872)
0 9 0 4 2 0 1 2
cob=(4)
cfi=(91)
cfn=(874) 0x000000000494efd0
calls=1 0 
0 7 3 1 2 0 0 2
0 7 0 2
cob=(4)
cfi=(91)
cfn=(858)
calls=1 0 
0 83 17 18 0 0 1 0 0 1
0 3 0 2 1 0 0 1
cob=(4)
cfi=(91)
cfn=(874)
calls=1 0 
0 7 3 1
0 9 2 1
cob=(4)
cfi=(91)
cfn=(858)
calls=1 0 
0 83 17 18

fn=(966)
0 5
cob=(4)
cfi=(91)
cfn=(858)
calls=1 0 
0 83 17 18 0 0 1 0 0 1

fn=(1602)
0 50 4 0 2 0 0 2
cob=(4)
cfi=(91)
cfn=(1604) 0x000000000494dbc0
calls=2 0 
0 564 110 67 18 2 1 18
0 6 0 2
cob=(4)
cfi=(91)
cfn=(1604)
calls=2 0 
0 392 82 50 0 1 3

fn=(1612)
0 6 2 2 1 0 0 1

fn=(1618)
0 6 2 2

fn=(1742)
0 240 40 0 1 7 0 1
cob=(4)
cfi=(91)
cfn=(1744) 0x0000000004950ca0
calls=40 0 
0 11445 2826 1558 111 66 10 42 1

fn=(1760)
0 55 15 0 4 0 0 2
cob=(4)
cfi=(91)
cfn=(1762) 0x000000000494e3a0
calls=5 0 
0 2864 577 352 68 43 4 36 3

fn=(1764) std::ostream& std::ostream::_M_insert<long>(long)
0 84 0 42 3 0 0 1
cob=(4)
cfi=(91)
cfn=(1738)
calls=6 0 
0 150 54 30
0 110 50 5 3 7 0 1
cfn=(1772)
calls=5 0 
0 1756 380 251 23 14
0 9 3 1 1 2 0 1
cfn=(1772)
calls=1 0 
0 323 71 49 16 7 0 14
0 115 70 3 3 1 0 2
cob=(4)
cfi=(91)
cfn=(1766) 0x000000000494eee0
calls=1 0 
0 777 52 37 16 8 4 15 3
0 6 3 0 1 1 0 1

fn=(584) std::locale::_Impl::_M_install_facet(std::locale::id const*, std::locale::facet const*)
0 448 0 224 2 0 0 2
cob=(4)
cfi=(91)
cfn=(586)
calls=32 0 
0 544 192 64 2 9 0 2 7
0 11680 3520 64 5 0 0 5

fn=(2576)
0 2 1

fn=(2618) std::basic_ostream<wchar_t, std::char_traits<wchar_t> >::flush()
0 39 9 9 2 7 0 2
cob=(4)
cfi=(91)
cfn=(2620) 0x000000000494f280
calls=3 0 
0 219 82 37 3 1 0 3
0 21 18 3 0 3
cfn=(2624) __gnu_cxx::stdio_sync_filebuf<wchar_t, std::char_traits<wchar_t> >::sync()
calls=3 0 
0 231 81 36 0 2
0 25 12 1 1 0 0 1
cob=(4)
cfi=(91)
cfn=(2604) 0x000000000494e870
calls=1 0 
0 33 13 2
0 7 3 1
cfn=(2624)
calls=1 0 
0 77 27 12
0 17 9

fn=(2619) std::basic_ostream<wchar_t, std::char_traits<wchar_t> >::flush()'2
0 13 3 3
cob=(4)
cfi=(91)
cfn=(2621) 0x000000000494f280'2
calls=1 0 
0 25 9 5
0 7 6 1
cfn=(2624)
calls=1 0 
0 77 27 12
0 13 7

fn=(2622) std::basic_ostream<wchar_t, std::char_traits<wchar_t> >::sentry::sentry(std::basic_ostream<wchar_t, std::char_traits<wchar_t> >&)
0 49 12 13 1 1 0 1
cob=(4)
cfi=(91)
cfn=(2617) 0x0000000004950910'2
calls=1 0 
0 137 53 21
0 27 14 3 1 0 0 1

fn=(2623) std::basic_ostream<wchar_t, std::char_traits<wchar_t> >::sentry::sentry(std::basic_ostream<wchar_t, std::char_traits<wchar_t> >&)'2
0 23 8 5

fn=(604) std::__cxx11::moneypunct<char, true>::_M_initialize_moneypunct(__locale_struct*, char const*)
0 113 38 31 5 0 0 5

fn=(616) std::__cxx11::messages<char>::messages(unsigned long)
0 13 1 5 2 1 1 2 0 1
cob=(4)
cfi=(91)
cfn=(558)
calls=1 0 
0 19 6 1
0 2 0 2
cob=(4)
cfi=(91)
cfn=(550) 0x000000000494e2c0
calls=1 0 
0 5 2
0 5 3 1

fn=(748) std::numpunct<wchar_t>::_M_initialize_numpunct(__locale_struct*)
0 350 74 74 4 0 0 4

fn=(820) std::locale::locale(std::locale::_Impl*)
0 3 1 1 1 0 0 1

fn=(850) std::basic_ios<wchar_t, std::char_traits<wchar_t> >::init(std::basic_streambuf<wchar_t, std::char_traits<wchar_t> >*)
0 28 0 12 1 0 0 1
cob=(4)
cfi=(91)
cfn=(832)
calls=4 0 
0 324 116 68
0 12 0 4
cob=(4)
cfi=(91)
cfn=(852) 0x0000000004951230
calls=4 0 
0 228 100 32 4 1 0 4
0 52 12 24 1 0 0 1

fn=(866)
0 12 1 0 3 0 0 3

fn=(970)
0 7 0 2
cob=(4)
cfi=(91)
cfn=(858)
calls=1 0 
0 83 17 18 0 0 1 0 0 1
0 5 1 0 1 0 0 1
cob=(4)
cfi=(91)
cfn=(858)
calls=1 0 
0 83 17 18

fn=(1640)
0 20 8 8

fn=(1652)
0 18 0 8 1 0 0 1
cob=(4)
cfi=(91)
cfn=(1654) 0x000000000494ebf0
calls=2 0 
0 32 6 0 1 2 0 1 1
0 16 6
cob=(4)
cfi=(91)
cfn=(1656) 0x000000000494e760
calls=2 0 
0 543 84 25 7 2 0 5

fn=(1726)
0 29 5 0 2 3 0 1
cob=(4)
cfi=(91)
cfn=(1686)
calls=2 0 
0 242 64 26 0 3
0 3 3 0 2 0 0 1

fn=(1740) std::ostream::sentry::sentry(std::ostream&)
0 649 172 173 3 22 0 2
cob=(4)
cfi=(91)
cfn=(2593) 0x000000000494f820'2
calls=1 0 
0 137 53 21
0 347 174 43 2 0 0 1

fn=(1741) std::ostream::sentry::sentry(std::ostream&)'2
0 23 8 5

fn=(536) 0x00000000000c8db0
0 11 1 3 1 0 1 1
cob=(4)
cfi=(91)
cfn=(546) 0x000000000494e2f0
calls=1 0 
0 38914 10782 4735 281 121 101 281 20 95
0 9 2 2
cob=(4)
cfi=(91)
cfn=(818) 0x000000000494d680
calls=1 0 
0 5 2 1 1 0 0 1
0 176 87 0 2 1 0 2 1

fn=(548) std::locale::_Impl::_Impl(unsigned long)
0 139 0 120 3 0 17 3 0 16
cob=(4)
cfi=(91)
cfn=(550)
calls=1 0 
0 5 2 0 1 0 0 1
0 7 1 2 0 1 0 0 1
cob=(4)
cfi=(91)
cfn=(554) 0x000000000494d6a0
calls=1 0 
0 263 44 111 29 10 13 29 2 9
0 4 1 1 0 1
cob=(4)
cfi=(91)
cfn=(582) 0x000000000494efe0
calls=1 0 
0 398 117 11 10 2 0 10
0 4 0 1 1 0 0 1
cob=(4)
cfi=(91)
cfn=(590) 0x000000000494e8e0
calls=1 0 
0 39 11 7 3 2 2 3 0 2
0 4 1 1 0 1
cob=(4)
cfi=(91)
cfn=(582)
calls=1 0 
0 398 117 11 0 1
0 24 1 15 3 1 4 3 0 4
cob=(4)
cfi=(91)
cfn=(594) 0x0000000004950650
calls=1 0 
0 416 138 75 6 6 0 6 2
0 4 1 1 0 1
cob=(4)
cfi=(91)
cfn=(582)
calls=1 0 
0 398 117 11 0 1 0 0 1
0 8 2 3 1 2 0 1
cob=(4)
cfi=(91)
cfn=(582)
calls=1 0 
0 398 117 11 0 1 0 0 1
0 8 2 3 0 2
cob=(4)
cfi=(91)
cfn=(582)
calls=1 0 
0 398 117 11
0 5 1 3 1 1 0 1
cob=(4)
cfi=(91)
cfn=(558)
calls=1 0 
0 19 6 1
0 5 1 2 0 1
cob=(4)
cfi=(91)
cfn=(582)
calls=1 0 
0 398 117 11
0 29 1 19 4 1 4 4 0 4
cob=(4)
cfi=(91)
cfn=(598) 0x000000000494ed30
calls=1 0 
0 115 39 31 5 3 0 5 1
0 4 1 1 0 1
cob=(4)
cfi=(91)
cfn=(582)
calls=1 0 
0 398 117 11
0 29 1 19 4 1 1 4 0 1
cob=(4)
cfi=(91)
cfn=(602) 0x0000000004950480
calls=1 0 
0 115 39 31 6 1 0 6
0 4 1 1
cob=(4)
cfi=(91)
cfn=(582)
calls=1 0 
0 398 117 11
0 8 2 3 1 2 0 1
cob=(4)
cfi=(91)
cfn=(582)
calls=1 0 
0 398 117 11
0 8 2 3 0 1
cob=(4)
cfi=(91)
cfn=(582)
calls=1 0 
0 398 117 11
0 35 0 28 4 0 6 4 0 6
cob=(4)
cfi=(91)
cfn=(606) 0x000000000494f970
calls=1 0 
0 200 20 39 19 3 1 19 0 1
0 4 1 1 0 1
cob=(4)
cfi=(91)
cfn=(582)
calls=1 0 
0 398 117 11
0 8 2 3 1 2 0 1
cob=(4)
cfi=(91)
cfn=(582)
calls=1 0 
0 398 117 11
0 8 2 3 1 2 0 1
cob=(4)
cfi=(91)
cfn=(582)
calls=1 0 
0 398 117 11 0 1 0 0 1
0 4 0 1
cob=(4)
cfi=(91)
cfn=(614) 0x000000000494d540
calls=1 0 
0 46 13 9 3 2 1 3 0 1
0 4 1 1 1 0 0 1
cob=(4)
cfi=(91)
cfn=(582)
calls=1 0 
0 398 117 11
0 4 0 1
cob=(4)
cfi=(91)
cfn=(618) 0x000000000494da60
calls=1 0 
0 21418 5836 3061 38 24 21 38 6 21
0 4 1 1 0 1
cob=(4)
cfi=(91)
cfn=(582)
calls=1 0 
0 398 117 11
0 4 0 1
cob=(4)
cfi=(91)
cfn=(658) 0x000000000494e480
calls=1 0 
0 39 11 7 3 0 1 3 0 1
0 4 1 1 1 0 0 1
cob=(4)
cfi=(91)
cfn=(582)
calls=1 0 
0 398 117 11
0 23 1 15 3 1 4 3 0 4
cob=(4)
cfi=(91)
cfn=(662) 0x000000000494db70
calls=1 0 
0 352 75 74 5 2 3 5 1 3
0 4 1 1 0 1
cob=(4)
cfi=(91)
cfn=(582)
calls=1 0 
0 398 117 11 0 1 0 0 1
0 8 2 3 1 0 0 1
cob=(4)
cfi=(91)
cfn=(582)
calls=1 0 
0 398 117 11 0 1 0 0 1
0 8 2 3 0 1
cob=(4)
cfi=(91)
cfn=(582)
calls=1 0 
0 398 117 11
0 5 1 3 1 0 0 1
cob=(4)
cfi=(91)
cfn=(558)
calls=1 0 
0 19 6 1
0 16 3 5 1 1 1 1
cob=(4)
cfi=(91)
cfn=(582)
calls=1 0 
0 398 117 11
0 27 1 19 4 0 4 4 0 4
cob=(4)
cfi=(91)
cfn=(666) 0x000000000494fcd0
calls=1 0 
0 104 28 30 6 1 0 6
0 4 1 1
cob=(4)
cfi=(91)
cfn=(582)
calls=1 0 
0 398 117 11
0 28 1 19 3 0 2 3 0 2
cob=(4)
cfi=(91)
cfn=(670) 0x000000000494df40
calls=1 0 
0 104 28 30 6 1 0 6
0 4 1 1 1 1 0 1
cob=(4)
cfi=(91)
cfn=(582)
calls=1 0 
0 398 117 11
0 8 2 3 0 1
cob=(4)
cfi=(91)
cfn=(582)
calls=1 0 
0 398 117 11
0 8 2 3 1 2 1 1 0 1
cob=(4)
cfi=(91)
cfn=(582)
calls=1 0 
0 398 117 11
0 35 0 28 4 0 6 4 0 6
cob=(4)
cfi=(91)
cfn=(674) 0x0000000004950300
calls=1 0 
0 198 19 38 17 2 0 17
0 4 1 1
cob=(4)
cfi=(91)
cfn=(582)
calls=1 0 
0 398 117 11
0 8 2 3 1 1 1 1 0 1
cob=(4)
cfi=(91)
cfn=(582)
calls=1 0 
0 398 117 11
0 8 2 3 1 2 0 1
cob=(4)
cfi=(91)
cfn=(582)
calls=1 0 
0 398 117 11 0 1 0 0 1
0 4 0 1
cob=(4)
cfi=(91)
cfn=(682) 0x000000000494dbb0
calls=1 0 
0 46 13 9 3 1 0 3
0 4 1 1 0 1
cob=(4)
cfi=(91)
cfn=(582)
calls=1 0 
0 398 117 11
0 8 2 3 1 0 1 1 0 1
cob=(4)
cfi=(91)
cfn=(582)
calls=1 0 
0 398 117 11 0 1 0 0 1
0 8 2 3 1 0 0 1
cob=(4)
cfi=(91)
cfn=(582)
calls=1 0 
0 398 117 11
0 8 2 3 1 0 0 1
cob=(4)
cfi=(91)
cfn=(582)
calls=1 0 
0 398 117 11
0 8 2 3 1 0 0 1
cob=(4)
cfi=(91)
cfn=(582)
calls=1 0 
0 398 117 11
0 9 3 4
cfn=(686) 0x00000000000e3750
calls=1 0 
0 1950 600 445 66 17 7 66 0 7
0 3 2 1
cob=(4)
cfi=(91)
cfn=(586)
calls=1 0 
0 8 3
0 4 2 2 1 0 0 1
cob=(4)
cfi=(91)
cfn=(586)
calls=1 0 
0 8 3
0 4 2 2
cob=(4)
cfi=(91)
cfn=(586)
calls=1 0 
0 8 3
0 4 2 2
cob=(4)
cfi=(91)
cfn=(586)
calls=1 0 
0 8 3
0 5 2 2 1 0 0 1
cob=(4)
cfi=(91)
cfn=(586)
calls=1 0 
0 8 3
0 5 2 2
cob=(4)
cfi=(91)
cfn=(586)
calls=1 0 
0 8 3
0 4 2 2 1 0 0 1
cob=(4)
cfi=(91)
cfn=(586)
calls=1 0 
0 8 3
0 5 2 2
cob=(4)
cfi=(91)
cfn=(586)
calls=1 0 
0 8 3
0 10 7 1

fn=(2572)
0 2 1

fn=(2590)
0 12 4 2 2 3 0 2
cob=(4)
cfi=(91)
cfn=(2592) 0x000000000494f820
calls=1 0 
0 137 53 21 14 14 0 14
0 2 1 1 0 1
cob=(4)
cfi=(91)
cfn=(2592)
calls=1 0 
0 401 151 59 7 15 0 7 1
0 2 1 1 0 1
cob=(4)
cfi=(91)
cfn=(2592)
calls=1 0 
0 137 53 21 0 2
0 2 1 1 0 1
cob=(4)
cfi=(91)
cfn=(2616) 0x0000000004950910
calls=1 0 
0 137 53 21 7 7 0 7
0 2 1 1 1 1 0 1
cob=(4)
cfi=(91)
cfn=(2616)
calls=1 0 
0 401 151 59 0 5
0 2 1 1 0 1
cob=(4)
cfi=(91)
cfn=(2616)
calls=1 0 
0 137 53 21 0 2
0 2 1

fn=(2610) __cxa_get_globals
0 8 0 2 1 0 0 1
cob=(4)
cfi=(91)
cfn=(2612) 0x000000000494f040
calls=2 0 
0 28 16 0 2 4 0 2
0 6 2

fn=(608) std::__timepunct<char>::__timepunct(std::__timepunct_cache<char>*, unsigned long)
0 15 1 7 1 1 1 1 0 1
cob=(4)
cfi=(91)
cfn=(550)
calls=1 0 
0 5 2
0 4 0 2 1 0 0 1
cob=(4)
cfi=(91)
cfn=(610) 0x000000000494fe30
calls=1 0 
0 170 13 30 16 1 0 16
0 4 3

fn=(684) std::__cxx11::messages<wchar_t>::messages(unsigned long)
0 13 1 5 1 0 0 1
cob=(4)
cfi=(91)
cfn=(558)
calls=1 0 
0 19 6 1
0 2 0 2 1 0 0 1
cob=(4)
cfi=(91)
cfn=(550)
calls=1 0 
0 5 2
0 5 3 1

fn=(796) std::messages<wchar_t>::messages(unsigned long)
0 13 1 5 2 0 0 2
cob=(4)
cfi=(91)
cfn=(558)
calls=1 0 
0 19 6 1
0 2 0 2
cob=(4)
cfi=(91)
cfn=(550)
calls=1 0 
0 5 2
0 5 3 1

fn=(846) std::basic_ios<char, std::char_traits<char> >::_M_cache_locale(std::locale const&)
0 32 4 12 1 0 0 1
cob=(4)
cfi=(91)
cfn=(586)
calls=4 0 
0 32 12
0 28 16 8
cob=(4)
cfi=(91)
cfn=(586)
calls=4 0 
0 32 12
0 28 16 8 1 0 0 1
cob=(4)
cfi=(91)
cfn=(586)
calls=4 0 
0 32 12
0 36 24 4

fn=(938)
0 78 7 36 4 1 4 4

fn=(1778)
0 88 11 55 3 4 0 1
cob=(4)
cfi=(91)
cfn=(586)
calls=11 0 
0 88 33 0 8 8
0 143 88 0 2 8 0 1

fn=(570)
0 5 0 0 2 0 0 2
cob=(4)
cfi=(91)
cfn=(572) 0x000000000494e3e0
calls=1 0 
0 53 16 10 10 2 1 10

fn=(2554)
0 9 2 2 2 2
cob=(4)
cfi=(91)
cfn=(2560) 0x000000000494ee60
calls=1 0 
0 1832 656 279 41 56 1 39 2
0 1 0 1
cfn=(2628) 0x00000000000b1d80
calls=1 0 
0 5 1 0 1
0 3 2 1

fn=(2568)
0 2 1 0 1 0 0 1

fn=(2624)
0 15 5 0 0 2
cob=(4)
cfi=(91)
cfn=(2598) 0x0000000004951480
calls=5 0 
0 370 130 60

fn=(530) std::ios_base::Init::Init()
0 39 7 17 5 4 3 5 1
cob=(4)
cfi=(91)
cfn=(532) 0x000000000494e7c0
calls=1 0 
0 38966 10797 4747 289 123 102 289 21 95
0 16 3 11 2 0 1 2
cob=(4)
cfi=(91)
cfn=(532)
calls=1 0 
0 27 11 6
0 14 2 11 2 0 2 2
cob=(4)
cfi=(91)
cfn=(532)
calls=1 0 
0 27 11 6
0 7 1 4
cob=(4)
cfi=(91)
cfn=(824) 0x000000000494e1f0
calls=1 0 
0 87 13 30 3 1 3 3
0 11 1 6 1 0 1 1
cob=(4)
cfi=(91)
cfn=(828) 0x0000000004950630
calls=1 0 
0 163 58 34 15 4 0 15 1
0 4 1 1 1 0 0 1
cob=(4)
cfi=(91)
cfn=(824)
calls=1 0 
0 87 13 30 0 0 4 0 0 3
0 15 1 8 1 0 0 1
cob=(4)
cfi=(91)
cfn=(828)
calls=1 0 
0 163 58 34
0 5 1 1 1 0 0 1
cob=(4)
cfi=(91)
cfn=(824)
calls=1 0 
0 87 13 30 0 0 1
0 11 1 6 0 0 1
cob=(4)
cfi=(91)
cfn=(828)
calls=1 0 
0 163 58 34
0 4 1 2 1 0 0 1
cob=(4)
cfi=(91)
cfn=(824)
calls=1 0 
0 87 13 30 0 0 4 0 0 4
0 11 2 6 1 0 1 1
cob=(4)
cfi=(91)
cfn=(828)
calls=1 0 
0 163 58 34
0 23 4 12 2 2 1 2
cob=(4)
cfi=(91)
cfn=(532)
calls=1 0 
0 27 11 6
0 16 3 11 2 0 3 2
cob=(4)
cfi=(91)
cfn=(532)
calls=1 0 
0 27 11 6
0 14 2 11 2 0 1 2
cob=(4)
cfi=(91)
cfn=(532)
calls=1 0 
0 27 11 6
0 7 1 4 1 0 0 1
cob=(4)
cfi=(91)
cfn=(824)
calls=1 0 
0 87 13 30 0 0 4 0 0 4
0 11 1 7 1 0 1 1 0 1
cob=(4)
cfi=(91)
cfn=(848) 0x000000000494fac0
calls=1 0 
0 163 58 35 7 2 0 7
0 4 1 1
cob=(4)
cfi=(91)
cfn=(824)
calls=1 0 
0 87 13 30 0 0 4 0 0 4
0 15 1 9 2 0 0 2
cob=(4)
cfi=(91)
cfn=(848)
calls=1 0 
0 163 58 35
0 5 1 1
cob=(4)
cfi=(91)
cfn=(824)
calls=1 0 
0 87 13 30 0 0 4
0 11 1 7 1 0 1 1
cob=(4)
cfi=(91)
cfn=(848)
calls=1 0 
0 163 58 35
0 4 1 2 1 0 0 1
cob=(4)
cfi=(91)
cfn=(824)
calls=1 0 
0 87 13 30 0 0 4
0 11 2 7 1 0 0 1
cob=(4)
cfi=(91)
cfn=(848)
calls=1 0 
0 163 58 35
0 15 9 4 1 0 0 1

fn=(600) std::__cxx11::moneypunct<char, false>::_M_initialize_moneypunct(__locale_struct*, char const*)
0 113 38 31 4 2 0 4 1

fn=(706) std::moneypunct<char, false>::_M_initialize_moneypunct(__locale_struct*, char const*)
0 113 38 31 5 0 0 5

fn=(886)
0 3 0 1 1 0 0 1
cob=(4)
cfi=(91)
cfn=(888) 0x000000000494e440
calls=1 0 
0 5 2 0 1 0 0 1
0 4 2 1

fn=(894)
0 19 0 12 2 0 1 2
cob=(4)
cfi=(91)
cfn=(896) 0x000000000494ebb0
calls=1 0 
0 625 177 13 9 43 0 9 2
0 24 7 8 3 0 0 3
cob=(4)
cfi=(91)
cfn=(912) 0x000000000494e110
calls=1 0 
0 1815 195 320 67 24 48 65 10 45
0 8 0 4

fn=(1522)
0 23531440 0 5882860 2 0 6242 2
cob=(4)
cfi=(91)
cfn=(912)
calls=2941430 0 
0 167798638 43993298 23313364 200 808531 70652 70 249 40353
0 11765720 5882860 0 0 1

fn=(1674)
0 16 6 0 1 0 0 1
cob=(4)
cfi=(91)
cfn=(1676) 0x000000000494f600
calls=2 0 
0 483 115 71 12 6 1 12

fn=(1696)
0 24 0 9 1 0 0 1
cob=(4)
cfi=(91)
cfn=(1654)
calls=3 0 
0 48 9
0 33 9
cob=(4)
cfi=(91)
cfn=(1676)
calls=3 0 
0 533 127 78 0 1 2

fn=(1718)
0 6 3 0 1 0 0 1

fn=(1732)
0 290 0 87 2 0 0 1
cob=(4)
cfi=(91)
cfn=(1654)
calls=29 0 
0 520 95 0 6 21 0 2 7
0 116 0 29
cob=(4)
cfi=(91)
cfn=(1734) 0x000000000494fa90
calls=29 0 
0 12017 3289 1759 131 106 8 51 1
0 145 87 0 2 0 0 1

fn=(1736) std::basic_ostream<char, std::char_traits<char> >& std::__ostream_insert<char, std::char_traits<char> >(std::basic_ostream<char, std::char_traits<char> >&, char const*, long)
0 435 0 232 4 0 0 1
cob=(4)
cfi=(91)
cfn=(1738)
calls=29 0 
0 725 261 145 6 24 0 4
0 870 551 87 9 12 0 3
cfn=(1742)
calls=29 0 
0 9784 2390 1295 109 63 8 42 1
0 145 58

fn=(534) std::locale::locale()
0 154 0 110 1 0 1 1 0 1
cfn=(536)
calls=22 0 
0 39115 10874 4741 285 122 102 285 21 95
0 220 132 22 2 0 0 2

fn=(588) std::locale::id::_M_id() const
0 1044 348 96 5 15 0 1 7

fn=(2428)
0 2 0 0 1 0 0 1
cob=(4)
cfi=(91)
cfn=(1762)
calls=1 0 
0 478 112 66

fn=(624) std::ctype<wchar_t>::_M_initialize_ctype()
0 10 1 5 1 0 0 1
cob=(4)
cfi=(91)
cfn=(626) 0x000000000494ff60
calls=1 0 
0 24 10 4 3 0 0 3
0 770 0 256 1 0 2 1 0 2
cob=(4)
cfi=(91)
cfn=(630) 0x000000000494ef50
calls=128 0 
0 3456 1152 640 3 1 0 3
0 260 0 2
cob=(4)
cfi=(91)
cfn=(634) 0x0000000004950af0
calls=1 0 
0 30 9 5 3 1 0 3
0 510 0 255
cob=(4)
cfi=(91)
cfn=(634)
calls=255 0 
0 11618 3959 1403 4 5 0 4
0 1086 0 272 1 0 16 1 0 16
cob=(4)
cfi=(91)
cfn=(642) 0x000000000494ee00
calls=8 0 
0 1745 351 106 17 13 0 17 5
0 72 0 16 0 0 2 0 0 2
cob=(4)
cfi=(91)
cfn=(642)
calls=4 0 
0 1745 329 81 0 1 0 0 1
0 23 4 4
cob=(4)
cfi=(91)
cfn=(626)
calls=1 0 
0 24 10 4 0 1
0 2 0 0 1 0 0 1

fn=(660) std::codecvt<wchar_t, char, __mbstate_t>::codecvt(unsigned long)
0 13 1 5 2 0 1 2 0 1
cob=(4)
cfi=(91)
cfn=(558)
calls=1 0 
0 19 6 1
0 5 3 1

fn=(672) std::__cxx11::moneypunct<wchar_t, true>::_M_initialize_moneypunct(__locale_struct*, char const*)
0 102 27 30 5 0 0 5

fn=(686)
0 23 4 11 2 1 2 2 0 2
cob=(4)
cfi=(91)
cfn=(688) 0x000000000494e620
calls=1 0 
0 416 138 75 6 1 0 6
0 8 4 3 1 1 0 1
cob=(4)
cfi=(91)
cfn=(586)
calls=1 0 
0 17 6 2
0 7 2 4 1 0 0 1
cob=(4)
cfi=(91)
cfn=(558)
calls=1 0 
0 19 6 1
0 7 3 3
cob=(4)
cfi=(91)
cfn=(586)
calls=1 0 
0 17 6 2
0 12 1 5 1 0 1 1 0 1
cob=(4)
cfi=(91)
cfn=(704) 0x000000000494d940
calls=1 0 
0 115 39 31 6 1 0 6
0 7 3 3 1 0 0 1
cob=(4)
cfi=(91)
cfn=(586)
calls=1 0 
0 17 6 2
0 13 3 5 1 1 0 1
cob=(4)
cfi=(91)
cfn=(714) 0x0000000004951010
calls=1 0 
0 115 39 31 5 1 0 5
0 7 3 3
cob=(4)
cfi=(91)
cfn=(586)
calls=1 0 
0 17 6 2
0 12 5 5 2 1 0 2
cob=(4)
cfi=(91)
cfn=(586)
calls=1 0 
0 17 6 2
0 12 4 5 1 1 0 1
cob=(4)
cfi=(91)
cfn=(586)
calls=1 0 
0 17 6 2
0 12 4 5 1 0 0 1
cob=(4)
cfi=(91)
cfn=(586)
calls=1 0 
0 17 6 2
0 6 0 2
cob=(4)
cfi=(91)
cfn=(736) 0x00000000049514e0
calls=1 0 
0 46 13 9 3 1 1 3 0 1
0 7 3 3 1 0 0 1
cob=(4)
cfi=(91)
cfn=(586)
calls=1 0 
0 17 6 2
0 16 5 7 1 0 1 1 0 1
cob=(4)
cfi=(91)
cfn=(746) 0x000000000494efb0
calls=1 0 
0 352 75 74 5 0 0 5
0 7 3 3 1 0 0 1
cob=(4)
cfi=(91)
cfn=(586)
calls=1 0 
0 17 6 2
0 7 2 4 1 1 0 1
cob=(4)
cfi=(91)
cfn=(558)
calls=1 0 
0 19 6 1
0 7 3 3
cob=(4)
cfi=(91)
cfn=(586)
calls=1 0 
0 17 6 2
0 13 2 5 1 0 1 1 0 1
cob=(4)
cfi=(91)
cfn=(762) 0x000000000494f650
calls=1 0 
0 104 28 30 5 1 0 5
0 7 3 3 1 1 0 1
cob=(4)
cfi=(91)
cfn=(586)
calls=1 0 
0 17 6 2
0 13 3 5 1 1 0 1
cob=(4)
cfi=(91)
cfn=(772) 0x00000000049501d0
calls=1 0 
0 104 28 30 7 1 0 7
0 7 3 3 1 1 0 1
cob=(4)
cfi=(91)
cfn=(586)
calls=1 0 
0 17 6 2
0 12 5 5 1 1 0 1
cob=(4)
cfi=(91)
cfn=(586)
calls=1 0 
0 17 6 2
0 12 4 5 1 0 1 1 0 1
cob=(4)
cfi=(91)
cfn=(586)
calls=1 0 
0 17 6 2
0 12 4 5 1 0 0 1
cob=(4)
cfi=(91)
cfn=(586)
calls=1 0 
0 17 6 2
0 6 0 2 1 0 0 1
cob=(4)
cfi=(91)
cfn=(794) 0x000000000494fbe0
calls=1 0 
0 46 13 9 3 1 0 3
0 6 3 2
cob=(4)
cfi=(91)
cfn=(586)
calls=1 0 
0 17 6 2
0 4 2 2
cob=(4)
cfi=(91)
cfn=(586)
calls=1 0 
0 8 3
0 4 2 2 1 0 0 1
cob=(4)
cfi=(91)
cfn=(586)
calls=1 0 
0 8 3
0 4 2 2
cob=(4)
cfi=(91)
cfn=(586)
calls=1 0 
0 8 3
0 5 3 2
cob=(4)
cfi=(91)
cfn=(586)
calls=1 0 
0 8 3
0 4 2 2 1 0 0 1
cob=(4)
cfi=(91)
cfn=(586)
calls=1 0 
0 8 3
0 5 3 2
cob=(4)
cfi=(91)
cfn=(586)
calls=1 0 
0 8 3
0 10 8 1 1 0 0 1

fn=(716) std::moneypunct<char, true>::_M_initialize_moneypunct(__locale_struct*, char const*)
0 113 38 31 4 0 0 4

fn=(774) std::moneypunct<wchar_t, true>::_M_initialize_moneypunct(__locale_struct*, char const*)
0 102 27 30 6 0 0 6

fn=(884)
0 3 1 1

fn=(1068)
0 5
cob=(4)
cfi=(91)
cfn=(858)
calls=1 0 
0 83 17 18

fn=(1578)
0 9 3 0 1 0 0 1

fn=(1822)
0 115 5 75 6 0 2 2
cob=(4)
cfi=(91)
cfn=(626)
calls=5 0 
0 120 50 20 9 15
0 60 0 25 3 0 0 1
cob=(4)
cfi=(91)
cfn=(1828) 0x000000000494fc00
calls=5 0 
0 8799 2027 1314 357 71 56 144 12
0 15 0 5
cob=(4)
cfi=(91)
cfn=(626)
calls=5 0 
0 120 50 20 0 3
0 35 25

fn=(2562)
0 7 2 0 1 1 0 1 1

fn=(2578)
0 2 1 0 1 0 0 1

fn=(644) std::ctype<wchar_t>::_M_convert_to_wmask(unsigned short) const
0 88 1 0 1 0 0 1
cob=(4)
cfi=(91)
cfn=(646) 0x000000000494e460
calls=1 0 
0 505 97 25 0 1 0 0 1
0 24 1 0 2 0 0 2
cob=(4)
cfi=(91)
cfn=(646)
calls=1 0 
0 395 77 21 0 2 0 0 2
0 3 1
cob=(4)
cfi=(91)
cfn=(646)
calls=1 0 
0 560 107 27
0 9 1 0 1 0 0 1
cob=(4)
cfi=(91)
cfn=(646)
calls=1 0 
0 205 43 14
0 3 1
cob=(4)
cfi=(91)
cfn=(646)
calls=1 0 
0 150 33 12 1 0 0 1
0 3 1 0 1 0 0 1
cob=(4)
cfi=(91)
cfn=(646)
calls=1 0 
0 95 23 10 9 8 0 9 2
0 3 1
cob=(4)
cfi=(91)
cfn=(646)
calls=1 0 
0 260 53 16
0 7 3
cob=(4)
cfi=(91)
cfn=(646)
calls=1 0 
0 340 67 19 0 2 0 0 1
0 3 1 0 1 0 0 1
cob=(4)
cfi=(91)
cfn=(646)
calls=1 0 
0 195 39 14
0 3 1
cob=(4)
cfi=(91)
cfn=(646)
calls=1 0 
0 615 117 29

fn=(664) std::__cxx11::numpunct<wchar_t>::_M_initialize_numpunct(__locale_struct*)
0 350 74 74 4 1 3 4 1 3

fn=(738) std::messages<char>::messages(unsigned long)
0 13 1 5 2 0 1 2 0 1
cob=(4)
cfi=(91)
cfn=(558)
calls=1 0 
0 19 6 1
0 2 0 2
cob=(4)
cfi=(91)
cfn=(550)
calls=1 0 
0 5 2
0 5 3 1

fn=(1010)
0 50 25 12 3 2 0 3 1

fn=(1062)
0 7 0 2
cob=(4)
cfi=(91)
cfn=(858)
calls=1 0 
0 83 17 18 0 0 1 0 0 1
0 4 0 1 1 0 0 1
cob=(4)
cfi=(91)
cfn=(858)
calls=1 0 
0 83 17 18
0 5 1
cob=(4)
cfi=(91)
cfn=(858)
calls=1 0 
0 83 17 18 0 0 1 0 0 1

fn=(1666)
0 34 4 6 1 0 1 1
cob=(4)
cfi=(91)
cfn=(1668) 0x00000000049503b0
calls=2 0 
0 212 72 52 1 1 0 1
0 6 4

fn=(1678) std::__cxx11::basic_string<char, std::char_traits<char>, std::allocator<char> >::_M_append(char const*, unsigned long)
0 96 15 13 1 0 0 1
cob=(4)
cfi=(91)
cfn=(1634)
calls=3 0 
0 57 12 6
0 48 18 12 1 0 0 1
cob=(4)
cfi=(91)
cfn=(1680) 0x0000000004951100
calls=2 0 
0 801 190 118 9 6 3 9
0 4 2

fn=(1682) std::__cxx11::basic_string<char, std::char_traits<char>, std::allocator<char> >::_M_mutate(unsigned long, unsigned long, char const*, unsigned long)
0 56 6 20 2 0 0 2
cob=(4)
cfi=(91)
cfn=(1684) 0x000000000494f780
calls=2 0 
0 428 86 52 1 2 3 1
0 18 2 2
cob=(4)
cfi=(91)
cfn=(1634)
calls=2 0 
0 27 8 4
0 20 4 2 1 0 0 1
cob=(4)
cfi=(91)
cfn=(1634)
calls=2 0 
0 30 8 4
0 14 4 2 1 0 0 1
cob=(4)
cfi=(91)
cfn=(1686)
calls=2 0 
0 182 54 28 3 3 0 3
0 22 16 4

fn=(1768) std::ctype<char>::_M_widen_init() const
0 717 29 36 10 6 4 10 3
cob=(4)
cfi=(91)
cfn=(1770) 0x0000000004950570
calls=1 0 
0 49 18 0 5 1 0 4
0 9 4 1

fn=(1776) std::ostreambuf_iterator<char, std::char_traits<char> > std::num_put<char, std::ostreambuf_iterator<char, std::char_traits<char> > >::_M_insert_int<long>(std::ostreambuf_iterator<char, std::char_traits<char> >, std::ios_base&, char, long) const
0 102 0 54 6 0 0 2
cfn=(1778)
calls=6 0 
0 174 72 30 10 15 0 2
0 174 6 36 4 0 0 2
cfn=(1784) 0x00000000001322f0
calls=6 0 
0 326 25 19 6 3 0 3
0 168 42 18 5 0 0 2
cfn=(1742)
calls=6 0 
0 1027 258 143 3 0 0 1
0 78 42

fn=(1784)
0 326 25 19 6 3 0 3

fn=(1866)
0 10 0 2 2 0 0 1
cob=(4)
cfi=(91)
cfn=(1868) 0x000000000494db30
calls=2 0 
0 26 8 0 6 5 0 3
0 8 6

fn=(592) std::codecvt<char, char, __mbstate_t>::codecvt(unsigned long)
0 13 1 5 1 1 1 1 0 1
cob=(4)
cfi=(91)
cfn=(558)
calls=1 0 
0 19 6 1
0 5 3 1 1 0 1 1 0 1

fn=(2574)
0 2 1 0 1 0 0 1

fn=(2586) std::error_category::~error_category()
0 4 2

fn=(2596) __gnu_cxx::stdio_sync_filebuf<char, std::char_traits<char> >::sync()
0 15 5 0 1 2 0 1
cob=(4)
cfi=(91)
cfn=(2598)
calls=5 0 
0 370 130 60 9 10 0 9 1

fn=(2628)
0 5 1 0 1

fn=(676) std::__timepunct<wchar_t>::__timepunct(std::__timepunct_cache<wchar_t>*, unsigned long)
0 15 1 7 2 1 0 2
cob=(4)
cfi=(91)
cfn=(550)
calls=1 0 
0 5 2
0 4 0 2
cob=(4)
cfi=(91)
cfn=(678) 0x000000000494f240
calls=1 0 
0 168 12 29 15 1 0 15
0 4 3

fn=(690) std::numpunct<char>::_M_initialize_numpunct(__locale_struct*)
0 414 137 75 5 0 0 5

fn=(764) std::moneypunct<wchar_t, false>::_M_initialize_moneypunct(__locale_struct*, char const*)
0 102 27 30 4 0 0 4

fn=(826) std::ios_base::ios_base()
0 464 8 192 2 0 27 2 0 14
cob=(4)
cfi=(91)
cfn=(532)
calls=8 0 
0 216 88 48 0 0 1 0 0 1

fn=(834) std::ios_base::_M_init()
0 88 8 40 1 1 0 1 1
cob=(4)
cfi=(91)
cfn=(532)
calls=8 0 
0 216 88 48
0 24 0 8 1 0 0 1
cob=(4)
cfi=(91)
cfn=(836) 0x000000000494f930
calls=8 0 
0 176 64 24 4 0 0 4
0 16 0 8
cob=(4)
cfi=(91)
cfn=(840) 0x000000000494fe10
calls=8 0 
0 80 40 8 2 1 0 2
0 32 24

fn=(876) std::error_category::error_category()
0 10 4 2 2 0 0 2

fn=(890) std::future_category()
0 3 1 0 1 0 0 1

fn=(992)
0 34 17 8 2 2 0 2 1

fn=(1036)
0 50 25 12 3 2 0 3 1

fn=(1626)
0 12 8

fn=(1708)
0 18 1 4 1 0 0 1
cob=(4)
cfi=(91)
cfn=(1710) 0x000000000494d790
calls=1 0 
0 20 2 3 2 1 0 2
0 8 5 2 1 0 0 1

fn=(1820) std::__num_base::_S_format_float(std::ios_base const&, char*, char)
0 150 10 20 9 0 0 3

fn=(2012)
0 121602 0 0 4 0 0 1
cob=(4)
cfi=(91)
cfn=(1604)
calls=60801 0 
0 10327579 2282198 1254167 36 3784 3731 2 204 3565

fn=(2570)
0 2 1

fn=(2582)
0 4 0 1 1 0 1
cob=(4)
cfi=(91)
cfn=(2584)
calls=1 0 
0 4 2 0 1 1

fn=(2594) std::ostream::flush()
0 39 9 9 1 6 0 1
cob=(4)
cfi=(91)
cfn=(1738)
calls=3 0 
0 219 82 37 0 2
0 21 18 3 1 3 0 1
cfn=(2596)
calls=3 0 
0 231 81 36 10 12 0 10 1
0 25 12 1
cob=(4)
cfi=(91)
cfn=(2604)
calls=1 0 
0 33 13 2 7 7 0 7
0 7 3 1
cfn=(2596)
calls=1 0 
0 77 27 12
0 17 9 0 1 0 0 1

fn=(2595) std::ostream::flush()'2
0 13 3 3
cob=(4)
cfi=(91)
cfn=(1739) 0x0000000004951320'2
calls=1 0 
0 25 9 5
0 7 6 1
cfn=(2596)
calls=1 0 
0 77 27 12
0 13 7

ob=(4)
fl=(91)
fn=(522)
0 7 2 0 1 1 0 1

fn=(622)
0 2 1 0 1 1 0 1
cob=(7)
cfi=(95)
cfn=(624)
calls=1 0 
0 21375 5825 3053 34 22 20 34 6 20

fn=(682)
0 2 1 0 1 1 0 1
cob=(7)
cfi=(95)
cfn=(684)
calls=1 0 
0 44 12 9 2 0 0 2

fn=(794)
0 2 1 0 1 1 0 1
cob=(7)
cfi=(95)
cfn=(796)
calls=1 0 
0 44 12 9 2 0 0 2

fn=(824)
0 16 8 0 1 1 0 1
cob=(7)
cfi=(95)
cfn=(826)
calls=8 0 
0 680 96 240 2 0 28 2 0 15

fn=(840)
0 16 8 0 0 1
cob=(7)
cfi=(95)
cfn=(842)
calls=8 0 
0 64 32 8 2 0 0 2

fn=(902)
0 80 40 0 1 1 0 1
cob=(2)
cfi=(81)
cfn=(904)
calls=40 0 
0 1072 200 0 2 4 0 2

fn=(1458)
0 12 6 0 2
cob=(2)
cfi=(81)
cfn=(914)
calls=6 0 
0 1888 372 248 9 18 6 0 0 3

fn=(1556)
0 10 5 0 1 1
cob=(2)
cfi=(81)
cfn=(1558)
calls=5 0 
0 580 162 96 23 22 3 18 1

fn=(1604)
0 121610 60805 0 1 46 0 1
cob=(7)
cfi=(95)
cfn=(1522)
calls=60805 0 
0 10206925 2221585 1254284 53 3741 3735 19 204 3565

fn=(558)
0 38 19 0 4 4 0 1
cob=(7)
cfi=(95)
cfn=(560)
calls=19 0 
0 449 124 50 31 15 3 23 2

fn=(572)
0 2 1 0 1 1 0 1
cob=(7)
cfi=(95)
cfn=(574)
calls=1 0 
0 51 15 10 9 1 1 9

fn=(582)
0 64 32 0 1 1 0 1
cob=(7)
cfi=(95)
cfn=(584)
calls=32 0 
0 12672 3712 352 9 9 0 9 7

fn=(2526)
0 4 1 0 1 0 0 1

fn=(2616)
0 6 3 0 1 1 0 1
cob=(7)
cfi=(95)
cfn=(2618)
calls=3 0 
0 669 254 101 6 13 0 6

fn=(2617)
0 2 1
cob=(7)
cfi=(95)
cfn=(2619)
calls=1 0 
0 135 52 21

fn=(2620)
0 6 3 0 1 0 0 1
cob=(7)
cfi=(95)
cfn=(2622)
calls=3 0 
0 213 79 37 2 1 0 2

fn=(2621)
0 2 1
cob=(7)
cfi=(95)
cfn=(2623)
calls=1 0 
0 23 8 5

fn=(494)
0 2 1 0 1 1 0 1
cob=(2)
cfi=(81)
cfn=(496)
calls=1 0 
0 22 2 0 2 1 0 2

fn=(662)
0 2 1 0 1 1 0 1
cob=(7)
cfi=(95)
cfn=(664)
calls=1 0 
0 350 74 74 4 1 3 4 1 3

fn=(674)
0 2 1
cob=(7)
cfi=(95)
cfn=(676)
calls=1 0 
0 196 18 38 17 2 0 17

fn=(844)
0 8 4 0 1 1 0 1
cob=(7)
cfi=(95)
cfn=(846)
calls=4 0 
0 220 96 32 2 0 0 2

fn=(888)
0 2 1
cob=(7)
cfi=(95)
cfn=(890)
calls=1 0 
0 3 1 0 1 0 0 1

fn=(896)
0 2 1 0 1 1 0 1
cob=(2)
cfi=(81)
cfn=(898)
calls=1 0 
0 623 176 13 8 42 0 8 2

fn=(1130)
0 2 1 0 1 1 0 1
cob=(2)
cfi=(81)
cfn=(1132)
calls=1 0 
0 40 5 2 4 2 0 4

fn=(1174)
0 2 1 0 1 1 0 1
cob=(2)
cfi=(81)
cfn=(1176)
calls=1 0 
0 241 42 24 11 1 1 11 0 1

fn=(1334)
0 4 2 0 1 1 0 1
cob=(2)
cfi=(81)
cfn=(1336)
calls=2 0 
0 45 5 6 2 1 1 2 1

fn=(1516)
0 49116 24558 0 13 2918
cob=(2)
cfi=(81)
cfn=(1102)
calls=24558 0 
0 480909 109569 78960 29 8025 12658 7 63 11815

fn=(1738)
0 86 43 0 1 8 0 1
cob=(7)
cfi=(95)
cfn=(1740)
calls=43 0 
0 1133 399 237 5 22 0 3

fn=(1739)
0 2 1
cob=(7)
cfi=(95)
cfn=(1741)
calls=1 0 
0 23 8 5

fn=(1792)
0 60022 30011 0 1 4898 0 1
cob=(2)
cfi=(81)
cfn=(1794)
calls=30011 0 
0 510169 90023 60012 4 10090 5815 0 0 63

fn=(1814)
0 10 5 0 2 3 0 1
cob=(7)
cfi=(95)
cfn=(1816)
calls=5 0 
0 11510 2695 1799 456 137 60 166 12

fn=(562)
0 38 19 0 3 4 0 1
cob=(2)
cfi=(81)
cfn=(564)
calls=19 0 
0 240 67 31 25 8 3 22 2

fn=(658)
0 2 1 0 1 0 0 1
cob=(7)
cfi=(95)
cfn=(660)
calls=1 0 
0 37 10 7 2 0 1 2 0 1

fn=(666)
0 2 1 0 1 1 0 1
cob=(7)
cfi=(95)
cfn=(668)
calls=1 0 
0 102 27 30 5 0 0 5

fn=(688)
0 2 1 0 1 1 0 1
cob=(7)
cfi=(95)
cfn=(690)
calls=1 0 
0 414 137 75 5 0 0 5

fn=(1668)
0 4 2 0 1 1 0 1
cob=(9)
cfi=(108)
cfn=(1596)
calls=2 221 
0 208 70 52

fn=(1828)
0 10 5 0 3 3 0 1
cob=(2)
cfi=(81)
cfn=(1830)
calls=5 0 
0 8789 2022 1314 354 68 56 143 12

fn=(480)
0 7 2 0 1 0 0 1

fn=(546)
0 2 1 0 1 1 0 1
cob=(7)
cfi=(95)
cfn=(548)
calls=1 0 
0 38912 10781 4735 280 120 101 280 20 95

fn=(2552)
0 4 1 0 1 0 0 1

fn=(2634)
0 4 1 0 1 0 0 1

fn=(1084)
0 2 1 0 1 1 0 1
cob=(2)
cfi=(81)
cfn=(1086)
calls=1 0 
0 560 109 68 39 9 3 39 5

fn=(602)
0 2 1 0 1 1 0 1
cob=(7)
cfi=(95)
cfn=(604)
calls=1 0 
0 113 38 31 5 0 0 5

fn=(678)
0 2 1 0 1 1 0 1
cob=(7)
cfi=(95)
cfn=(680)
calls=1 0 
0 166 11 29 14 0 0 14

fn=(736)
0 2 1 0 1 1 0 1
cob=(7)
cfi=(95)
cfn=(738)
calls=1 0 
0 44 12 9 2 0 1 2 0 1

fn=(1124)
0 2 1 0 1 0 0 1
cob=(2)
cfi=(81)
cfn=(1126)
calls=1 0 
0 3 2 0 1 0 0 1

fn=(1296)
0 2 1 0 1 0 0 1
cob=(2)
cfi=(81)
cfn=(1298)
calls=1 0 
0 24 6 8 3 0 1 3

fn=(550)
0 14 7
cob=(7)
cfi=(95)
cfn=(552)
calls=7 0 
0 21 7 0 1 0 0 1

fn=(554)
0 2 1 0 1 1 0 1
cob=(7)
cfi=(95)
cfn=(556)
calls=1 0 
0 261 43 111 28 9 13 28 2 9

fn=(590)
0 2 1 0 1 1 0 1
cob=(7)
cfi=(95)
cfn=(592)
calls=1 0 
0 37 10 7 2 1 2 2 0 2

fn=(2054)
0 2 1 0 1 1 0 1
cob=(2)
cfi=(81)
cfn=(2056)
calls=1 0 
0 337 60 44 14 2 2 14 0 2

fn=(2498)
0 4 1 0 1 0 0 1

fn=(2530)
0 4 2 0 1 1 0 1
cob=(2)
cfi=(81)
cfn=(2532)
calls=2 0 
0 32 4 2 2 1 0 1

fn=(2604)
0 4 2 0 1 1 0 1
cob=(7)
cfi=(95)
cfn=(2606)
calls=2 0 
0 62 24 4 6 6 0 6

fn=(500)
0 7 2 0 1 1 0 1

fn=(650)
0 176 88 0 2 4 0 1
cob=(2)
cfi=(81)
cfn=(652)
calls=88 0 
0 1232 176 0 1 14 0 1 12

fn=(1432)
0 4 2 0 1 0 0 1
cob=(2)
cfi=(81)
cfn=(1434)
calls=2 0 
0 40 6 4 2 1 0 2 1

fn=(1480)
0 4 2 0 1 2 0 1
cob=(2)
cfi=(81)
cfn=(1482)
calls=2 0 
0 42 6 0 4 0 0 2

fn=(1634)
0 32 16 0 3 3
cob=(2)
cfi=(81)
cfn=(1102)
calls=16 0 
0 235 48 32

fn=(1070)
0 7 2 0 1 1 0 1

fn=(576)
0 2 1 0 1 1 0 1
cob=(2)
cfi=(81)
cfn=(578)
calls=1 0 
0 39 12 7 6 0 1 6

fn=(594)
0 2 1 0 1 1 0 1
cob=(7)
cfi=(95)
cfn=(596)
calls=1 0 
0 414 137 75 5 5 0 5 2

fn=(2584)
0 4 2 0 1 1
cob=(7)
cfi=(95)
cfn=(2586)
calls=2 0 
0 4 2

fn=(2652)
0 4 1 0 1 0 0 1

fn=(2676)
0 4 1 0 1 0 0 1

fn=(1390)
0 2 1 0 1 0 0 1
cob=(1)
cfi=(49)
cfn=(1392)
calls=1 118 
0 5 2 0 1 1 0 1

fn=(528)
0 2 1 0 1 1 0 1
cob=(7)
cfi=(95)
cfn=(530)
calls=1 0 
0 41374 11468 5442 343 136 146 343 23 111

fn=(532)
0 44 22 0 1 1 0 1
cob=(7)
cfi=(95)
cfn=(534)
calls=22 0 
0 39489 11006 4873 288 122 103 288 21 96

fn=(512)
0 7 2 0 1 1 0 1

fn=(598)
0 2 1 0 1 1 0 1
cob=(7)
cfi=(95)
cfn=(600)
calls=1 0 
0 113 38 31 4 2 0 4 1

fn=(634)
0 512 256 0 1 1 0 1
cob=(2)
cfi=(81)
cfn=(636)
calls=256 0 
0 11136 3712 1408 6 5 0 6

fn=(642)
0 24 12 0 1 1 0 1
cob=(7)
cfi=(95)
cfn=(644)
calls=12 0 
0 3466 668 187 16 13 0 16 6

fn=(704)
0 2 1 0 1 1 0 1
cob=(7)
cfi=(95)
cfn=(706)
calls=1 0 
0 113 38 31 5 0 0 5

fn=(818)
0 2 1
cob=(7)
cfi=(95)
cfn=(820)
calls=1 0 
0 3 1 1 1 0 0 1

fn=(828)
0 8 4 0 1 0 0 1
cob=(7)
cfi=(95)
cfn=(830)
calls=4 0 
0 644 228 136 14 4 0 14 1

fn=(1096)
0 4 2 0 1 1 0 1
cob=(2)
cfi=(81)
cfn=(1098)
calls=2 0 
0 24 3 0 2 0 0 2

fn=(1134)
0 481236 240618 0 3 60042
cob=(2)
cfi=(81)
cfn=(1136)
calls=240618 0 
0 4581013 481235 967404 9 58118 114393 4 0 2960

fn=(1142)
0 2 1 0 1 1 0 1
cob=(2)
cfi=(81)
cfn=(1144)
calls=1 0 
0 64 2 0 2 0 0 2

fn=(1236)
0 20 10 0 1 1 0 1
cob=(2)
cfi=(81)
cfn=(900)
calls=10 0 
0 5177 1548 98 0 5 0 0 5

fn=(1654)
0 68 34 0 2 7 0 1
cob=(2)
cfi=(81)
cfn=(652)
calls=34 0 
0 532 76 0 5 16 0 2 8

fn=(1690)
0 5746708 2873354 0 5 112124 0 1
cob=(2)
cfi=(81)
cfn=(1558)
calls=2873354 0 
0 250331628 72930098 40022266 9 816211 8577 2 204

fn=(1710)
0 2 1 0 1 1 0 1
cob=(2)
cfi=(81)
cfn=(1136)
calls=1 0 
0 18 1 3 1 0 0 1

fn=(1744)
0 80 40 0 2 7 0 1
cob=(2)
cfi=(81)
cfn=(1746)
calls=40 0 
0 11365 2786 1558 109 59 10 41 1

fn=(2104)
0 2 1 0 1 1 0 1
cob=(2)
cfi=(81)
cfn=(1922)
calls=1 0 
0 245 50 32 0 0 1

fn=(2154)
0 22 11 0 1 1
cob=(1)
cfi=(47)
cfn=(2156)
calls=11 625 
0 7881 1566 1166 29 18 111 14 1 109

fn=(2542)
0 2 1 0 1 1 0 1
cob=(2)
cfi=(81)
cfn=(2514)
calls=1 0 
0 134 30 13

fn=(606)
0 2 1 0 1 1 0 1
cob=(7)
cfi=(95)
cfn=(608)
calls=1 0 
0 198 19 39 18 2 1 18 0 1

fn=(618)
0 2 1 0 1 1 0 1
cob=(7)
cfi=(95)
cfn=(620)
calls=1 0 
0 21416 5835 3061 37 23 21 37 6 21

fn=(626)
0 24 12 0 4 3 0 1
cob=(2)
cfi=(81)
cfn=(628)
calls=12 0 
0 264 108 48 8 16 0 2

fn=(670)
0 2 1 0 1 1 0 1
cob=(7)
cfi=(95)
cfn=(672)
calls=1 0 
0 102 27 30 5 0 0 5

fn=(714)
0 2 1 0 1 1 0 1
cob=(7)
cfi=(95)
cfn=(716)
calls=1 0 
0 113 38 31 4 0 0 4

fn=(746)
0 2 1 0 1 0 0 1
cob=(7)
cfi=(95)
cfn=(748)
calls=1 0 
0 350 74 74 4 0 0 4

fn=(772)
0 2 1 0 1 1 0 1
cob=(7)
cfi=(95)
cfn=(774)
calls=1 0 
0 102 27 30 6 0 0 6

fn=(836)
0 16 8 0 1 0 0 1
cob=(7)
cfi=(95)
cfn=(838)
calls=8 0 
0 160 56 24 3 0 0 3

fn=(1250)
0 4 2 0 1 1 0 1
cob=(2)
cfi=(81)
cfn=(898)
calls=2 0 
0 1057 316 20 0 1 0 0 1

fn=(1686)
0 5746708 2873354 0 4 107618 0 1
cob=(7)
cfi=(95)
cfn=(1688)
calls=2873354 0 
0 261825044 75803452 40022266 18 928335 8577 4 204

fn=(1774)
0 12 6 0 2 3 0 1
cob=(7)
cfi=(95)
cfn=(1776)
calls=6 0 
0 2049 445 300 34 18 0 12

fn=(1808)
0 10 5 0 3 3 0 1
cob=(7)
cfi=(95)
cfn=(1810)
calls=5 0 
0 11920 2845 1864 475 147 60 173 12

fn=(2592)
0 6 3 0 1 1 0 1
cob=(7)
cfi=(95)
cfn=(2594)
calls=3 0 
0 669 254 101 20 30 0 20 1

fn=(2593)
0 2 1
cob=(7)
cfi=(95)
cfn=(2595)
calls=1 0 
0 135 52 21

fn=(2598)
0 20 10 0 1 1 0 1
cob=(2)
cfi=(81)
cfn=(2600)
calls=10 0 
0 720 250 120 8 9 0 8 1

fn=(2608)
0 4 2 0 1 1 0 1
cob=(7)
cfi=(95)
cfn=(2610)
calls=2 0 
0 42 18 2 3 4 0 3

fn=(1380)
0 7 2 0 1 0 0 1

fn=(832)
0 16 8 0 1 1 0 1
cob=(7)
cfi=(95)
cfn=(834)
calls=8 0 
0 632 224 136 8 2 0 8 1

fn=(852)
0 8 4 0 1 1 0 1
cob=(7)
cfi=(95)
cfn=(854)
calls=4 0 
0 220 96 32 3 0 0 3

fn=(874)
0 4 2
cob=(7)
cfi=(95)
cfn=(876)
calls=2 0 
0 10 4 2 2 0 0 2

fn=(1100)
0 2 1 0 1 0 0 1
cob=(2)
cfi=(81)
cfn=(1102)
calls=1 0 
0 13 1 0 2 0 0 2

fn=(1116)
0 4 2 0 2 2 0 1
cob=(2)
cfi=(81)
cfn=(914)
calls=2 0 
0 441 78 44 4 4 2 4 0 1

fn=(1206)
0 124 62 0 1 1 0 1
cob=(2)
cfi=(81)
cfn=(904)
calls=62 0 
0 1645 310 0 4 3 0 4 2

fn=(1656)
0 4 2 0 1 1 0 1
cob=(7)
cfi=(95)
cfn=(1658)
calls=2 0 
0 539 82 25 6 1 0 4

fn=(1660)
0 44 22 0 4 3 0 1
cob=(2)
cfi=(81)
cfn=(1098)
calls=22 0 
0 418 44 0 7

fn=(1676)
0 10 5 0 1 1 0 1
cob=(7)
cfi=(95)
cfn=(1678)
calls=5 0 
0 1006 237 149 11 6 3 11

fn=(1680)
0 4 2 0 1 1 0 1
cob=(7)
cfi=(95)
cfn=(1682)
calls=2 0 
0 797 188 118 8 5 3 8

fn=(1684)
0 4 2 0 1 1 0 1
cob=(7)
cfi=(95)
cfn=(1602)
calls=2 0 
0 424 84 52 0 1 3

fn=(1734)
0 58 29 0 3 7 0 1
cob=(7)
cfi=(95)
cfn=(1736)
calls=29 0 
0 11959 3260 1759 128 99 8 50 1

fn=(1766)
0 2 1 0 1 1 0 1
cob=(7)
cfi=(95)
cfn=(1768)
calls=1 0 
0 775 51 37 15 7 4 14 3

fn=(1770)
0 2 1 0 1 1 0 1
cob=(2)
cfi=(81)
cfn=(656)
calls=1 0 
0 47 17 0 4 0 0 3

fn=(1868)
0 4 2 0 2 2 0 1
cob=(2)
cfi=(81)
cfn=(1870)
calls=2 0 
0 22 6 0 4 3 0 2

fn=(2042)
0 2 1 0 1 1 0 1
cob=(2)
cfi=(81)
cfn=(2044)
calls=1 0 
0 37 8 8 3 1 2 3

fn=(2144)
0 22 11 0 1 0 0 1
cob=(2)
cfi=(81)
cfn=(2146)
calls=11 0 
0 13277 2946 2439 92 35 244 75 3 230

fn=(2560)
0 2 1 0 1 1 0 1
cob=(2)
cfi=(81)
cfn=(2514)
calls=1 0 
0 1830 655 279 40 55 1 38 2

fn=(2642)
0 2 1 0 1 1 0 1
cob=(2)
cfi=(81)
cfn=(2514)
calls=1 0 
0 134 30 13

fn=(2666)
0 2 1 0 1 1 0 1
cob=(2)
cfi=(81)
cfn=(2514)
calls=1 0 
0 134 30 13

fn=(462)
0 40 20 0 1 1 0 1
cob=(1)
cfi=(11)
cfn=(28)
calls=20 395 
0 429 80 20 3 31 0 0 11

fn=(610)
0 2 1 0 1 1 0 1
cob=(7)
cfi=(95)
cfn=(612)
calls=1 0 
0 168 12 30 15 0 0 15

fn=(614)
0 2 1 0 1 1 0 1
cob=(7)
cfi=(95)
cfn=(616)
calls=1 0 
0 44 12 9 2 1 1 2 0 1

fn=(630)
0 256 128 0 1 1 0 1
cob=(2)
cfi=(81)
cfn=(632)
calls=128 0 
0 3200 1024 640 2 0 0 2

fn=(646)
0 20 10 0 1 1 0 1
cob=(2)
cfi=(81)
cfn=(648)
calls=10 0 
0 3300 646 187 9 12 0 9 6

fn=(654)
0 98 49 0 1 1 0 1
cob=(2)
cfi=(81)
cfn=(656)
calls=49 0 
0 1048 225 0 3 0 0 3

fn=(762)
0 2 1 0 1 1 0 1
cob=(7)
cfi=(95)
cfn=(764)
calls=1 0 
0 102 27 30 4 0 0 4

fn=(848)
0 8 4 0 1 1 0 1
cob=(7)
cfi=(95)
cfn=(850)
calls=4 0 
0 644 228 140 6 1 0 6

fn=(858)
0 22 11 0 1 1 0 1
cob=(2)
cfi=(81)
cfn=(860)
calls=11 0 
0 887 176 199 8 3 6 8 1 5

fn=(912)
0 5882862 2941431 0 3 127749 0 1
cob=(2)
cfi=(81)
cfn=(914)
calls=2941431 0 
0 161917591 41052062 23313684 264 680806 70700 134 259 40398

fn=(1762)
0 12 6 0 2 3 0 1
cob=(7)
cfi=(95)
cfn=(1764)
calls=6 0 
0 3330 683 418 66 40 4 35 3

fn=(1818)
0 10 5 0 3 3 0 1
cob=(7)
cfi=(95)
cfn=(1820)
calls=5 0 
0 150 10 20 9 0 0 3

fn=(1834)
0 20 10 0 2 3
cob=(2)
cfi=(81)
cfn=(1836)
calls=10 0 
0 190 20 0 4 0 0 2

fn=(586)
0 204 102 0 5 5 0 1
cob=(7)
cfi=(95)
cfn=(588)
calls=102 0 
0 1044 348 96 5 15 0 1 7

fn=(2508) 0x0000000004837060
0 2 1 0 1 0 0 1
cob=(2)
cfi=(81)
cfn=(2514)
calls=1 0 
0 134 30 13 10 6 1 9 0 1
cob=(1)
cfi=(99)
cfn=(1410)
calls=1 71 
0 827 285 141 24 40 19 4
0 5 2 2 1 1

fn=(2612)
0 4 2 0 1 1 0 1
cob=(1)
cfi=(119)
cfn=(2614)
calls=2 29 
0 24 14 0 1 3 0 1

ob=(5)
fl=(93)
fn=(484)
0 12 1 0 2 0 0 2

fn=(2502)
0 9 2 2 1 2 0 1
cob=(4)
cfi=(91)
cfn=(2508)
calls=1 0 
0 968 318 156 36 47 20 14 0 1
0 1 0 1
cfn=(2520) 0x0000000000001090
calls=1 0 
0 5 1 0 1 0 0 1
0 3 2 1

fn=(2520)
0 5 1 0 1 0 0 1

totals: 38031274590 16078300887 8440320431 4581 255517603 838541 3083 17485 71720
