# callgrind format
version: 1
creator: callgrind-3.22.0
pid: 178581
cmd:  ./build/app/app 10 ./datasets/00000200.bin 100 1 0.1 0.3
part: 1


desc: I1 cache: 32768 B, 64 B, 8-way associative
desc: D1 cache: 32768 B, 64 B, 8-way associative
desc: LL cache: 33554432 B, 64 B, direct-mapped

desc: Timerange: Basic block 0 - 613240235
desc: Trigger: Program termination

positions: line
events: Ir Dr Dw I1mr D1mr D1mw ILmr DLmr DLmw
summary: 3451566505 1381906553 717178157 4800 23142659 187575 3017 17922 44868


ob=(3) /usr/lib64/libm.so.6
fl=(83) ???
fn=(414) sincos
0 8 4 0 1 0 0 1

fn=(516) 0x0000000000010490
0 12 1 0 3 0 0 3

fn=(400) __acos_finite
0 8 4 0 2 0 0 2

fn=(406) __asin_finite
0 8 4 0 1 0 0 1

fn=(408) exp2f
0 9 4 0 2 0 0 2

fn=(394) __pow_finite
0 8 4 0 1 0 0 1

fn=(410) __atan2_finite
0 9 4 0 2 0 0 2

fn=(380) cosf
0 9 4 0 2 0 0 2

fn=(402) sinf
0 9 4 0 2 0 0 2

fn=(2626) 0x00000000000103e0
0 5 1 0 2 0 0 1

fn=(382) __exp_finite
0 9 4 0 2 0 0 2

fn=(396) log2f
0 9 4 0 1 0 0 1

fn=(404) fma
0 6 3 0 2 0 0 2

fn=(412) sin
0 9 4 0 1 0 0 1

fn=(398) __log_finite
0 9 4 0 2 0 0 2

fn=(388) logf
0 9 4 0 1 0 0 1

fn=(384) expf
0 9 4 0 1 0 0 1

fn=(390) sincosf
0 9 4 0 1 0 0 1

fn=(1990) sqrtf
0 1075395 0 0 8 0 0 2
cfn=(1992) __sqrtf_finite
calls=215079 0 
0 645237 215079 0 3 0 0 1

fn=(2616) 0x0000000000010450
0 9 2 2 1 2
cob=(4) ???
cfi=(91) ???
cfn=(2622) 0x0000000004b113b0
calls=1 0 
0 136 31 13 1 1 0 1
0 1 0 1
cfn=(2626)
calls=1 0 
0 5 1 0 2 0 0 1
0 3 2 1 1

fn=(386) cos
0 9 4 0 2 0 0 2

fn=(392) powf
0 9 4 0 2 0 0 2

fn=(1992)
0 645237 215079 0 3 0 0 1

ob=(2) /usr/lib64/libc.so.6
fl=(81) ???
fn=(1088) get_nprocs_conf
0 5 0 2 1 0 0 1
cfn=(1090) read_sysfs_file
calls=1 0 
0 502 97 59 31 8 3 31 4
0 4 2

fn=(314) wcschr
0 50 10 0 2 0 0 2

fn=(354) strncpy
0 38 8 0 2 1 0 2

fn=(454) __libc_early_init
0 10 1 4 1 1 0 1
cfn=(456) __ctype_init
calls=1 0 
0 17 10 3 2 5 0 2
0 7 1 4 1 1 2 1 0 2
cfn=(458) getrlimit
calls=1 0 
0 10 1 0 2 0 0 2
0 30 5 4 2 2 2 2 0 2
cfn=(460) __pthread_tunables_init
calls=1 0 
0 98 21 9 5 6 0 4 2
0 6 4
cfn=(464) __lll_elision_init
calls=1 0 
0 159 32 14 3 9 1 3 4 1

fn=(640) __gconv_btwoc_ascii
0 768 128 0 1 0 0 1

fn=(862) __internal_atexit
0 240 0 84 2 0 1 2
cfn=(864) __new_exitfn
calls=12 0 
0 440 96 73 4 3 0 4 1
0 252 96 60 1 0 6 1 0 6

fn=(1092) __open_nocancel
0 27 5 3 3 0 1 3

fn=(1300) getpagesize
0 72 36 0 2 1 0 1

fn=(1336) pthread_key_create@@GLIBC_2.34
0 45 5 6 2 1 1 2 1

fn=(1394) (below main)
0 11 1 6 2 0 0 2
cfn=(1396) _setjmp
calls=1 0 
0 38 8 11 4 1 0 4
0 15 7 4 1 1 0 1
cob=(9) /home/kchou/HDD/Documents/DiT/7ο Εξάμηνο/Ανάπτυξη Λογισμικού για Πληροφοριακά Συστήματα (Project)/Project/build/app/app
cfi=(97) ???
cfn=(1402) main
calls=1 0 
0 3258630790 1351620695 714655017 2430 23091749 178620 1052 5330 37606
0 2 0 1 1
cfn=(2458) exit
calls=1 0 
0 5554 1720 880 209 200 40 124 4 1

fn=(1400) __sigjmp_save
0 156 36 36 2 0 11 1 0 11

fn=(1418) __isoc23_strtol
0 18 6 0 1 0 0 1
cfn=(1420) ____strtol_l_internal
calls=3 0 
0 366 57 33 8 0 0 8

fn=(1426) atof
0 6
cfn=(1428) strtod
calls=2 0 
0 1205 222 123 65 9 0 65 8

fn=(1444) round_away
0 20 2

fn=(1560) _int_free
0 23168279 6587327 1935847 16 124799 11756 6 660
cfn=(1562) _int_free_merge_chunk
calls=346 0 
0 29689 7773 5920 27 8 1 8 3
0 4749658 670630 1344556 17 23482 1 5 41
cfn=(1562)
calls=1648 0 
0 437338 112304 76193 27 5637 107 4 2429 8
0 6592 1648 1648

fn=(1564) _int_free_create_chunk
0 72826 17580 19759 7 750 30 3 310
cfn=(1606) unlink_chunk.isra.0
calls=72 0 
0 1512 648 216 0 36
0 744 312 96 1 0 1 1 0 1

fn=(1836) __printf_fp_l_buffer
0 130 10 55 9 0 3 3
cob=(4)
cfi=(91)
cfn=(650) 0x0000000004c2c500
calls=5 0 
0 80 15 0 1 6 0 0 1
0 165 90 20 15 9 3 5
cfn=(1838) __printf_fp_buffer_1.isra.0
calls=5 0 
0 6751 1521 903 240 33 30 108 6
0 5

fn=(1838)
0 600 94 125 41 6 15 16 1
cob=(4)
cfi=(91)
cfn=(1516) 0x0000000004c2c6a0
calls=2 0 
0 26 8 4 0 2
0 146 34 2 2 5 0 2
cob=(4)
cfi=(91)
cfn=(1516)
calls=1 0 
0 13 4 2
0 272 98 54 17 3 0 7 1
cfn=(1848) __libc_alloca_cutoff
calls=5 0 
0 55 10 0 4 3 0 2
0 448 119 54 12 0 0 5
cfn=(1850) hack_digit
calls=28 0 
0 1816 484 280 4 0 0 2
0 266 0 33 9 0 3 3
cfn=(1840) __mpn_extract_double
calls=5 0 
0 110 5 20 9 0 3 3
0 55 15 10 4 0 0 2
cfn=(1850)
calls=5 0 
0 344 93 54
0 486 105 15 25 0 0 10
cfn=(1834) __printf_buffer_write
calls=5 0 
0 287 70 45 4 2 0 1
0 44 19 2 5 0 0 3
cfn=(2442) __mpn_cmp
calls=2 0 
0 24 6 0 1 0 0 1
0 179 46 12 21 0 1 11
cfn=(1440) __mpn_lshift
calls=1 0 
0 16 2 1 3
0 25 5 5 1 0 0 1
cfn=(1850)
calls=1 0 
0 124 37 22 11 0 2 8
0 2 0 1
cfn=(1850)
calls=1 0 
0 124 37 22
0 66 10 26 5 0 2 3
cfn=(1440)
calls=4 0 
0 64 8 4 6
0 560 82 24 12 10 0 6 4
cfn=(1842) __mpn_mul
calls=2 0 
0 158 36 30 16 2 4 8
0 74 18 12 8 0 0 4
cfn=(1844) __mpn_mul_1
calls=4 0 
0 132 16 12
0 95 33 13 10 0 0 5
cfn=(1846) __mpn_rshift
calls=1 0 
0 18 3 2 1
0 8 2 2
cfn=(1846)
calls=1 0 
0 18 3 2
0 16 3 5 3 0 0 2
cfn=(1846)
calls=4 0 
0 72 12 8 6 0 0 3
0 8 4

fn=(1850)
0 546 168 112 3 0 1 1
cfn=(1844)
calls=7 0 
0 147 21 14 2
0 126 56 21 1 0 0 1
cfn=(2444) __mpn_divrem
calls=7 0 
0 350 98 77 6 0 1 6
0 287 84 42 1 0 0 1
cfn=(1844)
calls=28 0 
0 588 84 56
0 364 140 56 2 0 0 1

fn=(1926) rand
0 29380 0 14690 2 0 0 1
cfn=(1928) random
calls=7345 0 
0 374356 110175 66105 18 8687 1998 5
0 14690 14690

fn=(2054) _mid_memalign.isra.0
0 42 7 5 5 0 0 5
cfn=(2056) _int_memalign
calls=1 0 
0 452 92 68 16 2 3 13 0 3
0 9 1 0 1 0 0 1

fn=(2244) arena_get2.part.0
0 288 106 56 3 12 1 3 1 1
cfn=(2304) __get_nprocs_sched
calls=1 0 
0 89 7 4 4 1 1 2 0 1
0 117 23 23 4 9 9 4 0 9
cfn=(2246) new_heap
calls=11 0 
0 1314 228 183 28 20 22 9 0 22
0 9042 66 1584 5 9 374 5 0 374

fn=(2512) pthread_key_delete@@GLIBC_2.34
0 32 4 2 2 1 0 1

fn=(2660) _IO_flush_all
0 18 1 10 2 0 0 2
cfn=(1468) __libc_cleanup_push_defer
calls=1 0 
0 13 4 3 1 1
0 140 51 21 7 6 0 7 1
cfn=(1470) __libc_cleanup_pop_restore
calls=1 0 
0 9 5 1
0 18 10 2 2 0 0 2

fn=(298) wcsnlen
0 19 4 0 3 0 0 3

fn=(306) __memcpy_chk
0 22 4 0 4 0 0 4

fn=(308) memrchr
0 25 5 0 2 0 0 2

fn=(320) rindex
0 25 5 0 1 0 0 1

fn=(328) strncmp
0 63 12 0 3 2 0 3

fn=(332) strcspn
0 7 3 0 1 0 0 1

fn=(366) strspn
0 14 6 0 2 2 0 2

fn=(368) wcpncpy
0 18 4 0 2 0 0 2

fn=(370) mempcpy
0 22 4 0 3 0 0 3

fn=(656) __memcmp_avx2_movbe
0 1095 242 0 7 0 0 6

fn=(918) tcache_init.part.0
0 103 24 26 3 0 0 2
cfn=(920) _int_malloc
calls=1 0 
0 383 83 53 43 2 3 43 2 2
0 1133 49 996 3 0 118 1 0 118
cfn=(2242) get_free_list
calls=11 0 
0 198 88 44 3 0 0 3
0 66 0 11 1 0 0 1
cfn=(2244)
calls=11 0 
0 10850 430 1850 44 51 407 23 1 407
0 44 0 11
cfn=(920)
calls=11 0 
0 1496 231 143 0 0 11 0 0 11
0 110 11 11 2 0 0 1

fn=(1106) __isoc23_strtoul
0 12 4 0 1 1 0 1
cfn=(1108) ____strtoul_l_internal
calls=2 0 
0 254 44 24 10 6 0 10 4

fn=(1126) pthread_self
0 3 2 0 1 0 0 1

fn=(1136) __memset_avx2_unaligned_erms
0 1319984 137022 283771 11 15414 37289 5 0 5769

fn=(1488) fread
0 1376103 276021 360027 5 5555 0 2
cfn=(1490) _IO_sgetn
calls=22002 0 
0 1570890 442209 287398 57 7400 2 1 63 1
0 80004 0 20001 1 0 0 1
cfn=(1490)
calls=20001 0 
0 1423420 401046 260534 38 1291 1 36 63 1
0 1110078 504036 124008 5 0 0 3

fn=(1496) _IO_file_doallocate
0 69 12 18 6 4 0 3
cfn=(1498) _IO_file_stat
calls=3 0 
0 54 6 0 6 0 0 3
0 36 6 3 2 0 0 1
cob=(4)
cfi=(91)
cfn=(1458) 0x0000000004c2c7a0
calls=3 0 
0 4699 934 680 24 86 4 0 0 2
0 21 0 3
cfn=(1504) _IO_setb
calls=3 0 
0 87 24 24 4 0 0 2
0 42 22 1 3 0 0 2

fn=(1512) _IO_file_read
0 252 84 0 2 0 0 1
cfn=(1514) read
calls=42 0 
0 1414 326 198 3 21 0 2

fn=(1568) _IO_default_finish
0 40 14 4 4 0 0 2

fn=(1842)
0 78 22 22 8 2 4 4
cfn=(1844)
calls=2 0 
0 66 8 6 8 0 0 4
0 14 6 2

fn=(1918) realloc
0 28014 1873 11202 2 6 0 1
cfn=(914) malloc
calls=1 0 
0 289 57 36
0 105471 22392 5322 12 639 127 5
cfn=(1920) _int_realloc
calls=1774 0 
0 406444 85917 52491 141 2965 2264 6 364 2013
0 54424 10986 1958 8 1 0 3
cfn=(1920)
calls=92 0 
0 30492 6176 3299 24 927 408 11 0 262
0 1104 184 0 1 0 0 1

fn=(568) _pthread_cleanup_push@@GLIBC_2.34
0 7 2 4 2 1 0 2

fn=(2164) _IO_enable_locks
0 22 6 4 1 2 2 1

fn=(2180) start_thread
0 198 44 88 3 10 16 3 0 11
cfn=(456)
calls=11 0 
0 187 110 33 2 5
0 121 22 22 1 3 5 1
cfn=(1396)
calls=11 0 
0 418 88 121 4 4 22 0 0 22
0 297 77 44 3 6 0 3
cob=(8) /usr/lib64/libgomp.so.1.0.0
cfi=(96) ???
cfn=(2182) 0x0000000000020c30
calls=11 0 
0 189930339 29501844 2250660 404 29990 6186 110 3347 5411

fn=(2664) _IO_default_setbuf
0 18 2 6 2 0 0 2
cfn=(2582) _IO_file_sync@@GLIBC_2.2.5
calls=1 0 
0 21 8 4
0 30 8 7 2 0 0 2

fn=(2666) _Exit
0 4 1 0 1 0 0 1

fn=(302) wcslen
0 38 8 0 2 0 0 2

fn=(456)
0 204 120 36 4 10 0 2

fn=(464)
0 13 1 4 2 0 0 2
cob=(4)
cfi=(91)
cfn=(462) 0x0000000004c2c710
calls=1 0 
0 24 5 1 0 1
0 4 0 1
cob=(4)
cfi=(91)
cfn=(462)
calls=1 0 
0 24 5 1 0 2 0 0 1
0 4 0 1
cob=(4)
cfi=(91)
cfn=(462)
calls=1 0 
0 24 5 1 0 2 0 0 1
0 4 0 1
cob=(4)
cfi=(91)
cfn=(462)
calls=1 0 
0 24 5 1 0 2 0 0 1
0 4 0 1 1 0 0 1
cob=(4)
cfi=(91)
cfn=(462)
calls=1 0 
0 24 5 1 0 1
0 10 6 1 0 1 1 0 1 1

fn=(638) _dl_mcount_wrapper_check
0 640 384 0 1 0 0 1

fn=(904) __strncmp_avx2
0 2717 510 0 6 7 0 6 2

fn=(916) ptmalloc_init.part.0
0 795 3 137 5 1 35 5 0 33
cob=(4)
cfi=(91)
cfn=(462)
calls=1 0 
0 23 5 1 2 1
0 4 0 1
cob=(4)
cfi=(91)
cfn=(462)
calls=1 0 
0 24 5 1 0 1
0 4 0 1 1 0 0 1
cob=(4)
cfi=(91)
cfn=(462)
calls=1 0 
0 23 5 1 0 1
0 4 0 1
cob=(4)
cfi=(91)
cfn=(462)
calls=1 0 
0 23 5 1 0 2 0 0 1
0 4 0 1
cob=(4)
cfi=(91)
cfn=(462)
calls=1 0 
0 24 5 1 0 2 0 0 1
0 4 0 1
cob=(4)
cfi=(91)
cfn=(462)
calls=1 0 
0 23 5 1 0 2 0 0 1
0 4 0 1 1 0 0 1
cob=(4)
cfi=(91)
cfn=(462)
calls=1 0 
0 23 5 1 0 2 0 0 1
0 4 0 1
cob=(4)
cfi=(91)
cfn=(462)
calls=1 0 
0 23 5 1 0 1
0 4 0 1
cob=(4)
cfi=(91)
cfn=(462)
calls=1 0 
0 23 5 1 0 1
0 4 0 1 1 0 0 1
cob=(4)
cfi=(91)
cfn=(462)
calls=1 0 
0 23 5 1 0 2 0 0 1
0 4 0 1
cob=(4)
cfi=(91)
cfn=(462)
calls=1 0 
0 23 5 1 0 1
0 4 0 1
cob=(4)
cfi=(91)
cfn=(462)
calls=1 0 
0 23 5 1 0 2 0 0 1
0 10 7 0 1 1 0 1 1

fn=(924) __glibc_morecore
0 120 20 40 8 0 6 2
cfn=(926) sbrk
calls=20 0 
0 779 201 120 24 55 10 6 1
0 80 40

fn=(1108)
0 254 44 24 10 6 0 10 4

fn=(1456) __fopen_internal
0 28 0 14 2 0 0 1
cob=(4)
cfi=(91)
cfn=(1458)
calls=2 0 
0 242 49 25 5 5 1 0 0 1
0 24 0 4 2 0 2 1 0 1
cfn=(1460) _IO_no_init
calls=2 0 
0 112 18 56 8 2 10 4 1 5
0 8 0 4 2 0 0 1
cfn=(1464) _IO_new_file_init_internal
calls=2 0 
0 227 69 64 26 3 0 17
0 10 0 2
cfn=(1472) _IO_file_fopen@@GLIBC_2.2.5
calls=2 0 
0 493 114 76 42 6 0 22 2
0 26 16 0 2 0 0 1

fn=(1478) __GI_strstr
0 38 4 16 4 2 0 2 1
cob=(4)
cfi=(91)
cfn=(1480) 0x0000000004c2c680
calls=2 0 
0 46 8 0 5 2 0 3
0 32 18 0 4 0 0 2

fn=(1498)
0 9 3 0 2 0 0 1
cfn=(1500) fstat
calls=3 0 
0 45 3 0 4 0 0 2

fn=(1562)
0 62529 12122 12046 24 963 0 3 330
cfn=(1606)
calls=76 0 
0 1596 684 228 2 59 0 0 10
0 11970 0 1995 7 0 0 1
cfn=(1564)
calls=1995 0 
0 75059 18534 20065 7 786 30 3 310
0 19997 13918
cfn=(2058) _int_free_maybe_consolidate.part.0
calls=47 0 
0 291890 74027 47796 8 3816 78 4 1782 8
0 4075 815 0 9 21 0 1

fn=(1748) _IO_do_write@@GLIBC_2.2.5
0 149 1 48 10 0 0 1
cfn=(1792) new_do_write
calls=16 0 
0 1992 520 344 64 11 4 13
0 112 48

fn=(1790) __mempcpy_avx_unaligned_erms
0 720 117 74 7 0 8

fn=(1828) __printf_buffer
0 130 25 65 9 1 10 3
cob=(4)
cfi=(91)
cfn=(1830) 0x0000000004c2c590
calls=5 0 
0 105 15 0 7 3 0 2
0 40 0 15 0 0 3
cfn=(1834)
calls=5 0 
0 95 35 25 6 0 3 2
0 610 160 120 36 9 0 12 3
cob=(4)
cfi=(91)
cfn=(1830)
calls=5 0 
0 105 15
0 35 0 10 3 0 0 1
cfn=(1834)
calls=5 0 
0 95 35 25
0 115 25 10 8 6 0 3 2
cfn=(1836)
calls=5 0 
0 7131 1636 978 265 48 36 116 7
0 115 25 15 8 0 0 3

fn=(1844)
0 933 129 88 10 0 0 4

fn=(1930) random_r
0 205421 58760 29380 8 6691 0 3

fn=(2040) pthread_setspecific@@GLIBC_2.34
0 37 8 8 3 1 2 3

fn=(2148) mmap
0 547 88 66 11 0 0 2

fn=(2156) pthread_mutex_lock@@GLIBC_2.2.5
0 528 132 72 14 3 0 7 1

fn=(2158) pthread_mutex_unlock@@GLIBC_2.2.5
0 36 0 0 2 0 0 1
cfn=(2160) __pthread_mutex_unlock_usercnt
calls=12 0 
0 480 108 60 8 0 0 4

fn=(2494) __cxa_finalize
0 309 65 79 4 0 0 3
cob=(7) /usr/lib64/libstdc++.so.6.0.32
cfi=(95) ???
cfn=(2570) std::ios_base::Init::~Init()
calls=1 0 
0 1374 524 209 31 53 0 31 1
cob=(7)
cfi=(95)
cfn=(2568) 0x00000000000b3060
calls=1 0 
0 8 2 1 1 0 0 1
cob=(7)
cfi=(95)
cfn=(2562) 0x00000000000b3020
calls=1 0 
0 8 2 1 2 1 1
cob=(7)
cfi=(95)
cfn=(2560) 0x00000000000e07a0
calls=1 0 
0 2 1 0 1 0 0 1
cob=(7)
cfi=(95)
cfn=(2558) 0x00000000000e1bd0
calls=1 0 
0 2 1 0 1 0 0 1
cob=(7)
cfi=(95)
cfn=(2556) 0x00000000000e2ee0
calls=1 0 
0 2 1
cob=(7)
cfi=(95)
cfn=(2554) 0x00000000000e2ef0
calls=1 0 
0 2 1 0 1 0 0 1
cob=(7)
cfi=(95)
cfn=(2552) 0x0000000000199390
calls=1 0 
0 2 1
cob=(7)
cfi=(95)
cfn=(2550) 0x00000000001993a0
calls=1 0 
0 2 1
cob=(7)
cfi=(95)
cfn=(2548) 0x00000000001993b0
calls=1 0 
0 2 1 0 1 0 0 1
cob=(7)
cfi=(95)
cfn=(2542) 0x00000000001b3320
calls=1 0 
0 7 2 0 1 1 0 1 1
0 211 42 16 2 2 0 2
cfn=(2496) __unregister_atfork
calls=5 0 
0 100 25 20 4 0 1 4 0 1
0 335 106 5 1 4 0 1

fn=(2496)
0 100 25 20 4 0 1 4 0 1

fn=(2582)
0 231 88 44 3 1 0 3 1

fn=(292) strnlen
0 50 10 0 2 2 0 2

fn=(300) memset
0 96 16 0 2 3 0 2

fn=(330) strcasecmp
0 42 8 0 2 0 0 2

fn=(340) strchrnul
0 25 5 0 2 0 0 2

fn=(648) wctype_l
0 130 0 70 2 0 0 2
cob=(4)
cfi=(91)
cfn=(650)
calls=10 0 
0 160 30 0 2 5 0 2 4
0 338 68 58 0 1
cob=(4)
cfi=(91)
cfn=(650)
calls=48 0 
0 768 144 0 0 1 0 0 1
0 20 0 10
cob=(4)
cfi=(91)
cfn=(650)
calls=10 0 
0 160 30 0 0 1 0 0 1
0 370 0 49 1 0 0 1
cob=(4)
cfi=(91)
cfn=(654) 0x0000000004c2c580
calls=49 0 
0 1146 274 0 4 1 0 4
0 208 100 0 0 3

fn=(652) __strlen_avx2
0 1824 260 0 6 33 0 3 19

fn=(926)
0 422 65 99 13 55 10 3 1
cfn=(928) brk
calls=19 0 
0 171 38 19 8
0 173 95 1 1 0 0 1
cfn=(928)
calls=1 0 
0 9 2 1 2 0 0 2
0 4 1

fn=(1176) calloc
0 2467879 485396 465002 6 15442 3674 3 61 31
cfn=(920)
calls=2196 0 
0 450359 75647 47185 14 918 1290 2 838 1201
0 148632 0 49544 1 0 1883
cfn=(920)
calls=49544 0 
0 4108937 945339 351783 31 10639 843 1 0 658
0 735590 110837 18967 10 3215 0 4
cfn=(920)
calls=16771 0 
0 1204529 305278 121236 32 88 2646 3 0 592
0 2483031 647177 49546 11 0 1 5 0 1
cob=(4)
cfi=(91)
cfn=(1134) 0x0000000004c2c730
calls=68510 0 
0 1456970 205530 283768 11 31862 37289 2 0 5769

fn=(1298) pthread_attr_init@@GLIBC_2.2.5
0 12 0 7 2 0 1 2
cfn=(1300)
calls=1 0 
0 6 3 0 1 0 0 1
0 6 3 1

fn=(1398) __sigsetjmp
0 264 60 96 4 5 11 2 0 11
cfn=(1400)
calls=12 0 
0 156 36 36 2 0 11 1 0 11

fn=(1416) atoi
0 18 0 6 1 0 0 1
cfn=(1418)
calls=3 0 
0 384 63 33 9 0 0 9
0 6 6

fn=(1430) ____strtod_l_internal
0 46 6 24 3 1 0 3
cob=(4)
cfi=(91)
cfn=(650)
calls=2 0 
0 32 6 0 0 1 0 0 1
0 412 76 28 20 1 0 20 1
cob=(4)
cfi=(91)
cfn=(1432) 0x0000000004c2c6e0
calls=2 0 
0 44 8 4 3 1 0 3 1
0 60 18 6 3 1 0 3 1
cfn=(1438) str_to_mpn.part.0.constprop.0
calls=2 0 
0 110 28 18 5 1 0 5 1
0 108 22 8 8 1 0 8 1
cfn=(1442) round_and_return
calls=2 0 
0 187 34 21 11 2 0 11 2
0 102 8 6 5 0 0 5
cfn=(1440)
calls=2 0 
0 32 4 2 3 0 0 3
0 12 4 2
cfn=(1440)
calls=2 0 
0 32 4 2
0 18 0 2 3 0 0 3

fn=(1442)
0 64 4 18 4 0 0 4
cfn=(1444)
calls=2 0 
0 20 2
0 43 16 1 1 0 0 1
cfn=(1446) __mpn_construct_double
calls=2 0 
0 32 4 0 2 0 0 2
0 28 8 2 4 2 0 4 2

fn=(1476) open
0 67 16 12 7 0 0 4
cfn=(2372) __pthread_enable_asynccancel
calls=1 0 
0 18 3 1
0 12 1 2
cfn=(2376) __pthread_disable_asynccancel
calls=1 0 
0 15 3 1
0 2 1

fn=(1544) fclose@@GLIBC_2.2.5
0 40 6 10 4 2 0 2
cfn=(1566) _IO_file_finish@@GLIBC_2.2.5
calls=2 0 
0 68 22 10 8 0 0 4
0 30 10 2 2 6 0 1
cob=(4)
cfi=(91)
cfn=(1556) 0x0000000004c2c480
calls=2 0 
0 174 52 28 3 7 0 3 1
0 16 10 2 2 0 0 1
cfn=(1546) _IO_un_link
calls=2 0 
0 228 67 50 25 12 0 13
0 35 12 4 2 0 0 1
cfn=(1550) _IO_file_close_it@@GLIBC_2.2.5
calls=2 0 
0 579 150 109 36 9 1 23
0 35 9 6 5 0 0 3

fn=(1546)
0 16 6 0 2 0 0 1
cfn=(1548) __GI__IO_un_link.part.0
calls=2 0 
0 220 65 50 23 12 0 12

fn=(1548)
0 32 2 16 4 0 0 2
cfn=(1468)
calls=2 0 
0 26 8 6 1 4
0 97 27 13 12 7 0 6
cfn=(1470)
calls=2 0 
0 18 10 2
0 47 18 13 6 1 0 4

fn=(1848)
0 55 10 0 4 3 0 2

fn=(1886) srand
0 13 0 4 2 0 1 2 0 1
cfn=(1888) srandom_r
calls=1 0 
0 6182 1555 962 5 2 3 5 0 1
0 7 4 1

fn=(564) pthread_once@@GLIBC_2.34
0 113 37 0 4 4 0 1 1
cfn=(566) __pthread_once_slow
calls=1 0 
0 127 30 31 21 4 3 21 1

fn=(1928)
0 95485 7345 29380 10 1996 1998 2
cfn=(1930)
calls=7345 0 
0 205421 58760 29380 8 6691 0 3
0 73450 44070 7345

fn=(1998) malloc_consolidate
0 208650 31885 34399 9 4501 62 5 1735 9
cfn=(1606)
calls=1346 0 
0 28266 12114 4038 1 85 0 0 10
0 26604 11357 6273 4 1 24 2 0 1
cfn=(1606)
calls=2025 0 
0 42564 18238 6075 2 164 0 0 40
0 6075 4050

fn=(2058)
0 2170 804 429 6 0 0 5
cfn=(1998)
calls=47 0 
0 289510 73185 47374 3 3815 78 0 1782 8
0 243 52 0 3 2 0 3

fn=(2174) clone
0 286 44 33 2 3 11 2 0 11
cfn=(2180)
calls=11 0 
0 189931560 29502185 2250968 417 30018 6229 117 3347 5444

fn=(2250) munmap
0 42 7 0 1 0 0 1

fn=(2580) fflush
0 180 30 40 2 5 0 2
cfn=(2582)
calls=10 0 
0 210 80 40 3 1 0 3 1
0 330 140 40 3 3 0 3

fn=(2658) _IO_cleanup
0 14 1 8 2 0 0 2
cfn=(2660)
calls=1 0 
0 198 71 37 12 7 0 11 1
0 6 0 3
cfn=(1468)
calls=1 0 
0 13 4 3
0 101 32 15 4 0 0 4
cfn=(2662) _IO_file_setbuf@@GLIBC_2.2.5
calls=1 0 
0 87 22 23 6 0 0 6
0 30 7 7 3 0 0 3
cfn=(1470)
calls=1 0 
0 9 5 1
0 48 22 8 3 0 0 3

fn=(2662)
0 7 0 3 2 0 0 2
cfn=(2664)
calls=1 0 
0 69 18 17 4 0 0 4
0 11 4 3

fn=(304) __mempcpy_chk
0 22 4 0 4 0 0 4

fn=(316) index
0 57 12 0 2 0 0 2

fn=(326) wmemchr
0 69 12 0 2 0 0 2

fn=(336) strcat
0 17 4 0 2 0 0 2

fn=(342) bcmp
0 72 15 0 2 3 0 2

fn=(356) wmemcmp
0 48 10 0 2 2 0 2

fn=(422) gettimeofday
0 7 3 0 3 1 0 3

fn=(424) strstr
0 10 3 0 2 2 0 2

fn=(460)
0 13 1 4 2 0 0 2
cob=(4)
cfi=(91)
cfn=(462)
calls=1 0 
0 24 5 1 2 3 0 1 1
0 4 0 1
cob=(4)
cfi=(91)
cfn=(462)
calls=1 0 
0 23 5 1 0 2 0 0 1
0 4 0 1
cob=(4)
cfi=(91)
cfn=(462)
calls=1 0 
0 24 5 1 0 1
0 6 5 0 1 0 0 1

fn=(492) __init_misc
0 14 1 4 2 0 0 2
cob=(4)
cfi=(91)
cfn=(494) 0x0000000004c2c660
calls=1 0 
0 24 3 0 3 2 0 3
0 12 7 2 0 0 1

fn=(496) __strrchr_avx2
0 22 2 0 2 1 0 2

fn=(636) btowc
0 8192 2304 1408 4 5 0 4
cfn=(638)
calls=128 0 
0 640 384 0 1 0 0 1
0 1536 896
cfn=(640)
calls=128 0 
0 768 128 0 1 0 0 1

fn=(864)
0 440 96 73 4 3 0 4 1

fn=(920)
0 10317675 1714677 1299835 70 32164 2466 22 1344 19
cfn=(1998)
calls=5 0 
0 10718 2324 1666 7 319 5 1 3 2
0 5930041 1624602 32436 47 24245 264 17 194
cfn=(1998)
calls=12 0 
0 11931 2135 1745 6 617 3 6
0 44612 2693 8007 12 293 0 5
cfn=(1606)
calls=2669 0 
0 56349 24146 8057 4 599 0 2 5
0 91561 15222 17972 27 0 433 8 0 304
cfn=(1606)
calls=1 0 
0 33 14 5
0 9 2 2
cfn=(930) alloc_perturb
calls=1 0 
0 4 2
0 258852 0 129426 2 0 152 1
cfn=(930)
calls=64713 0 
0 258852 129426 0 4 0 0 1
0 173359 64714 10597 10 0 552 2 0 267
cfn=(922) sysmalloc
calls=19 0 
0 3441 835 528 89 116 50 26 2 16
0 1007225 12 188837 3 0 32939 3 0 32930

fn=(1094) next_line
0 21 2 10 1 0 0 1
cob=(4)
cfi=(91)
cfn=(1096) 0x0000000004c2c470
calls=1 0 
0 7 2 0 3 1 0 3
0 29 11 2 2 0 0 2
cob=(4)
cfi=(91)
cfn=(1100) 0x0000000004c2c490
calls=1 0 
0 15 2 0 3 0 0 3
0 10 5 3
cfn=(1104) __read_nocancel
calls=1 0 
0 6 1 0 1 0 0 1
0 11 2 3 1 0 0 1
cob=(4)
cfi=(91)
cfn=(1096)
calls=1 0 
0 21 3
0 2

fn=(1102) __memcpy_avx_unaligned_erms
0 650881 132098 88474 41 4982 1242 7 126 1203

fn=(1110) __close_nocancel
0 18 3 0 3 0 0 1

fn=(1132) pthread_getaffinity_np@@GLIBC_2.32
0 19 1 2 2 1 0 2
cob=(4)
cfi=(91)
cfn=(1134)
calls=1 0 
0 18 2 0 2 1 0 2
0 3 2

fn=(1396)
0 36 0 0 2 0 0 1
cfn=(1398)
calls=12 0 
0 420 96 132 6 5 22 3 0 22

fn=(1460)
0 24 0 12 4 0 0 2
cfn=(1462) _IO_old_init
calls=2 0 
0 50 6 24 2 2 5 1 1 3
0 38 12 20 2 0 5 1 0 2

fn=(1494) _IO_doallocbuf
0 63 12 15 5 1 0 2
cfn=(1496)
calls=3 0 
0 5008 1004 729 45 90 4 11 0 2
0 24 15 0 3 0 0 1

fn=(1504)
0 151 40 42 4 0 0 2
cob=(4)
cfi=(91)
cfn=(1556)
calls=2 0 
0 345 92 59 18 8 1 15
0 4 2

fn=(1552) _IO_unsave_markers
0 28 10 4 4 0 0 2

fn=(1750) _IO_default_xsputn
0 108 24 15 2 0 0 2
cfn=(1746) _IO_file_overflow@@GLIBC_2.2.5
calls=8 0 
0 312 80 48
0 77 26 0 2 0 0 2

fn=(1792)
0 368 48 112 12 6 0 2
cfn=(1794) _IO_file_write@@GLIBC_2.2.5
calls=16 0 
0 1128 264 168 40 5 4 8
0 496 208 64 12 0 0 3

fn=(1794)
0 240 0 96 6 0 0 1
cfn=(1796) write
calls=16 0 
0 520 120 72 27 5 4 6
0 368 144 0 7 0 0 1

fn=(1826) vsnprintf
0 125 5 45 5 1 4 2
cfn=(1828)
calls=5 0 
0 8576 1971 1263 342 67 52 142 12
0 30 10 10 3 0 0 1
cfn=(1852) __printf_buffer_done
calls=5 0 
0 95 25 0 3 0 0 1
0 30 25

fn=(566)
0 43 10 13 5 1 2 5 1
cfn=(568)
calls=1 0 
0 7 2 4 2 1 0 2
0 1 0 1
cob=(7)
cfi=(95)
cfn=(570) 0x00000000000c6af0
calls=1 0 
0 58 16 10 12 2 1 12
0 3 0 1
cfn=(580) _pthread_cleanup_pop@@GLIBC_2.34
calls=1 0 
0 6 2 1 1 0 0 1
0 9 0 1 1 0 0 1

fn=(1920)
0 97909 21883 13458 18 670 24 5 42
cfn=(920)
calls=788 0 
0 167405 29256 18729 35 1498 776 2 261 548
0 14184 2364 788 6 1 0 1
cob=(4)
cfi=(91)
cfn=(1516)
calls=788 0 
0 22044 6804 4420 52 906 1242 5 0 1203
0 3152 0 788
cfn=(1560)
calls=788 0 
0 79300 20221 9118 30 751 87 0 26
0 3228 0 976 3 0 52 0 0 39
cfn=(1560)
calls=244 0 
0 21456 5782 3150 0 64 0 0 33
0 3979 0 1156 17 0 1 2
cfn=(1606)
calls=578 0 
0 12147 5205 1734 0 2 0 0 2
0 12132 578 1473 4 0 490 2 0 485

fn=(2052) memalign
0 4 1 0 1 0 0 1
cfn=(2054)
calls=1 0 
0 503 100 73 22 2 3 19 0 3

fn=(2144) pthread_create@@GLIBC_2.34
0 275 44 143 4 0 2 4
cfn=(1300)
calls=11 0 
0 66 33 0 1 1
0 1804 484 341 14 7 45 14 0 44
cfn=(2166) create_thread
calls=11 0 
0 1426 422 367 15 1 11 15 1 11
0 151 11 15 1 0 2 1
cfn=(2146) __libc_sigaction
calls=1 0 
0 52 15 13 6 1 3 6
0 342 78 80 6 2 12 6 0 11
cfn=(2148)
calls=11 0 
0 286 44 33 2 0 0 2
0 242 77 44 2 1 0 2 1
cfn=(2150) mprotect
calls=11 0 
0 66 11 0 1 0 0 1
0 176 33 99 1 0 44 1 0 44
cob=(4)
cfi=(91)
cfn=(2152) 0x0000000004c2c6f0
calls=11 0 
0 7903 1577 1166 31 19 111 14 1 109
0 46 22 2 2 0 0 2
cfn=(2164)
calls=1 0 
0 22 6 4 1 2 2 1
0 123 1 55 3 0 0 3
cfn=(2162) __nptl_stack_list_add
calls=11 0 
0 154 33 55 2 0 11 2 0 11
0 143 55 22 1 0 0 1

fn=(2442)
0 24 6 0 1 0 0 1

fn=(490) _init_first
0 22 8 5 2 3 2 2 1 1
cfn=(492)
calls=1 0 
0 50 11 6 5 2 1 5

fn=(310) wcsncpy
0 18 4 0 1 0 0 1

fn=(312) memcpy@@GLIBC_2.14
0 88 16 0 5 2 0 5

fn=(322) wcscmp
0 50 10 0 2 4 0 2

fn=(350) wcscat
0 18 4 0 2 0 0 2

fn=(360) stpcpy
0 17 4 0 2 0 0 2

fn=(458)
0 10 1 0 2 0 0 2

fn=(914)
0 10102971 1708724 1625876 5 59315 5846 3 1
cfn=(920)
calls=53596 0 
0 8128904 1506139 779933 65 33763 18613 0 447 17961
0 1298717 532886 53608 5 2 0 2
cfn=(918)
calls=12 0 
0 14383 916 3145 99 53 539 74 3 538
0 6301912 2457367 919697 5 41644 0 2 425
cfn=(920)
calls=29264 0 
0 4102451 718797 380028 61 11444 12681 43 0 12564
0 204849 29264 1 2 2 0 2
cfn=(916)
calls=1 0 
0 1127 70 160 11 20 35 9 7 33
0 2

fn=(1434) __memcpy_chk_avx_unaligned_erms
0 40 6 4 2 1 0 2 1

fn=(1446)
0 32 4 0 2 0 0 2

fn=(1464)
0 18 0 10 4 0 0 2
cfn=(1466) _IO_link_in
calls=2 0 
0 201 63 52 22 3 0 15
0 8 6 2

fn=(1472)
0 81 10 16 8 2 0 4 1
cfn=(1474) _IO_file_open
calls=2 0 
0 232 56 42 13 0 0 7
0 12 0 2 2 0 0 1
cfn=(1478)
calls=2 0 
0 116 30 16 13 4 0 7 1
0 52 18 0 6 0 0 3

fn=(1482) __strchr_avx2
0 42 6 0 4 0 0 2

fn=(1492) _IO_file_xsgetn
0 1512780 462243 336024 7 40 0 4
cob=(4)
cfi=(91)
cfn=(1516)
calls=42003 0 
0 714051 168012 84006 1 6430 0 0 126
0 126093 42003 42045 2 0 0 1
cfn=(1506) __underflow
calls=42 0 
0 6620 2048 1166 28 94 0 15
0 94 2 2 2 0 0 1
cfn=(1494)
calls=2 0 
0 4625 935 683 49 88 3 13 0 2
0 2 0 0 2 0 0 1

fn=(1500)
0 21 0 0 2 0 0 1
cfn=(1502) fstatat
calls=3 0 
0 24 3 0 2 0 0 1

fn=(1510) _IO_switch_to_get_mode
0 1092 378 336 6 0 0 3

fn=(1566)
0 28 8 6 4 0 0 2
cfn=(1568)
calls=2 0 
0 40 14 4 4 0 0 2

fn=(1744) _IO_file_xsputn@@GLIBC_2.2.5
0 1099 89 318 13 0 3 2
cob=(4)
cfi=(91)
cfn=(1788) 0x0000000004c2c420
calls=27 0 
0 502 107 53 8 5 7 1
0 112 0 32
cob=(4)
cfi=(91)
cfn=(1788)
calls=16 0 
0 304 53 21 0 1 1
0 905 316 60 9 7 0 2
cfn=(1746)
calls=17 0 
0 3244 805 531 95 14 5 21
0 242 34 1 5 0 0 1
cfn=(1750)
calls=1 0 
0 497 130 63 4 0 0 4
0 2159 479 0 14 0 0 3

fn=(1834)
0 250 20 80 3 0 3 1
cob=(4)
cfi=(91)
cfn=(1516)
calls=5 0 
0 97 20 10 1 2
0 130 100 5 6 0 0 2

fn=(1840)
0 110 5 20 9 0 3 3

fn=(1846)
0 108 18 12 7 0 0 3

fn=(1852)
0 95 25 0 3 0 0 1

fn=(2170) __clone3_internal
0 50 11 2 1 1 0 1 1
cfn=(2172) clone3
calls=1 0 
0 16 2 1 2 0 0 2
0 51 24 12

fn=(2172)
0 16 2 1 2 0 0 2

fn=(2376)
0 465 93 31 7 0 0 2

fn=(324) stpncpy
0 19 4 0 2 0 0 2

fn=(334) wcscpy
0 16 4 0 3 0 0 3

fn=(338) strncasecmp_l
0 21 4 0 3 0 0 3

fn=(346) strcpy
0 17 4 0 2 0 0 2

fn=(372) strncasecmp
0 42 8 0 2 0 0 2

fn=(628) uselocale
0 264 108 48 7 16 0 2

fn=(860) __cxa_atexit
0 36 0 0 1 0 0 1
cfn=(862)
calls=12 0 
0 932 192 217 7 3 7 7 1 6

fn=(898) secure_getenv
0 18 6 0 2 0 0 2
cfn=(900) getenv
calls=3 0 
0 1662 486 33 6 43 0 6 3

fn=(1104)
0 6 1 0 1 0 0 1

fn=(1420)
0 366 57 33 8 0 0 8

fn=(1440)
0 144 18 9 12 0 0 3

fn=(1466)
0 102 36 28 4 0 0 2
cfn=(1468)
calls=2 0 
0 26 8 6 4 1 0 2
0 37 10 8 5 0 0 3
cfn=(1470)
calls=2 0 
0 18 10 2 2 0 0 1
0 60 17 18 7 2 0 7

fn=(1468)
0 78 24 18 6 6 0 2

fn=(1490)
0 630045 168012 84006 4 2039 0 2
cfn=(1492)
calls=42003 0 
0 2364265 675243 463926 91 6652 3 35 126 2

fn=(1506)
0 1262 462 128 6 0 0 3
cfn=(1508) _IO_file_underflow@@GLIBC_2.2.5
calls=42 0 
0 5152 1544 1038 20 94 0 11
0 206 42 0 2 0 0 1

fn=(1514)
0 380 62 110 3 0 0 2
cfn=(2372)
calls=22 0 
0 396 66 22 0 21
0 242 66 44
cfn=(2376)
calls=22 0 
0 330 66 22
0 66 66

fn=(1554) _IO_file_close
0 6 2 0 2 0 0 1
cfn=(1110)
calls=2 0 
0 12 2 0 2

fn=(1606)
0 142467 61049 20353 9 945 0 2 67

fn=(1746)
0 824 218 123 16 0 0 5
cfn=(1748)
calls=17 0 
0 2253 569 392 74 11 4 14
0 2 0 1 1 0 0 1
cfn=(1494)
calls=1 0 
0 470 96 61 4 3 1 1
0 7 2 2

fn=(1796)
0 144 24 40 10 0 4 2
cfn=(2372)
calls=8 0 
0 144 24 8 8 5 0 1
0 88 24 16 2 0 0 1
cfn=(2376)
calls=8 0 
0 120 24 8 7 0 0 2
0 24 24

fn=(1832) __strchrnul_avx2
0 190 20 0 5 0 0 2

fn=(1888)
0 6182 1555 962 5 2 3 5 0 1

fn=(578) newlocale
0 39 12 7 6 0 1 6

fn=(2150)
0 132 22 0 1 0 0 1

fn=(2162)
0 154 33 55 2 0 11 2 0 11

fn=(2166)
0 429 44 209 5 0 0 5
cfn=(2168) __clone_internal
calls=11 0 
0 788 268 147 8 1 11 8 1 11
0 209 110 11 2 0 0 2

fn=(290) __x86_cacheinfo
0 28 9 8 4 2 2 4 0 2

fn=(318) __memset_chk
0 24 4 0 1 0 0 1

fn=(498) check_stdfiles_vtables
0 12 7 0 2 4 0 2

fn=(930)
0 258856 129428 0 4 0 0 1

fn=(1090)
0 17 1 10 2 0 2 2
cfn=(1092)
calls=1 0 
0 27 5 3 3 0 1 3
0 22 9 1 1 0 0 1
cfn=(1094)
calls=1 0 
0 122 28 18 11 1 0 11
0 9 0 1
cfn=(1106)
calls=1 0 
0 125 24 12 11 6 0 11 3
0 14 3 1 1 0 0 1
cfn=(1110)
calls=1 0 
0 6 1 0 1 0 0 1
0 13 1 1 1 0 0 1
cfn=(1106)
calls=1 0 
0 141 24 12 0 1 0 0 1
0 6 1

fn=(1098) __memchr_avx2
0 442 47 0 9 0 0 2

fn=(1144) __sched_cpucount
0 128 4 0 4 0 0 2

fn=(1428)
0 10 4 0 1 0 0 1
cfn=(1430)
calls=2 0 
0 1195 218 123 64 9 0 64 8

fn=(1438)
0 110 28 18 5 1 0 5 1

fn=(1454) fopen@@GLIBC_2.2.5
0 6 0 0 2 0 0 1
cfn=(1456)
calls=2 0 
0 1170 266 245 89 16 13 47 3 7

fn=(1462)
0 50 6 24 2 2 5 1 1 3

fn=(1470)
0 54 30 6 2 0 0 1

fn=(1474)
0 32 2 10 2 0 0 1
cfn=(1476)
calls=2 0 
0 114 24 16 7 0 0 4
0 30 2 6 4 0 0 2
cfn=(1466)
calls=2 0 
0 42 18 10
0 14 10

fn=(1550)
0 38 4 10 4 0 0 2
cfn=(1552)
calls=2 0 
0 28 10 4 4 0 0 2
0 20 6 2 2 1 0 1
cfn=(1554)
calls=2 0 
0 18 4 0 4 0 0 1
0 18 2 2 2 0 0 1
cfn=(1504)
calls=2 0 
0 413 110 77 18 8 1 15
0 12 0 8 2 0 0 1
cfn=(1546)
calls=2 0 
0 8 4
0 24 10 6

fn=(1866) clock_gettime@@GLIBC_2.17
0 22 6 0 4 3 0 2

fn=(1878) time
0 7 3 0 2 0 0 2

fn=(1880) time_syscall
0 6 1 0 1 0 0 1

fn=(2056)
0 22 1 8 2 0 0 2
cfn=(920)
calls=1 0 
0 198 34 23 0 1 1 0 0 1
0 44 3 4 3 0 1 3 0 1
cfn=(1562)
calls=1 0 
0 89 23 17 3
0 29 3 2 1 0 0 1
cfn=(1564)
calls=1 0 
0 23 6 6 1 0 1 1 0 1
0 13 8 1 2 0 0 2
cfn=(2058)
calls=1 0 
0 33 14 7 4 1 0 4
0 1

fn=(2146)
0 52 15 13 6 1 3 6

fn=(2160)
0 480 108 60 8 0 0 4

fn=(2168)
0 165 22 77 2 0 0 2
cfn=(2170)
calls=11 0 
0 117 37 15 3 1 0 3 1
0 187 88 33 1 0 0 1
cfn=(2174)
calls=11 0 
0 209 22 22 2 0 11 2 0 11
0 110 99

fn=(2242)
0 198 88 44 3 0 0 3

fn=(2372)
0 558 93 31 8 26 0 1

fn=(2444)
0 350 98 77 6 0 1 6

fn=(1378) __libc_start_main@@GLIBC_2.34
0 19 0 8 1 0 0 1
cfn=(860)
calls=1 0 
0 81 16 18 0 0 1 0 0 1
0 12 5 2 1 0 0 1
cob=(4)
cfi=(91)
cfn=(1390) 0x0000000004c2c7b0
calls=1 0 
0 7 3 0 2 1 0 2
0 6 1 1
cfn=(1394)
calls=1 0 
0 3258636410 1351622431 714655919 2647 23091951 178660 1183 5334 37607
0 11 5 2 1 3 0 1
cob=(4)
cfi=(91)
cfn=(1380) 0x0000000000402000
calls=1 0 
0 7 2 0 1 0 0 1
0 20 7 3 2 3 0 2 1
cob=(9)
cfi=(97)
cfn=(1384) 0x0000000000402420
calls=1 0 
0 11 1 0 3 0 0 3
0 5 1

fn=(1086) sysconf
0 47 10 7 6 1 0 6 1
cfn=(1088)
calls=1 0 
0 511 99 61 32 8 3 32 4
0 2 0 0 1 0 0 1

fn=(294) strpbrk
0 7 3 0 2 0 0 2

fn=(296) strcmp
0 57 12 0 3 2 0 3

fn=(344) wmemset
0 30 12 0 2 1 0 2

fn=(348) strcasecmp_l
0 21 4 0 2 0 0 2

fn=(352) strlen
0 125 25 0 4 7 0 2

fn=(358) __memmove_chk
0 22 4 0 3 0 0 3

fn=(362) memmove
0 88 16 0 3 1 0 3

fn=(364) memchr
0 46 8 0 2 0 0 2

fn=(632) wctob
0 3200 1024 640 2 0 0 2

fn=(900)
0 234 39 91 2 5 0 2 4
cob=(4)
cfi=(91)
cfn=(650)
calls=13 0 
0 208 39 0 0 4 0 0 4
0 5048 1625 40 0 34
cob=(4)
cfi=(91)
cfn=(902) 0x0000000004c2c600
calls=40 0 
0 1152 240 0 3 5 0 3
0 197 91 0 1 0 0 1

fn=(922)
0 1720 400 249 35 60 24 9 0 15
cfn=(924)
calls=1 0 
0 33 11 6
0 109 4 77 6 0 9 2
cfn=(924)
calls=19 0 
0 946 250 154 32 55 16 8 1
0 633 170 42 16 1 1 7 1 1

fn=(928)
0 180 40 20 10 0 0 2

fn=(1502)
0 24 3 0 2 0 0 1

fn=(1508)
0 1050 168 294 5 0 0 3
cfn=(1510)
calls=42 0 
0 1092 378 336 6 0 0 3
0 672 168 168 2 40 0 1
cfn=(1512)
calls=42 0 
0 1666 410 198 5 21 0 3
0 672 420 42 2 33 0 1

fn=(1558) free
0 9336752 2205753 1747851 6 111263 0 2 464
cfn=(1560)
calls=27919 0 
0 2530280 622891 264196 29 8408 102 7 3073 8
0 1206192 0 402064 3 0 0 1
cfn=(1560)
calls=402064 0 
0 25760520 6730788 3087700 28 144703 11676 16 1
0 3009881 2149915 429983

fn=(1742) fwrite
0 1987 474 449 13 41 4 4 1
cfn=(1744)
calls=44 0 
0 9064 2013 1079 148 27 16 34
0 1284 528 124 7 0 0 3

fn=(580)
0 6 2 1 1 0 0 1

fn=(2246)
0 121 44 11 1 20 0 1
cfn=(2248) alloc_new_heap
calls=11 0 
0 1193 184 172 27 0 22 8 0 22

fn=(2248)
0 355 22 82 12 0 11 2 0 11
cfn=(2148)
calls=5 0 
0 105 20 15 5
0 79 0 16 1 0 0 1
cfn=(2150)
calls=11 0 
0 66 11
0 251 99 28 1 0 11 1 0 11
cfn=(2148)
calls=6 0 
0 156 24 18 4
0 91 0 10 1 0 0 1
cfn=(2250)
calls=5 0 
0 30 5
0 4 0 1
cfn=(2250)
calls=1 0 
0 6 1
0 42 0 2 2 0 0 2
cfn=(2250)
calls=1 0 
0 6 1 0 1 0 0 1
0 2 1

fn=(2304)
0 24 5 4 2 1 1 2 0 1
cfn=(1144)
calls=1 0 
0 64 2 0 2
0 1

fn=(2458)
0 7 0 2 1 0 0 1
cfn=(2460) __run_exit_handlers
calls=1 0 
0 5547 1720 878 208 200 40 123 4 1

fn=(2460)
0 218 42 24 5 3 3 5
cfn=(2666)
calls=1 0 
0 6 1 0 1 0 0 1
0 13 4 3 2 1 0 2
cob=(1) /usr/lib64/ld-linux-x86-64.so.2
cfi=(101) /usr/src/debug/glibc-2.38-14.fc39.x86_64/elf/dl-fini.c
cfn=(2464) _dl_fini
calls=1 26 
0 4778 1501 739 165 189 36 81 3 1
0 10 2 3 3 0 1 3
cfn=(2462) __call_tls_dtors
calls=1 0 
0 13 6 3 2 0 0 2
0 2 0 1
cfn=(2658)
calls=1 0 
0 506 164 105 30 7 0 29 1
0 1

fn=(2462)
0 13 6 3 2 0 0 2

ob=(1)
fl=(7) /usr/src/debug/glibc-2.38-14.fc39.x86_64/elf/dl-minimal.c
fn=(12) __rtld_malloc_init_stubs
42 1 0 0 1 0 0 1
+1 2 0 1 1 0 1 1 0 1
+1 2 0 1 0 0 1 0 0 1
+1 2 0 1
+1 2 0 1
+1 1 1

fn=(440) lookup_malloc_symbol
61 8 0 4 1 0 0 1
+3 4
-3 12 0 8
+3 4
-3 12 0 4
+3 4
-3 4
+2 4 0 4
+1 16 4 12
cfi=(78) /usr/src/debug/glibc-2.38-14.fc39.x86_64/elf/dl-lookup.c
cfn=(278) _dl_lookup_symbol_x
calls=4 773 
* 2878 871 326 0 28 0 0 1
+4 28 16 0 1 0 0 1
+1 28 12
+2 4 0 4
fi=(87) /usr/src/debug/glibc-2.38-14.fc39.x86_64/elf/./dl-sym-post.h
-30 8
+12 12 4
fe=(7)
+19 28 24 0 1 0 0 1

fn=(436) __rtld_malloc_init_real
76 2 0 1 1 0 0 1
+10 1
fi=(86) /usr/src/debug/glibc-2.38-14.fc39.x86_64/elf/../sysdeps/generic/dl-hash.h
-41 1
-1 1
fe=(7)
+32 8 0 5
+11 1 0 1
-1 1 0 1 1 0 0 1
fi=(86)
-43 1
+5 3
+14 4
-17 3 1 0 0 1 0 0 1
+3 15
+14 20
-17 15 5
fe=(7)
+46 2
fi=(86)
-24 1
fe=(7)
+22 1 0 1
+2 2 0 0 1 0 0 1
fi=(86)
-19 1 0 1
fe=(7)
+19 1 0 1
cfn=(440)
calls=1 -30 
* 764 234 92 3 8 0 3
+1 3
-1 1
+1 1 0 1
cfn=(440)
calls=1 -31 
* 775 237 92 0 8 0 0 1
+1 3
-1 1
+1 1 0 1
cfn=(440)
calls=1 -32 
* 804 237 92 0 6
+1 3 0 0 1 0 0 1
-1 1
+1 1 0 1
cfn=(440)
calls=1 -33 
* 711 223 86 0 6
+5 1 0 1
+1 1 0 1
+1 1 0 1
+1 1 0 1
+1 8 7

fl=(13) /usr/src/debug/glibc-2.38-14.fc39.x86_64/elf/dl-sort-maps.c
fn=(238) dfs_traversal.part.0
135 144 0 80 2 0 0 1
+10 16 16 0 0 6
-2 16 0 16
+2 32
+2 52 13 0 0 6
-7 76 38
+7 152 38 0 0 1
+9 32 0 0 2 0 0 1
+15 48 16 16
+1 16 0 16
+1 96 96
-17 24 8 0 1 0 0 1

fn=(236) _dl_sort_maps
298 24 0 12 2 0 0 1
+8 2 2 0 0 2
-8 2 0 2
+8 4
+4 16 14 0 2 0 0 1
-99 2 0 0 2 0 0 1
-28 2 0 0 2 0 0 1
-2 2 0 2
+1 4 2
+29 2
-28 8
+1 2 2
-1 2
+1 2 0 2
-1 4
+1 14 14
-1 14
+1 14 0 14
-1 28
+28 30 0 2 2 0 0 1
+8 6 0 0 2 0 0 1
-3 2
+2 2 0 2
+1 4
-3 2 0 2
+5 48
+2 16 16
-83 80 16 16 2 0 0 1
cfn=(238)
calls=16 -5 
* 704 225 128 5 13 0 3
+86 48 16
+18 8 2
+32 8 2 0 4 0 0 2
+7 2 2
+27 2 0 0 2 0 0 1
-47 8 0 2 2 0 0 1
cfi=(31) /usr/src/debug/glibc-2.38-14.fc39.x86_64/string/../sysdeps/x86_64/multiarch/memmove-vec-unaligned-erms.S
cfn=(88) memcpy
calls=2 -53 
* 38 10 8 3
* 2

fn=(26) _dl_sort_maps_init
289 2 0 1 1 0 0 1
+1 2
-1 2
+1 2 0 1
cfi=(11) /usr/src/debug/glibc-2.38-14.fc39.x86_64/elf/dl-tunables.c
cfn=(28) __tunable_get_val
calls=1 395 
* 22 4 1 2 1 0 2 1
+2 3 1
-1 1 0 1
+2 2 2

fl=(40) /usr/src/debug/glibc-2.38-14.fc39.x86_64/elf/../sysdeps/x86_64/dl-hwcaps-subdirs.c
fn=(116) _dl_hwcaps_subdirs_active
29 1 0 0 1 0 0 1
fi=(19) /usr/src/debug/glibc-2.38-14.fc39.x86_64/elf/../sysdeps/x86/get-isa-level.h
+2 1 1
fe=(40)
+7 1
fi=(19)
-8 4 0 0 1 0 0 1
fe=(40)
+22 1 1
fi=(19)
-20 3 1
+4 1
fe=(40)
+2 1
fi=(19)
-2 2
+3 4 1
+1 4 1 0 1 0 0 1
+5 1
fe=(40)
-7 1
fi=(19)
+7 3
fe=(40)
-2 1
fi=(19)
+5 2
+3 5 1
+2 4
+1 2 0 0 1 0 0 1
+1 2
+3 1
fe=(40)
-10 1
fi=(19)
+10 3
fe=(40)

fl=(76) /usr/src/debug/glibc-2.38-14.fc39.x86_64/elf/../sysdeps/x86/dl-cet.c
fn=(266) _dl_cet_check
252 1 0 0 1
+1 1
cfn=(268) dl_cet_check
calls=1 39 
* 30 9 6 3 0 0 3

fn=(268)
39 8 0 6 1 0 0 1
+3 1 1
+9 1 1
-10 1
+4 1
-4 1
+3 1
+4 2 0 0 1 0 0 1
+1 2
-1 2
+14 2
235 8 7 0 1 0 0 1

fl=(85) /usr/src/debug/glibc-2.38-14.fc39.x86_64/elf/./dl-find_object.h
fn=(430) _dl_find_object_from_map
95 16 8 8 1 4 2 1 0 2
+1 16 8 8
+1 8 0 8 0 0 3 0 0 3
+6 40 16 0 1 7 0 1
+1 229
+1 158 79 0 0 67 0 0 8
+2 24 16 8 0 3
+5 8 8

fl=(98) /usr/src/debug/glibc-2.38-14.fc39.x86_64/elf/../sysdeps/x86_64/dl-trampoline.h
fn=(1410) _dl_runtime_resolve_xsave
71 42 0 0 3 0 0 1
+5 42 0 42
+3 42
+2 42
+10 42 42 0 0 8
+6 42 0 42 0 0 9 0 0 1
+1 42 0 42
+1 42 0 42
+1 42 0 42
+1 42 0 42
+1 42 0 42
+1 42 0 42 2 0 0 1
+4 42
+1 42
+3 42 0 42 0 0 5 0 0 1
+1 42 0 42
+2 42 0 42
+1 42 0 42
+1 42 0 42
+1 42 0 42
+1 42 0 42 3 0 0 1
+1 42 0 42
+2 42 0 1428 0 0 62 0 0 11
+7 42 42
+1 42 42
+1 42 0 42 0 0 8 0 0 1
cfi=(99) /usr/src/debug/glibc-2.38-14.fc39.x86_64/elf/dl-runtime.c
cfn=(1412) _dl_fixup
calls=42 -84 
* 38519 10405 3528 198 859 104 12 87 15
+1 42
+5 42
+1 42
+1 42 1512
+2 42 42
+1 42 42
+1 42 42
+1 42 42 0 3 0 0 1
+1 42 42
+1 42 42
+1 42 42
+2 42
+2 42 42
+4 42
+2 42

fl=(50) /usr/src/debug/glibc-2.38-14.fc39.x86_64/string/../string/strcspn.c
fn=(156) strcspn
32 6 0 2 1 0 0 1
+1 3 1 0 0 1 0 0 1
+1 2 1
+5 6 0 4 0 0 1 0 0 1
+1 4 0 4 1 0 1 1 0 1
+1 4 0 4 0 0 1 0 0 1
+1 4 0 4 0 0 1 0 0 1
+2 1
+3 3 1 1 1 0 0 1
+1 2
-1 6 2 2
+1 4
+3 4 2
+1 4 2
+1 4 2 0 1 0 0 1
+1 4 2
+2 3
+6 1 1
-1 1
+1 1 1
+2 2 2
-1 2 2 0 1 0 0 1
+2 1 1
+2 6 1
-5 11 11 0 0 1 0 0 1
-1 11
+1 11 11
+2 22 22
-1 22 22
+2 11 11
+2 66 11
+2 1
+1 3
+1 2 2 0 1 0 0 1
-1 1
+1 1 1

fl=(41) /usr/src/debug/glibc-2.38-14.fc39.x86_64/elf/dl-hwcaps_split.c
fn=(122) _dl_hwcaps_split
25 75 0 45 0 0 1 0 0 1
+1 45 15 0 1 0 0 1
+4 36 12 12
+4 48 12 0 0 1 0 0 1
+1 12 0 6
-1 24 6
+2 24
+5 27 0 9
cfi=(43) /usr/src/debug/glibc-2.38-14.fc39.x86_64/string/../sysdeps/x86_64/multiarch/../multiarch/strchr-sse2.S
cfn=(126) index
calls=9 -9 
* 216 27 0 3 0 0 3
+4 18
-3 18
+1 6 0 6
+3 6
+1 42 42 0 1 0 0 1
-20 6
+20 18 18
-4 6 0 3
cfi=(24) /usr/src/debug/glibc-2.38-14.fc39.x86_64/string/../sysdeps/x86_64/multiarch/../multiarch/strlen-sse2.S
cfn=(68) strlen
calls=3 +14 
* 51 6
* 3
+3 3
-3 6 0 3

fn=(120) _dl_hwcaps_split_masked
51 66 0 22 1 0 0 1
+3 22 0 11 0 0 1 0 0 1
cfn=(122)
calls=11 -29 
* 494 100 60 5 1 1 5 1 1
* 6 0 3
cfn=(122)
calls=3 -29 
* 183 33 21
* 28
+2 9 9
+1 27 0 9
+1 42 18 6
cfn=(128) _dl_hwcaps_contains
calls=6 +8 
* 30 6 0 1 0 0 1
* 12
+4 33 33

fn=(128)
66 6 0 0 1 0 0 1
+1 12
+1 6
+9 6 6

fl=(53) /usr/src/debug/glibc-2.38-14.fc39.x86_64/elf/dl-misc.c
fn=(418) _dl_higher_prime_number
87 2 0 0 1 0 0 1
+38 2
-1 2
+3 2
+2 80
+1 30 10 0 0 2 0 0 1
+3 7
-6 24 0 0 1 0 0 1
+18 2 2
+1 2 2
-15 6

fn=(218) _dl_sysdep_read_whole_file
36 2 0 1 1 0 0 1
+3 1
-3 7 0 3 1 0 1 1 0 1
+3 1
-3 2 0 1
+3 1 0 1 0 0 1 0 0 1
cfi=(55) /usr/src/debug/glibc-2.38-14.fc39.x86_64/io/../sysdeps/unix/sysv/linux/open64_nocancel.c
cfn=(180) __open_nocancel
calls=1 -11 
* 20 2 2 0 0 1 0 0 1
+1 2
+23 8 6
-21 4 0 1 1 0 0 1
cfi=(58) /usr/src/debug/glibc-2.38-14.fc39.x86_64/io/../sysdeps/unix/sysv/linux/fstat64.c
cfn=(188) fstat
calls=1 -13 
* 15 1
* 2
+2 2 1 1 0 1 0 0 1
+3 2
+13 2 0 1
cfi=(64) /usr/src/debug/glibc-2.38-14.fc39.x86_64/io/../sysdeps/unix/sysv/linux/close_nocancel.c
cfn=(202) __GI___close_nocancel
calls=1 -35 
* 6 1
* 1
-11 6 0 1
cfi=(61) /usr/src/debug/glibc-2.38-14.fc39.x86_64/misc/../sysdeps/unix/sysv/linux/mmap64.c
cfn=(194) mmap
calls=1 -2 
* 26 4 3
* 2

fn=(170) _dl_name_match_p
68 1162 0 498 1 0 1 1 0 1
+1 332 166 166 0 0 1
cfi=(34) /usr/src/debug/glibc-2.38-14.fc39.x86_64/string/../sysdeps/x86_64/multiarch/../multiarch/strcmp-sse2.S
cfn=(100) strcmp
calls=166 +29 
* 5600 1102 0 12 6 0 12 2
* 332
+3 166 166 0 1 0 0 1
+2 332
+6 161 161
-6 322
+1 552 184 184
cfi=(34)
cfn=(100)
calls=184 +23 
* 6359 1258 0 8 0 0 8
* 368
+8 23 23
-13 23
+13 212 212
-1 143
+1 429 429

fl=(65) /usr/src/debug/glibc-2.38-14.fc39.x86_64/io/../sysdeps/unix/sysv/linux/access.c
fn=(208) access
25 1
+2 7 0 1
+4 1 1

fl=(31)
fn=(88)
210 36 0 0 3 0 0 1
+1 36
+6 36
+1 36
+2 28 28 0 0 2 0 0 2
+1 28
+1 28
+2 18 18
+1 18 0 18 0 0 6 0 0 6
+1 18 0 18
+2 18 18
+80 8 0 0 1 0 0 1
+1 8
+2 1
+4 1
+1 1
+1 1
+1 1 1 0 0 1 0 0 1
+1 1
+4 1 0 1 0 0 1 0 0 1
+2 1 1
+39 7 7
+1 7 7
+1 7 0 7 0 0 5 0 0 5
+1 7 0 7
+1 7 7
+7 8 8
+1 8 8
+1 8 0 8 0 0 3 0 0 3
+1 8 0 8
+1 8 0 8 0 0 2 0 0 2
+1 8 0 8
+1 8 8
+11 10 0 0 1
+1 10
+2 8 8
+1 8 0 0 2 0 0 1
+1 8
+20 2 0 0 1 0 0 1
+1 2
+4 2
+2 2
+16 2
+3 2
+2 2
+2 2
+4 2
+1 2
+9 1 1 0 0 1 0 0 1
+1 1 1 0 0 1 0 0 1
+2 1
+2 1
+1 1 1
+1 1 1 0 1 0 0 1
+3 1
+2 1
+2 1
+2 1
+6 1 1
+1 1 1
+1 1 1
+1 1 1 0 0 1 0 0 1
+1 1
+1 1 0 1 0 0 1 0 0 1
+1 1 0 1
+1 1 0 1
+1 1 0 1 0 0 1 0 0 1
+1 1
+1 1
+1 1
-11 2 2
+1 2 2
+1 2 2
+1 2 2 0 0 1 0 0 1
+1 2
+1 2 0 2
+1 2 0 2
+1 2 0 2
+1 2 0 2 0 0 2 0 0 2
+1 2
+1 2
+1 2
+2 1 0 1 1 0 1 1 0 1
+1 1 0 1
+1 1 0 1
+1 1 0 1
+2 1 0 1
+4 1 1
+13 1 1
+1 1 1 0 0 1 0 0 1
+2 1
+1 1 1
+1 1 1 0 0 1 0 0 1
+2 1
+2 1
+2 2
+6 1 1 0 1 0 0 1
+1 1 1
+1 1 1 0 0 1 0 0 1
+1 1 1
+1 1
+1 1 0 1 0 0 1 0 0 1
+1 1 0 1
+1 1 0 1 0 0 1 0 0 1
+1 1 0 1
+1 1
+1 1
+1 1
-11 2 2
+1 2 2
+1 2 2 0 0 1 0 0 1
+1 2 2
+1 2
+1 2 0 2
+1 2 0 2
+1 2 0 2 0 0 2 0 0 2
+1 2 0 2
+1 2
+1 2
+1 2
+2 1 0 1
+1 1 0 1
+1 1 0 1
+1 1 0 1
+2 1 0 1
+1 1 1 0 1

fn=(138) mempcpy
197 44 0 0 1
+1 44
+1 44
+1 44
+17 44
+1 44
+2 18 18 0 0 2
+1 18
+1 18
+2 17 17
+1 17 0 17 0 0 14 0 0 14
+1 17 0 17
+2 17 17
+80 26 0 0 2
+1 26
+2 24
+4 24
+1 24
+1 24
+8 24 24
+39 2 2 0 1 0 0 1
+1 2 2
+1 2 0 2
+1 2 0 2
+1 2 2
+7 1 1
+1 1 1
+1 1 0 1
+1 1 0 1
+1 1 0 1 0 0 1 0 0 1
+1 1 0 1
+1 1 1
+11 1
+1 1
+2 1 1
+1 1
+1 1

fl=(59) /usr/src/debug/glibc-2.38-14.fc39.x86_64/io/../sysdeps/unix/sysv/linux/fstatat64.c
fn=(190) fstatat
154 14
-55 14
+70 21
+1 7 7

fl=(55)
fn=(180)
28 14 0 7 1 0 0 1
+3 7
-3 14 0 7 0 0 1 0 0 1
+3 42
+8 49
+2 14 14

fl=(26) /usr/src/debug/glibc-2.38-14.fc39.x86_64/elf/../sysdeps/nptl/dl-tls_init_tp.c
fn=(74) __tls_pre_init_tp
53 3 0 0 1 0 0 1
+3 8 0 2 1 0 2 1 0 2
+5 1
-5 1
+5 1 0 1
+1 1 0 1
-6 1 0 1
+8 1 1

fn=(94) rtld_mutex_dummy
42 180
+2 360 180

fn=(262) __tls_init_tp
68 2 0 1 1 0 0 1
fi=(104) /usr/src/debug/glibc-2.38-14.fc39.x86_64/elf/../include/list.h
-24 1
fe=(26)
+24 3 0 1
fi=(104)
-25 1 1
fe=(26)
+26 1 1
+3 1
fi=(104)
-29 1 0 1
+1 1 0 1
+1 1 0 1
+2 1 0 1 1 0 0 1
fe=(26)
+28 4 0 1
+1 2 0 1
+1 1 0 1
+5 2 1 1 0 1
+5 1 0 0 1 0 0 1
+6 1
-3 1 0 1
+3 1
-6 3 0 1
+6 1
+12 4 0 1
cfi=(11)
cfn=(28)
calls=1 395 
* 22 4 1 0 1 0 0 1
fi=(75) /usr/src/debug/glibc-2.38-14.fc39.x86_64/elf/../sysdeps/unix/sysv/linux/rseq-internal.h
-73 3 1 0 1 0 0 1
+8 1 0 1
fe=(26)
+81 3 2 1 0 1 1 0 0 1
+7 2 1 1
+1 3 3
fi=(75)
-95 7 0 0 1 0 0 1
+3 2
fe=(26)

fl=(2) /usr/src/debug/glibc-2.38-14.fc39.x86_64/elf/rtld.c
fn=(2) _dl_start
518 16 0 8 2 0 1 2 0 1
85 1
548 1 0 1 0 0 1 0 0 1
85 1
544 1 0 1 0 0 1 0 0 1
85 1
547 1
85 1 0 1 0 0 1 0 0 1
fi=(3) /usr/src/debug/glibc-2.38-14.fc39.x86_64/elf/./get-dynamic-info.h
-40 1 1 0 0 1 0 0 1
fe=(2)
547 1 0 1 1 0 1 1 0 1
fi=(3)
45 2
+23 1
-14 1
+5 1
-1 1
-3 14
+13 4 0 4 0 0 3 0 0 3
-23 16 4 0 0 1 0 0 1
+23 14 0 14 0 0 4 0 0 4
-23 56 14 0 0 3 0 0 3
+4 36 0 0 1 0 0 1
+5 20
+2 5
+3 4 0 0 1 0 0 1
fi=(4) /usr/src/debug/glibc-2.38-14.fc39.x86_64/elf/../sysdeps/generic/ldsodefs.h
+20 1 1
fi=(3)
+31 1 1 0 0 1 0 0 1
-38 3
+12 4 1 1 1 0 0 1
+1 3 1
+1 4 1 1
+1 4 1 1
+1 5 1 1 1 0 0 1
+1 3 1
+1 4 1 1
+1 4 1 1
+12 7 2 0 1 0 0 1
+7 2
+13 3 2
+6 3 1 0 1 0 0 1
+1 3 2
+3 2 1
+1 3 1
+5 5 2 0 1 0 0 1
+3 5 2
fe=(2)
564 90 7 10 2 1 3 2 1 3
fi=(4)
79 1
fe=(2)
564 3 1 1 0 0 1 0 0 1
fi=(4)
79 2
fe=(2)
564 25 4 4 4 0 0 4
fi=(6) /usr/src/debug/glibc-2.38-14.fc39.x86_64/elf/../sysdeps/x86_64/dl-machine.h
273 3 0 1
fi=(5) /usr/src/debug/glibc-2.38-14.fc39.x86_64/elf/do-rel.h
49 1 1
fe=(2)
564 1 1
fi=(5)
50 1 1
-1 2
+4 1 1
-3 1
+3 4 1
+3 2 0 0 1 0 0 1
-7 1 1
fe=(2)
564 1 1
fi=(5)
50 1 1
-1 2
+4 1 1
-3 1
+3 4 1
+3 2
+7 3 3 0 0 1 0 0 1
+2 3 3
-2 6
fi=(6)
264 3 0 0 1 0 0 1
fi=(5)
64 6
fi=(6)
264 6
+9 24 9 0 0 3 0 0 3
+3 6 3
+1 6
+26 9
+4 2 0 2 0 0 1 0 0 1
fi=(5)
61 13 0 0 1 0 0 1
fe=(2)
564 6
fi=(5)
51 1 1
fi=(4)
+28 2 1
fi=(3)
-17 4 0 0 1 0 0 1
+2 4
fe=(2)
566 1 0 1
+13 1 0 1 0 0 1 0 0 1
cfi=(7)
cfn=(12)
calls=1 42 
* 10 1 4 2 0 2 2 0 2
458 2 0 1 1 0 0 1
85 1
476 2
85 3 0 1
476 1 0 1
cfi=(8) /usr/src/debug/glibc-2.38-14.fc39.x86_64/elf/dl-setup_hash.c
cfn=(14) _dl_setup_hash
calls=1 25 
* 27 8 6 3 1 1 3 1 1
+2 1 1
+17 1 1
-15 1
+15 1
-18 1 0 1 1 0 0 1
+3 1 0 1 0 0 1 0 0 1
+9 1 0 1
-11 1 0 1
+17 1 0 1
cfi=(9) /usr/src/debug/glibc-2.38-14.fc39.x86_64/elf/../sysdeps/unix/sysv/linux/dl-sysdep.c
cfn=(16) _dl_sysdep_start
calls=1 102 
* 2939987 766621 264394 1014 20340 2429 1000 9164 1622
* 1 0 0 1
+2 2 1
+89 9 7 0 1 1 0 1
fi=(3)
103 3 0 1 1 0 0 1
fe=(2)

fn=(154) handle_preload_list
870 11 0 7 1 0 1 1 0 1
+5 1 1
-5 2 0 2 1 0 1 1 0 1
+5 2
-4 2
+10 2
+7 1
183 1 1
890 2 1
183 2
892 2 1
+1 4 2 1
cfn=(158) do_preload
calls=1 -88 
* 2773 631 344 113 34 36 113 34 36
* 1
-18 2 1
+3 3 0 1 1 0 0 1
cfi=(50)
cfn=(156)
calls=1 32 
* 240 112 21 6 2 4 6 2 4
* 1
+1 3 0 0 1 0 0 1
+2 4 0 1
cfi=(31)
cfn=(88)
calls=1 210 
* 19 5 4 1 0 0 1
+1 2 0 1
+14 9 7

fn=(242) version_check_doit
675 2 0 1 1 0 0 1
+2 1
-2 4 0 1
+2 3 2 1
cfi=(73) /usr/src/debug/glibc-2.38-14.fc39.x86_64/elf/dl-version.c
cfn=(244) _dl_check_all_versions
calls=1 392 
* 29649 8805 1881 64 165 98 64 144 87
* 2
+4 3 3 0 1 0 0 1

fn=(166) map_doit
642 2 0 1 1 0 0 1
+2 1
-2 4 0 1
+2 1 1
+1 2 2
-1 2
+1 3 0 1
cfi=(32) /usr/src/debug/glibc-2.38-14.fc39.x86_64/elf/dl-load.c
cfn=(168) _dl_map_object
calls=1 1945 
* 2630 593 300 100 34 32 100 34 32
* 1 0 1
+2 3 3

fn=(72) dl_main
1352 2 0 1 1 0 0 1
197 1
303 1
1352 4 0 3
2566 1
1352 5 0 3
303 1 0 1
1352 2 0 2 0 0 1 0 0 1
199 1 0 1 1 0 0 1
302 1 0 1
197 1 0 1
+99 3 0 3
1363 1 0 1 0 0 1 0 0 1
cfi=(26)
cfn=(74)
calls=1 53 
* 17 1 5 2 0 2 2 0 2
2545 2 1 1 0 0 1 0 0 1
+6 5 1 0 1 0 0 1
-4 1
+4 1 0 1
+2 5 1 2
cfi=(27) /usr/src/debug/glibc-2.38-14.fc39.x86_64/elf/dl-environ.c
cfn=(76) _dl_next_ld_env_entry
calls=1 28 
* 385 130 1 2 0 0 2
* 2 1 1
cfi=(27)
cfn=(76)
calls=1 28 
* 6 3
* 6 0 0 1 0 0 1
+4 3 1
-2 1
+2 3
+1 1
-1 3 1
+1 6
-1 32 6
+9 6 1 0 0 1 0 0 1
2675 4 1 1 1 0 0 1
+19 2 1
1379 1 1
+1 2 1 0 1 0 0 1
-1 2 1 1
+1 2 1
2587 2 1 0 1 0 0 1
+7 2 1
1643 8 0 1 1 0 0 1
cfi=(28) /usr/src/debug/glibc-2.38-14.fc39.x86_64/elf/dl-object.c
cfn=(78) _dl_new_object
calls=1 59 
* 292 30 54 21 4 12 21 4 12
* 1 0 1
+2 2
+1 1 1
+1 1 1 0 1 0 0 1
+5 1
-5 1 0 1
+1 1 1
-2 2 0 1
+2 2 1 1
+4 1 0 1
cfi=(28)
cfn=(92) _dl_add_to_namespace_list
calls=1 31 
* 42 10 9 2 0 0 2
+1 2 1
1357 1 0 1
1117 1 1 0 1 0 0 1
-1 1 1
+29 1
-23 1 1
+2 1 1 0 0 1 0 0 1
+21 2
-19 1 0 1
+1 1 0 1
-5 1 0 1 1 0 0 1
+2 1 0 1 0 0 1 0 0 1
+21 2
+57 1 1
-83 1 0 1
+23 1
+4 1
+19 1
+37 2
-57 1
+57 2 0 0 1 0 0 1
-56 116 22 0 0 7 0 0 7
1251 3 2 1 0 1 0 0 1
1145 18 0 0 1 0 0 1
1257 3 1
+1 22
+6 4 0 1
cfi=(32)
cfn=(96) _dl_process_pt_gnu_property
calls=1 868 
* 20 8 0 2 1 0 2 1
-7 26
+1 13 13 0 1 0 0 1
+6 13
-6 26
fi=(33) /usr/src/debug/glibc-2.38-14.fc39.x86_64/elf/../sysdeps/x86/dl-prop.h
212 4 4
+1 2 2
95 8 4
+10 2
212 1
105 2 0 0 1 0 0 1
-3 1
+3 1
-2 1
+2 2
-4 1 0 1
-1 2 0 1
+93 4
-1 1
-87 3
+3 3 1 0 1 0 0 1
+1 2 1
+1 2 1
+4 3 1
+4 3 0 1 1 0 0 1
+3 3 1
+1 2
+4 1
+1 5 0 3
+4 2 1 0 1 0 0 1
+1 1 1
+3 2 0 0 1 0 0 1
+3 1
+1 4
+5 4
+7 2
+16 1 1
-3 2 0 0 1 0 0 1
+6 3 2
-28 2
fe=(2)
1150 1 0 0 1 0 0 1
-5 1
+5 2 1 1
-5 2
+30 1 1 0 1 0 0 1
-9 2 2 0 0 1 0 0 1
+2 1 0 1
-3 1 0 1
+10 2
+18 2 0 1
-38 2 2
-10 1
+10 1 0 1
+1 9 2 1
-11 2
+57 4 4 0 1 1 0 1 1
-1 4 4
+1 8
-1 4
+2 8 4 0 1 0 0 1
+1 1 0 1
+2 12 4
+1 14
+4 8 4 0 0 3 0 0 3
+1 8 4 0 1 0 0 1
+1 4 0 4
+1 10 5
+1 1 0 1
+4 1
-74 1
+74 2
-74 2
+74 3
-74 3
+74 6
-74 6
1247 1 1 0 1 0 0 1
1145 1
1247 1 0 1 0 0 1 0 0 1
1145 3 0 0 1 0 0 1
1270 4 2 0 0 1 0 0 1
+3 3 2
+2 3 2 0 1 0 0 1
+2 2 1
1678 3 1
+2 1 0 0 1 0 0 1
-1 1 1
+1 2 2
+1 2 2
-2 1 1
+2 1 1
-2 2 0 1
cfi=(34)
cfn=(100)
calls=1 98 
* 25 7 0 3 1 0 3 1
* 2
+7 1 0 1 1 0 1 1 0 1
+3 1 1
-5 1 0 1
+3 1 0 1
+2 1
+1 2 0 1
+4 2 1
+2 2 1 0 1 0 0 1
fi=(3)
39 4 2
+4 1
+2 3 1 0 0 1 0 0 1
+9 1
+5 1
-1 1
-3 11
+13 3 0 3 0 0 2 0 0 2
-23 12 3
+23 24 0 24 0 0 5 0 0 5
-23 96 24 0 0 6 0 0 6
+4 54 0 0 1 0 0 1
+5 16
+2 5
+16 4 2 0 1 0 0 1
+38 4 2
+5 2 1
+7 3 2 0 1 0 0 1
+1 4 3
+6 3 1
+18 4 2 0 1 0 0 1
+15 4 2 0 1 1 0 1 1
+22 3 2 0 1 0 0 1
fe=(2)
1704 4 2 0 1 0 0 1
+7 2 1 1 1 0 0 1
cfi=(8)
cfn=(14)
calls=1 25 
* 27 8 6 0 1 0 0 1
+3 2 1
fi=(35) /usr/src/debug/glibc-2.38-14.fc39.x86_64/elf/./setup-vdso.h
24 2 1
fi=(38) /usr/src/debug/glibc-2.38-14.fc39.x86_64/elf/./dl-main.h
+88 2 2 0 1 0 0 1
fi=(37) /usr/src/debug/glibc-2.38-14.fc39.x86_64/elf/../sysdeps/unix/sysv/linux/dl-vdso-setup.h
-67 1 0 1
fi=(38)
+67 3 2 1
cfi=(32)
cfn=(112) _dl_init_paths
calls=1 706 
* 1606 336 305 45 1 10 45 1 10
fe=(2)
1739 3 1 1 1 0 0 1
cfi=(46) /usr/src/debug/glibc-2.38-14.fc39.x86_64/elf/dl-debug.c
cfn=(144) _dl_debug_initialize
calls=1 56 
* 34 7 5 5 1 0 5 1
+7 1 1
-5 1 0 1
-2 1
+7 1
+4 1 1
+1 1 1
+2 1 0 1
-3 3 0 1
+1 2 1 1 1 0 0 1
+3 1 0 1
+11 1 1 0 0 1 0 0 1
-13 1 0 1
+13 1
+1 2 1
+5 1 1
-3 2 1 0 1 0 0 1
+2 1 0 1
+1 2 0 1
+5 3
+1 5 1 0 0 1 0 0 1
-1 2 0 0 1 0 0 1
224 1 1
+1 1 1
-1 1 1
+1 3 2
-1 2 2 0 1 0 0 1
+2 2
1794 2 1 0 1 0 0 1
+5 1 1
-1 1
+1 1
+24 1 0 1
cfi=(47) /usr/src/debug/glibc-2.38-14.fc39.x86_64/elf/../elf/dl-tls.c
cfn=(146) _dl_count_modids
calls=1 191 
* 6 3 0 1 0 0 1
* 1 0 1
fi=(48) /usr/src/debug/glibc-2.38-14.fc39.x86_64/elf/../sysdeps/generic/dl-debug.h
29 4 2 0 1 0 0 1
+1 1 0 1
fe=(2)
1829 1 0 1
+1 1 0 1
cfi=(46)
cfn=(150) _dl_debug_state
calls=1 116 
* 2 1 0 1 0 0 1
+1 1
+4 3 1 1
cfi=(49) /usr/src/debug/glibc-2.38-14.fc39.x86_64/elf/dl-audit.c
cfn=(152) _dl_audit_activity_map
calls=1 29 
* 22 9 7 3 0 0 3
+5 3 2 0 1 0 0 1
+2 1
+2 2 1
+9 2 1
+16 4 0 1
cfi=(65)
cfn=(208)
calls=1 25 
* 9 1 1
* 2
+76 4 2 0 1 0 0 1
+16 3 1
85 1
1971 1
85 2
1971 1
85 1
1971 5 2
85 1 0 1 1 0 0 1
1971 2 0 1
cfi=(66) /usr/src/debug/glibc-2.38-14.fc39.x86_64/elf/dl-deps.c
cfn=(210) _dl_map_object_deps
calls=1 143 
* 37939 7786 3725 139 250 237 138 232 236
92 1
+9 1 1 0 0 1
1977 1 1
92 2
+9 2 0 1
1977 2
+1 6 2 1 1 0 0 1
-1 4
+1 14 7 7
-1 28
+4 3 2 1
+1 2
+1 1 0 1
+2 30 1 0 1 1 0 1
+1 14 7
+46 1 1 0 0 1
-42 2
+8 3 1 1 1 0 0 1
+1 2
+2 1
+2 3
+2 1 1
-4 1 0 1
+5 1 1
-1 2
+14 2 0 0 1 0 0 1
+1 2 1 1
+1 3 1
-25 1 0 1
+36 2
+2 2 1 0 1 0 0 1
-2 2 0 1 0 0 1
+1 2
+1 1
-1 2 0 1
+1 1 0 1
cfi=(51) /usr/src/debug/glibc-2.38-14.fc39.x86_64/elf/dl-catch.c
cfn=(240) _dl_receive_error
calls=1 186 
* 29686 8818 1892 68 165 98 68 144 87
+11 1 1
-1 1 1 0 1 0 0 1
+1 1
+3 2
838 1 1
fi=(105) /usr/src/debug/glibc-2.38-14.fc39.x86_64/elf/../sysdeps/unix/sysv/linux/dl-osinfo.h
39 2 1 0 0 1
fe=(2)
840 1 0 1
fi=(105)
52 1 1
fe=(2)
849 1 0 1
+7 1 0 1
-5 1 0 1 0 0 1
2053 3 1 0 1 1 0 1
2252 2 1
+4 1 1
-4 1 0 1
+10 1 1
-6 1 0 1
+6 1 0 1 0 0 1
-6 1 0 1 1 0 0 1
+9 2 1
+8 2 2
fi=(33)
36 2 2
+1 3
+3 3 3 0 1 0 0 1
+13 10 1 0 0 1
-13 7 7
+9 14 7
-9 1 1
+9 32 8
+4 28 7
-16 24 0 0 1 0 0 1
+34 1 1
fe=(2)
2285 1
fi=(33)
71 1 0 1
cfi=(76)
cfn=(266)
calls=1 252 
* 32 9 6 4 0 0 3
fe=(2)
2287 1 1
-2 2 1
+2 2
+1 7 2 1 1 2 0 1
cfi=(77) /usr/src/debug/glibc-2.38-14.fc39.x86_64/elf/dl-reloc.c
cfn=(270) _dl_relocate_object
calls=1 207 
* 84598 21744 8756 184 621 229 184 558 224
+5 1 0 1
85 2
2298 1 1 0 0 1
85 2
2298 1 1
+1 25 2 2 1 1 0 1
+2 16 16 0 0 8
+5 16 16 0 0 7
+2 16 0 0 1 0 0 1
+6 8 0 8
+2 16
+1 56 14 7 0 6
cfi=(77)
cfn=(270)
calls=7 207 
* 2728837 716533 247155 99 18862 1698 95 8023 917
+4 22 11 0 1 3 0 1
+1 6
-23 3
+23 3 0 3
cfi=(47)
cfn=(378) _dl_add_to_slotinfo
calls=3 1009 
* 84 30 21 2 9 1 2
-23 8 2 0 0 1
92 3
+1 1
2331 1 1
93 1 0 1 1 0 0 1
2331 1
+4 4 1
+2 1 0 1
+7 3 1 1 0 1
cfi=(47)
cfn=(426) _dl_allocate_tls_init
calls=1 522 
* 323 71 52 10 12 6 7 0 6
+3 2 1 0 1 0 0 1
+4 3 2 0 0 1
+2 2 1
+33 3 1 1
cfi=(90) /usr/src/debug/glibc-2.38-14.fc39.x86_64/elf/dl-call-libc-early-init.c
cfn=(452) _dl_call_libc_early_init
calls=1 27 
* 616 136 61 18 34 5 17 11 5
+7 1 0 1
cfi=(9)
cfn=(466) _dl_sysdep_start_cleanup
calls=1 147 
* 2 1 0 1 0 0 1
+3 3 0 1
cfi=(49)
cfn=(468) _dl_audit_activity_nsid
calls=1 41 
* 9 3 0 1 0 0 1
+4 2 0 1
cfi=(46)
cfn=(204) _dl_debug_update
calls=1 38 
* 7 2 0 2 1
+1 1 0 1
-1 1
+2 1 0 1
cfi=(46)
cfn=(150)
calls=1 116 
* 2 1
+1 1
+4 1 0 1
cfi=(67) /usr/src/debug/glibc-2.38-14.fc39.x86_64/elf/dl-cache.c
cfn=(470) _dl_unload_cache
calls=1 525 
* 19 5 4 2 1 0 2
+5 8 7 0 0 1
2310 1 0 1 1 0 1 1
+1 1 1
-3 2 0 0 1 0 0 1
226 3
1779 1 1 0 1 1 0 1 1
+6 1 1 0 0 1 0 0 1
-6 2 1 1 0 0 1 0 0 1
+6 1
fi=(33)
198 9 2 0 2 0 0 2
+2 1 1
+1 1 0 1
+1 1 0 1
-2 1
+3 1 0 1
-3 2 0 1
+3 1
fi=(3)
59 4 0 0 1 0 0 1
+3 4 0 0 1 0 0 1
+2 4
fi=(36) /usr/src/debug/glibc-2.38-14.fc39.x86_64/elf/../sysdeps/unix/sysv/linux/dl-vdso.h
-24 2 1
+1 5 0 2
fi=(37)
-11 1 0 1 1 0 0 1
+3 1 0 1
+3 1 0 1
+3 1 0 1
fi=(36)
+16 2
fe=(2)
1749 4 2 1 1 0 0 1
2363 1 0 1 1 0 0 1
cfi=(84) /usr/src/debug/glibc-2.38-14.fc39.x86_64/elf/dl-find_object.c
cfn=(428) _dl_find_object_init
calls=1 561 
* 1201 285 86 15 86 5 15 8 5
+5 3 1 1
cfi=(7)
cfn=(436)
calls=1 76 
* 3165 944 380 7 29 0 7 2
+3 1 0 1 1 0 0 1
cfi=(88) /usr/src/debug/glibc-2.38-14.fc39.x86_64/elf/../sysdeps/nptl/dl-mutex.c
cfn=(444) __rtld_mutex_init
calls=1 30 
* 487 124 46 10 11 0 10 2
85 1
2377 1 0 1
+1 3 2
85 3
2378 2 0 1
cfi=(77)
cfn=(270)
calls=1 207 
* 1996 599 229 2 26 2 1 1
92 3
+9 3 0 1 1 0 1 1
2046 2 0 1 1 0 0 1
cfn=(250) init_tls
calls=1 735 
* 917 129 393 24 15 42 24 4 41
* 2 0 1
2594 2 1 0 1 0 0 1
+2 2 0 1
+1 1 0 0 1 0 0 1
1949 10 0 0 2 0 0 2
85 1 0 0 1 0 0 1
1848 2 2 0 1 0 0 1
85 3
1848 2 0 1
cfn=(154)
calls=1 870 
* 3089 762 382 124 36 42 124 36 42
* 1
92 3
+9 3 0 1
1949 6 0 1 2 0 0 2
+1 1
-1 1
+4 3 0 1
+1 1 1
+1 2
+1 2
-7 2

fn=(158)
805 1 0 1 1 0 0 1
+12 1
-12 3 0 2
+12 1
-12 1
+12 1
-12 3 0 1 1 0 0 1
+6 1 0 1
+6 1
-2 1 1
-3 1 0 1
+5 1
-10 1 0 1
+6 1 0 1
+4 1 0 1
cfi=(51)
cfn=(160) _dl_catch_error
calls=1 254 
* 2742 623 335 110 34 36 110 34 36
+1 3 1
+8 3 1 0 1 0 0 1
+6 6 5

fn=(250)
735 1 0 1
+6 1 1 0 0 1
-6 3 0 2
+2 2 1 1
+4 2 0 0 1 0 0 1
+11 1
fi=(30) /usr/src/debug/glibc-2.38-14.fc39.x86_64/elf/../include/rtld-malloc.h
44 1
fe=(2)
747 1
+4 1
fi=(30)
44 1 1 1
cfi=(29) /usr/src/debug/glibc-2.38-14.fc39.x86_64/elf/dl-minimal-malloc.c
cfn=(80) __minimal_calloc
calls=1 +34 
* 37 7 6
fe=(2)
762 1 1 0 0 1 0 0 1
-12 1 0 1
+6 1
-9 1 0 1 0 0 1 0 0 1
+11 1 0 1
+4 1 0 0 1 0 0 1
+2 3 1
-1 2
+3 16 8 0 0 6
+4 3
+2 3
-2 6 0 3
-5 3 3
-1 6
+1 5 5
-1 10
+10 3 1 0 1 0 0 1
+3 2 0 1
cfi=(47)
cfn=(252) _dl_tls_static_surplus_init
calls=1 97 
* 82 15 10 3 3 1 3 1
+3 1 0 1
cfi=(47)
cfn=(254) _dl_determine_tlsoffset
calls=1 215 
* 152 32 14 6 1 0 6 1
+7 1 0 1
cfi=(47)
cfn=(256) _dl_allocate_tls_storage
calls=1 416 
* 465 34 327 6 0 39 6 0 39
* 1
+1 2
+6 1 1
fi=(74) /usr/src/debug/glibc-2.38-14.fc39.x86_64/elf/../sysdeps/generic/dl-call_tls_init_tp.h
31 2
fe=(2)
794 1 0 1
fi=(74)
31 6 0 2 1 0 0 1
+2 1 0 1
cfi=(26)
cfn=(262)
calls=1 +35 
* 77 14 17 5 3 1 5 1 1
fe=(2)
801 1
-3 1 0 1
+3 4 4

fl=(71) /usr/src/debug/glibc-2.38-14.fc39.x86_64/malloc/scratch_buffer_set_array_size.c
fn=(232) __libc_scratch_buffer_set_array_size
30 78 0 24 1 0 0 1
+4 6
+1 12
+10 12 6
+18 6 0 0 1 0 0 1
-17 6
+17 30 30

fl=(64)
fn=(202)
25 7 0 0 1 0 0 1
+1 28
+1 7 7

fl=(16) /usr/src/debug/glibc-2.38-14.fc39.x86_64/elf/../sysdeps/x86/cpu-features.c
fn=(36) init_cpu_features.constprop.0
635 1 0 1 1 0 0 1
+17 1
-17 7 0 5
+3 1 0 1
+1 1 0 1 1 0 0 1
+1 1 0 1
+3 1 0 1 0 0 1 0 0 1
+9 2 0 1
+3 6 0 0 1 0 0 1
954 3 1 0 1 0 0 1
+1 2 0 1
+3 2
+1 2 0 1
+6 1 0 1
+1 1 0 1 1 0 0 1
+1 1 0 1
+1 1 0 1
fi=(20) /usr/src/debug/glibc-2.38-14.fc39.x86_64/elf/../sysdeps/x86/dl-cacheinfo.h
797 1 0 1
+1 1 0 1
+2 1 0 1
+14 2
+86 1 1 0 1 0 0 1
+1 1 1
+14 1
-5 1 0 1
+5 1
-16 1 0 1 1 0 1 1 0 1
+1 1 0 1
+2 1 1
+13 1
-14 1 0 1 0 0 1 0 0 1
+2 1 1
-1 1 0 1
+2 1 1
-1 1 0 1
+5 1 1
-4 1 0 1 1 0 0 1
+1 1 0 1
+1 1 0 1
+1 1 0 1
+1 1 0 1
+1 1 0 1
+35 2
-15 3 1
+8 2 0 0 1 0 0 1
+27 6
+9 2
+20 2 1 0 1 0 0 1
+7 2
-7 1
+7 2 0 1
cfi=(11)
cfn=(28)
calls=1 395 
* 21 4 1
* 1 1
+5 2
-3 2 1
+3 2 0 1 1 0 0 1
cfi=(11)
cfn=(28)
calls=1 395 
* 21 4 1
* 1 1
+2 2
+3 4 0 1
cfi=(11)
cfn=(28)
calls=1 395 
* 21 4 1
* 1 1
+1 5 0 0 1 0 0 1
+16 2
-12 3 0 1
+10 1
-10 3 0 2
cfi=(11)
cfn=(28)
calls=1 395 
* 21 4 1 0 1 0 0 1
* 1 1
+7 2
-5 2
+5 2 0 1 1 0 0 1
cfi=(11)
cfn=(28)
calls=1 395 
* 21 4 1
* 1 1
+3 5 1 1
-3 1 0 1
+3 3 0 3
cfi=(11)
cfn=(58) __GI___tunable_set_val
calls=1 151 
* 44 7 4 4 0 0 4
+1 9 2 4 1 0 0 1
cfi=(11)
cfn=(58)
calls=1 151 
* 44 7 4
+1 10 2 4 1 0 0 1
cfi=(11)
cfn=(58)
calls=1 151 
* 44 7 4
+3 10 1 4 1 0 0 1
cfi=(11)
cfn=(58)
calls=1 151 
* 44 7 4
+2 9 1 4
cfi=(11)
cfn=(58)
calls=1 151 
* 44 7 4
+9 2 2 0 1 0 0 1
+9 1
-9 1 1
+10 1 1
fe=(16)
-79 1
fi=(20)
+78 1 0 1
-9 1
fe=(16)
-69 2
fi=(20)
+77 1 0 1
-2 1 0 1 1 0 0 1
-6 1
+7 1 1
+3 1 0 1
+1 1 0 1
-4 1 0 1
fe=(16)
-76 1 0 1
cfi=(11)
cfn=(28)
calls=1 395 
* 19 4 1
+3 4 0 1
cfi=(11)
cfn=(28)
calls=1 395 
* 22 4 1 0 1 0 0 1
+6 3 1 0 1 0 0 1
+54 1 1 0 1 0 0 1
-1 1 0 1
+1 1
+45 4 0 1 1 0 0 1
cfi=(11)
cfn=(28)
calls=1 395 
* 19 4 1
+2 4 0 1
cfi=(11)
cfn=(28)
calls=1 395 
* 19 4 1 0 1 0 0 1
fi=(23) /usr/src/debug/glibc-2.38-14.fc39.x86_64/elf/../sysdeps/unix/sysv/linux/x86/cpu-features.c
27 6
fe=(16)
1091 2 0 1 1 0 0 1
+45 8 7
fi=(20)
979 10 0 0 1 0 0 1
fe=(16)
+16 1 1 0 1 0 0 1
-1 2
+1 3
+44 3 1
+27 2 0 1
-10 2 0 0 1 0 0 1
+1 3 1
+2 3 0 0 1 0 0 1
+1 2 1
+2 1
+1 1
-1 3
fi=(20)
816 2 0 1 1 0 0 1
cfn=(50) handle_intel.constprop.0
calls=1 255 
* 461 49 21 15 6 0 15 6
+1 1
-1 1 0 1
+1 1 0 1 1 0 0 1
cfn=(50)
calls=1 255 
* 505 49 21
+1 1
-1 1 0 1
+1 1 0 1
cfn=(50)
calls=1 255 
* 532 49 21
+4 1
-4 2 0 1
+1 1 0 1
+3 1 0 1
cfn=(50)
calls=1 255 
* 480 49 21
+2 1
-2 1 0 1
+2 1 0 1
cfn=(50)
calls=1 255 
* 472 49 21
+1 1 1 0 1 0 0 1
+2 1
-3 1 0 1
+1 1 0 1
+2 1 0 1
cfn=(50)
calls=1 255 
* 452 49 21
+2 1
-2 1 0 1
+2 1 0 1
cfn=(50)
calls=1 255 
* 453 49 21
+3 1
-3 1 0 1
+1 2 1 1 1 0 0 1
+2 1 0 1
cfn=(50)
calls=1 255 
* 496 49 21
+2 1
-2 1 0 1
+2 1 0 1
cfn=(50)
calls=1 255 
* 497 49 21
+3 1
-2 1 0 1
-1 1 0 1
+3 1 0 1
cfn=(50)
calls=1 255 
* 523 49 21
+2 1
-2 1 0 1
+2 1 0 1 1 0 0 1
cfn=(50)
calls=1 255 
* 524 49 21
+2 1
-2 1
+2 1 0 1
cfn=(50)
calls=1 255 
* 840 85 31 0 2 0 0 2
+2 4 1
-2 1 0 1
+2 1 0 1
cfn=(56) get_common_cache_info.constprop.0
calls=1 576 
* 232 25 21 14 0 0 14
+93 1 1
-6 3 3 0 1 0 0 1
+6 1
-6 2 1 1
+6 2
-6 2 1 1
+6 2 1
-1 2
fe=(16)
661 6 0 1 1 0 0 1
cfn=(38) get_common_indices.constprop.0
calls=1 351 
* 74 10 23 6 0 3 6 0 3
329 3 0 0 1 0 0 1
+1 2
+1 6 0 4
+5 2
666 1 0 1
cfn=(42) update_active.constprop.0
calls=1 50 
* 205 41 35 20 1 1 20 1 1
+2 1 1
+2 1 1
968 1 1 0 1 0 0 1
668 2
831 2 1
+7 2 1
+2 2 0 1 1 0 0 1
+4 2
+6 2 1
+2 1
659 2 0 1
-3 1
337 6 0 4 1 0 1 1 0 1
+5 2
+1 7 0 4 1 0 0 1
670 1 1 0 1 0 0 1
fi=(20)
992 1 1
-48 1 1
fe=(16)
670 1
fi=(20)
992 2 0 1
fe=(16)
670 6 1 1 0 1 0 0 1
+4 7 1 0 1 1 0 1 1
+78 1 0 1 1 0 0 1
-25 3 2
+92 2 0 0 1 0 0 1
+3 2 0 1
fi=(20)
+90 1 1
fe=(16)
-89 1
-89 2 0 1 1 0 0 1
+51 2

fn=(38)
351 3 0 2 1 0 0 1
+4 4
+3 3 0 1 0 0 1 0 0 1
+5 2
-5 1 0 1
+5 1
-5 1 0 1
+4 1 0 1
+1 1 0 1
+1 4 0 1 1 0 0 1
+1 4 0 1
+1 3 0 1
+1 2 1
+7 2 1
+2 5
+5 1 0 0 1 0 0 1
-5 1 0 1
+5 1
-5 1 0 1
+5 1
-5 2 0 2
+5 1
+7 1 1
-7 4 0 4 1 0 1 1 0 1
+7 1
+1 3
+6 1 1
-6 4 0 4 0 0 1 0 0 1
+6 1
fi=(17) /usr/src/debug/glibc-2.38-14.fc39.x86_64/elf/../sysdeps/unix/sysv/linux/x86/dl-minsigstacksize.h
24 2 1 0 2 0 0 2
+3 2 1
+1 2 1
+37 3
+7 1
+2 1 0 1
fe=(16)
410 3 3

fn=(42)
50 8 0 6 1 0 0 1
+4 1 1
+10 1 1
+18 1 1
-9 1 1
-10 1
-1 1
+25 1
-23 1 0 1 0 0 1 0 0 1
-1 1 0 0 1 0 0 1
+9 1
+11 1
-2 1
-19 2 1
+25 1
-4 1
-20 1
+9 1
+39 1
-39 1 1
+15 1
+8 1 1
-4 1 1 0 1 0 0 1
-8 1 0 1
-2 1
-9 1 0 1
+43 1
-34 1 1
+14 1 0 1
+4 2 1
+15 1
-15 1 0 1
+12 1
-12 1 0 1 1 0 0 1
+1 1 1
+11 1
-24 1 0 1
+13 2 0 1
+1 3 1 1
+1 1 1
+4 1
-4 1 0 1
+5 1 1 0 1 0 0 1
-1 2 1
+1 2 0 1
+1 1 1 0 0 1 0 0 1
-1 2 1
-1 1 0 1
+2 2 0 1
+3 2 0 0 1 0 0 1
+3 1
+1 1
-1 1 1
+1 1 1
-8 1 0 1
+4 1 0 1
+3 1 0 1
+1 1 0 1
+4 2 0 0 1 0 0 1
+4 2
+2 4
230 2
+5 1 1 0 1 0 0 1
-1 2 0 1
+4 3 1
+4 1 1
-4 1 0 1
+4 1
+67 3 1
+4 3 1 0 1 0 0 1
fi=(18) /usr/src/debug/glibc-2.38-14.fc39.x86_64/elf/../sysdeps/unix/sysv/linux/x86/dl-hwcap2.h
25 2 1
fi=(19)
+5 1
-2 1
+2 3
fe=(16)
322 1 0 1
+1 8 7
-77 3 0 0 1 0 0 1
+1 2
+3 1
-1 1
+9 1 0 0 1 0 0 1
-5 1
+2 1 0 1
-2 1 0 1
+5 1
fi=(19)
32 3 1 0 1 0 0 1
+4 3
fe=(16)
+93 2 0 0 1 0 0 1
+2 1
+3 2
+14 1 1
+10 1 1
+2 2
-12 1
+12 1 0 1
-12 2 0 1 1 0 0 1
+2 4 1 1
+6 4 0 1
+2 4 1 1
+7 4 0 0 1 0 0 1
+49 1
+20 1 1
-20 3
fi=(19)
39 3 1 0 1 0 0 1
+1 4 1 0 1 0 0 1
-2 1
+7 4
+2 1
+1 2
+3 5 1 0 1 0 0 1
+2 4
+1 2
+1 2
+3 1
-1 1
+1 3 0 0 1 0 0 1
fe=(16)
+83 1 0 1 1 0 0 1
-5 2 0 1
+4 1

fl=(14) /usr/src/debug/glibc-2.38-14.fc39.x86_64/elf/../sysdeps/unix/sysv/linux/brk.c
fn=(30) brk
36 1 0 0 1 0 0 1
fi=(106) /usr/src/debug/glibc-2.38-14.fc39.x86_64/elf/../sysdeps/unix/sysv/linux/brk_call.h
-12 2
fe=(14)
+13 1 0 1 0 0 1 0 0 1
+1 2
+6 1
+1 1 1

fl=(70) /usr/src/debug/glibc-2.38-14.fc39.x86_64/io/../sysdeps/unix/sysv/linux/pread64_nocancel.c
fn=(230) __pread64_nocancel
25 4 0 0 1 0 0 1
+1 8
+1 2 2

fl=(11)
fn=(28)
395 38 0 0 2 0 0 1
+3 266 38 0 0 27 0 0 17
+9 38 38 0 0 9
-9 146
+19 26 0 26 2
+7 228 38 0 0 3
+2 38 38
-19 12 0 12 2 0 0 1
+1 12

fn=(58)
151 5
+1 30
+2 5
cfn=(60) do_tunable_update_val
calls=5 -61 
* 180 35 20 4 0 0 4

fn=(22) __GI___tunables_init
274 10 0 6 2 0 0 2
-9 3 1
+32 5 0 1
65 315 63 0 1 0 0 1
+6 62 62 0 0 18 0 0 18
-3 62
+3 6378 858 0 1 14 0 1 14
+4 124
+5 124
fi=(12) /usr/src/debug/glibc-2.38-14.fc39.x86_64/elf/dl-tunables.h
+48 62
fe=(11)
-48 186
fi=(12)
+49 12
-1 98 74 0 1 1 0 1 1
+1 136
fe=(11)
313 248 62
-18 9672
+6 13330 4836 0 1 42 0 1 42
fi=(12)
128 1860 620
+1 1240
-1 53 53
+1 212
-1 265 53
fe=(11)
347 8 7 0 1 0 0 1
68 124 0 0 1 0 0 1

fn=(60)
93 5 0 0 1 0 0 1
+3 15 5
fi=(22) /usr/src/debug/glibc-2.38-14.fc39.x86_64/elf/./dl-tunable-types.h
-9 5
fe=(11)
+18 5 5
+1 5 5
fi=(22)
-19 5
fe=(11)
+19 15 5 0 1 0 0 1
+1 25 10
fi=(12)
+2 10
fe=(11)
+19 5 0 5
+1 5 0 5
+1 5 0 5
+1 5 0 5
+1 5 5
fi=(12)
-22 15 0 0 1 0 0 1
fe=(11)
+3 30 0 0 1 0 0 1
+11 10
+1 10

fl=(92) /usr/src/debug/glibc-2.38-14.fc39.x86_64/elf/dl-init.c
fn=(478) call_init
29 18 9 0 1 2 0 1
-2 108 0 54 1 0 1 1
+8 27 9 0 0 3
+2 18
+6 8 8
+3 8 8
-3 16 0 8
+3 16 8 0 1 6 0 1
+5 14 7
+8 21 7 0 0 6
+1 30 10 5 0 4
cob=(4)
cfi=(91)
cfn=(1070) 0x0000000004865000
calls=1 -60 
* 7 2 0 1 1 0 1
cob=(4)
cfi=(91)
cfn=(522) 0x0000000004949000
calls=1 -60 
* 7 2 0 1 1 0 1
cob=(4)
cfi=(91)
cfn=(512) 0x0000000004b11000
calls=1 -60 
* 7 2 0 1 1 0 1
cob=(4)
cfi=(91)
cfn=(500) 0x0000000004be5000
calls=1 -60 
* 7 2 0 1 1 0 1
cob=(4)
cfi=(91)
cfn=(480) 0x0000000004837000
calls=1 -60 
* 7 2 0 1 0 0 1
+3 7 7 0 0 5
+1 14
+6 12 12 0 1 5 0 1
+2 12 12
-2 6
+3 56
+1 80 20 20 0 3
cob=(8)
cfi=(96)
cfn=(1368) 0x000000000000dfc0
calls=1 -74 
* 38 5 4 1 0 0 1
cob=(8)
cfi=(96)
cfn=(1080) 0x000000000000c9d0
calls=1 -74 
* 11165 2713 460 139 44 16 139 16 3
cob=(7)
cfi=(95)
cfn=(1068) 0x00000000000b1d60
calls=1 -74 
* 88 17 18
cob=(7)
cfi=(95)
cfn=(1062) 0x00000000000b1d10
calls=1 -74 
* 265 52 57 1 0 2 1 0 2
cob=(7)
cfi=(95)
cfn=(1036) 0x00000000000b1c50
calls=1 -74 
* 50 25 12 3 2 0 3 1
cob=(7)
cfi=(95)
cfn=(1010) 0x00000000000b1b90
calls=1 -74 
* 50 25 12 3 2 0 3 1
cob=(7)
cfi=(95)
cfn=(992) 0x00000000000b1b10
calls=1 -74 
* 34 17 8 2 2 0 2 1
cob=(7)
cfi=(95)
cfn=(974) 0x00000000000b1a90
calls=1 -74 
* 34 17 8 2 3 0 2 1
cob=(7)
cfi=(95)
cfn=(970) 0x00000000000b1a50
calls=1 -74 
* 178 35 38 1 0 1 1 0 1
cob=(7)
cfi=(95)
cfn=(968) 0x00000000000b1a30
calls=1 -74 
* 88 17 18 1 0 0 1
cob=(7)
cfi=(95)
cfn=(966) 0x00000000000b1a10
calls=1 -74 
* 88 17 18 0 0 1 0 0 1
cob=(7)
cfi=(95)
cfn=(964) 0x00000000000b18b0
calls=1 -74 
* 44 13 28 6 4 5 6 4 5
cob=(7)
cfi=(95)
cfn=(938) 0x00000000000b1790
calls=1 -74 
* 78 7 36 4 1 4 4
cob=(7)
cfi=(95)
cfn=(894) 0x00000000000b15a0
calls=1 -74 
* 2491 379 357 81 67 49 79 12 45
cob=(7)
cfi=(95)
cfn=(886) 0x00000000000b1580
calls=1 -74 
* 12 4 2 2 0 0 2
cob=(7)
cfi=(95)
cfn=(884) 0x00000000000b1570
calls=1 -74 
* 3 1 1
cob=(7)
cfi=(95)
cfn=(872) 0x00000000000b14e0
calls=1 -74 
* 208 42 47 5 0 2 5 0 1
cob=(7)
cfi=(95)
cfn=(866) 0x00000000000b1e30
calls=1 -74 
* 12 1 0 3 0 0 3
cob=(6) /usr/lib64/libgcc_s-13-20231205.so.1
cfi=(94) ???
cfn=(506) 0x0000000000004790
calls=1 -74 
* 12 1 0 3 0 0 3
cob=(2)
cfi=(81)
cfn=(498)
calls=1 -74 
* 12 7 0 2 4 0 2
* 24 6 6 0 4
cob=(8)
cfi=(96)
cfn=(1074) 0x000000000000e0b0
calls=1 -74 
* 12 1 0 3 0 0 3
cob=(7)
cfi=(95)
cfn=(526) 0x00000000000b1880
calls=1 -74 
* 41465 11488 5463 354 142 147 354 24 111
cob=(3)
cfi=(83)
cfn=(516)
calls=1 -74 
* 12 1 0 3 0 0 3
cob=(6)
cfi=(94)
cfn=(504) __cpu_indicator_init
calls=1 -74 
* 354 17 43 33 3 1 33 3 1
cob=(2)
cfi=(81)
cfn=(490)
calls=1 -74 
* 72 19 11 7 5 3 7 1 1
cob=(5) /usr/libexec/valgrind/vgpreload_core-amd64-linux.so
cfi=(93) ???
cfn=(484) 0x0000000000001140
calls=1 -74 
* 12 1 0 2 0 0 2
-1 78
+3 72 63 0 1 1 0 1
-29 2

fn=(476) _dl_init
81 13 0 6 2 0 0 2
+1 1 1 0 0 1
+1 1 1
+3 3 1
+8 2
+25 1 1
+1 5 0 0 1 0 0 1
+1 5 2
-1 1
+1 1 0 1
cfn=(478)
calls=1 -92 
* 41 15 7 0 2
* 35 14
-1 7
+1 7 0 7
cfn=(478)
calls=7 -92 
* 57434 15078 6718 663 318 231 661 64 171
-1 16
+7 8 7 0 1 1 0 1
-22 1 0 1 1 0 1 1
-17 1 0 1
cfn=(478)
calls=1 -59 
* 84 25 9 8 2 1 8
+1 3 1 1

fl=(78)
fn=(284) check_match
71 46110 6148 18444 8 358 13 2 218 2
+3 18444 6148 0 0 399 0 0 279
+13 3074
-13 3074
+13 3074
-13 3074
+13 9222
+3 7688 770 385 3 0 0 1
cfi=(34)
cfn=(100)
calls=385 +8 
* 19023 3249 0 95 432 0 19 206
* 770
+4 3074 3074 0 0 36
+1 6148
+2 6140
+19 6140 6140 0 0 290 0 0 43
+1 24560 9210 0 3 83 0 1
+2 44 22
+1 2
+42 3052
+1 24592 21518
-18 8 0 0 1
+2 8 8 0 2 3 0 1
+1 4
-1 8
+1 12
-1 8
+4 2
+1 7 3 1
+2 3 1 1
-75 44
+39 9144 6096 3048 3 18 2 1 0 1
cfi=(34)
cfn=(100)
calls=3048 -20 
* 82775 21505 0 19 243 0 1 6
* 6096

fn=(282) do_lookup_x
348 27702 0 21546 4 0 10 1 0 2
+1 3078 3078 0 0 9
-1 12312 6156 6156 0 0 12 0 0 3
+6 3078
-6 3078 0 3078
+7 3078 3078
+58 3078
-47 6156 3078
+47 3078 0 0 4 0 0 1
-47 3078
+47 3078 0 3078
-47 9234 3078
+31 40812 13604 0 0 40
+8 13604 13604 0 0 72
-4 13604 0 13604
+1 13604 0 13604
+3 54416 27208 0 4 67 0 1
+1 27208 27208 0 0 8
+3 13604 13604
-3 13604 0 13604
+4 27208
+7 13604 13604
-3 27208 27208
-2 13604 13604 0 0 1786 0 0 122
+5 40812
+3 95228
+99 31659
359 27212 27212 0 4 71 0 1
+3 27212
+4 27228 8
+21 27208 13604 0 4 51 0 1
+4 27208 13604 0 0 7
fi=(4)
139 6106 3053 0 4 0 0 1
+1 9159
fe=(78)
477 6106 0 0 3 0 0 1
fi=(80) /usr/src/debug/glibc-2.38-14.fc39.x86_64/elf/../sysdeps/generic/dl-protected.h
29 12212
fe=(78)
484 17440 3053
+16 5942 2971 2971
+1 2971 0 2971
+22 2971
-21 2971
+21 20879 20797
-21 82
+21 574 574
-99 10053 0 0 4 0 0 1
-1 6702 6702 0 0 2191 0 0 282
+2 6702
+2 3258 3258
+6 9774 0 6516 3 0 0 1
-6 3258
+6 22806 0 13032
+7 14124
-10 38800 7760 0 0 2925 0 0 589
+2 3074 0 0 6 0 0 1
+1 9222 3074
-1 3074 3074
+1 6148 3074 3074 0 0 12 0 0 3
-1 3074
+1 3074 0 3074
+1 3074
-1 3074 0 3074
+1 3074
-1 21518 12296 9222 4 0 14 1 0 3
cfn=(284)
calls=3074 71 
* 285424 83892 21879 134 1862 15 26 752 3
+4 9222
+3 44 22
223 82 82 0 1 0 0 1
+2 82
-2 246 0 164
+2 82
-2 82 0 82 1 0 0 1
+2 328 0 82
+2 82
-2 246 82 164 0 2
cfi=(26)
cfn=(94)
calls=82 42 
* 246 82
+2 82 82 0 0 2 0 0 1
+1 82 82
+1 328 164 0 1 0 0 1
+2 162
+1 81
-1 648 0 405
+1 81
-1 162
+1 162 0 0 1 0 0 1
-1 162 0 81
+1 162
-1 1513 127
+24 352
+3 95
+1 285
-23 176 176 0 1 66 0 1 25
-1 352 176
488 5115 1705 0 3 5 0 1
+35 25
-1 25
+1 176 175 1 1 0 0 1
fi=(30)
44 4 1 2
cfi=(29)
cfn=(80)
calls=1 +34 
* 37 7 6 1 2
* 1
fe=(78)
303 2
-72 1
+70 2 2
+5 1 0 1
+2 1 1 0 1 0 0 1
-7 1
+6 1 0 1
+1 1 0 1
171 12 0 0 1 0 0 1
+1 9
312 6 2
-1 2 0 0 1 0 0 1
+1 486 162
-1 162
+19 246 164 82 1 0 0 1
+2 82 82
-2 328 0 82
+2 82 82 82
cfi=(26)
cfn=(94)
calls=82 42 
* 246 82
+2 164 164
+1 82 0 82
-1 82 0 82
+1 82
177 518 0 0 1 0 0 1
-2 84
+1 252
-3 332 166 0 0 1 0 0 1
+7 82 0 82
+1 82 0 82
+1 82 0 82 0 0 19 0 0 11
+1 82 0 82
319 328 82 0 1 0 0 1
471 413 207 0 3 0 0 1
+2 2
263 1458 648 0 2 0 0 2
+7 10 0 8
cfi=(53)
cfn=(418)
calls=2 87 
* 159 14 0 2 2 0 2 1
fi=(30)
44 2
fe=(78)
270 2
fi=(30)
44 4 2 2 1 0 0 1
cfi=(29)
cfn=(80)
calls=2 +34 
* 74 14 12 0 2
* 2 0 2
fe=(78)
273 4
172 4 2
280 2 2
172 4 0 2
280 20 4 2 1 0 0 1
+1 276 92 0 0 4 0 0 1
+1 140 70
171 70
282 140 140 0 0 6
171 70
282 70
171 70
+1 70
-1 70
+1 210 70 0 1 0 0 1
+1 440
+2 14
+1 42
-3 168 84 0 0 46 0 0 46
+7 70 0 70
+3 70 0 70 0 0 24 0 0 24
-2 70 0 70
+99 278 2 0 1 0 0 1
+6 10 4 4
+2 2
-2 10 2 2
cfi=(29)
cfn=(420) __minimal_free
calls=2 95 
* 10 4
171 2
289 2 2 0 1 0 0 1
-2 2 0 2
+3 4 4
-1 2 0 2
+1 4 2 2
171 4 2
+1 2 2
-1 2
+1 8 2
+88 276 0 0 1 0 0 1
449 1442 1236 0 3 0 0 1
177 10 0 0 1 0 0 1
454 24416 18312 0 3 0 0 1

fn=(278)
773 18468 0 12312 2 0 8 1 0 1
+3 3078 0 0 3 0 0 1
-3 9234 0 6156 0 0 1
+3 3078
-3 12312 0 9234 0 0 19 0 0 3
fi=(79) /usr/src/debug/glibc-2.38-14.fc39.x86_64/elf/../sysdeps/generic/dl-new-hash.h
74 3078 3078 0 0 2001 0 0 1249
+3 6156
-8 3078
+1 6156
+10 3078 3078 0 2 33 0 1 27
+1 6156
-1 60843 60843 0 0 841 0 0 637
+1 121686
+20 62376
-2 62376
+6 62376
-3 124752
+2 62376
-30 62376 62376 0 0 831 0 0 617
+3 124752
fe=(78)
775 3078
+1 3078
+3 3078 0 3078 0 0 9
-4 3078 0 3078
+1 3078 0 3078 4 0 0 1
+7 12254 3049
+5 3078 3078
-2 3078 3078
+2 3078 3078 0 0 4
-2 3078
+6 9234
-15 9234 3078
+15 24749 25 9234 3 0 0 1
+1 43092 21546 21546 3 0 13 1 0 4
cfn=(282)
calls=3078 348 
* 1258234 400993 142461 214 9227 106 64 1820 49
* 9234
+28 3078 3078
-23 9234 6156
+23 3078
-23 6156 0 0 3 0 0 1
+24 18302 3049
+7 3053 3053
-7 3053
+35 12212 3053
+34 12212 3053
-20 9159 3053 0 3 34 0 1
+3 6106 3053
-57 3078 0 3078
+76 27702 21546
fi=(79)
87 1545 0 0 3 0 0 1
+1 1545
+1 3090
+1 1545 0 0 3 0 0 1
fe=(78)
872 2 0 1 1 0 0 1
-72 150 25 0 1 0 0 1
+18 75 0 0 1 0 0 1
+11 100 0 0 1 0 0 1

fl=(103) /usr/src/debug/glibc-2.38-14.fc39.x86_64/elf/../sysdeps/x86_64/tls_get_addr.S
fn=(2594) __tls_get_addr
29 2 0 0 1 0 0 1
+1 2 2
+1 2 2 0 0 1
+2 2 2 0 0 1
+1 2
+1 2 2 0 0 1
+3 2
+1 2 2
+4 2
+1 2
+1 2 2
+1 2 2

fl=(102) /usr/src/debug/glibc-2.38-14.fc39.x86_64/elf/dl-call_fini.c
fn=(2466) _dl_call_fini
24 64 0 32 1 0 0 1
+4 16 8 0 0 1
+6 8 8 0 0 8
-2 8 0 8 1 0 0 1
+3 16
+3 6 6 0 0 6
+1 6 6 0 0 2
-1 6 6
+1 12 6 0 0 1
+3 24
+1 6 6 6 0 6
cob=(6)
cfi=(94)
cfn=(2634) 0x0000000000003800
calls=1 -43 
* 12 4 3 2 1 0 1 1
cob=(3)
cfi=(83)
cfn=(2616)
calls=1 -43 
* 154 36 17 5 3 0 2
cob=(7)
cfi=(95)
cfn=(2534) 0x00000000000b1df0
calls=1 -43 
* 1850 661 283 44 58 1 39 2
cob=(8)
cfi=(96)
cfn=(2508) 0x000000000000c060
calls=1 -43 
* 21 4 1 4 3 0 3
cob=(5)
cfi=(93)
cfn=(2482) 0x0000000000001100
calls=1 -43 
* 986 323 160 48 49 20 12 0 1
cob=(9)
cfi=(97)
cfn=(2468) 0x00000000004023f0
calls=1 -43 
* 13 4 3 3 1
* 3 3 3
cob=(6)
cfi=(94)
cfn=(2640) 0x0000000000004750
calls=1 -43 
* 154 36 17 5 3 0 2
cob=(8)
cfi=(96)
cfn=(2516) 0x000000000000e070
calls=1 -43 
* 154 36 17 4 3 0 1
cob=(8)
cfi=(96)
cfn=(2514) 0x000000000000c050
calls=1 -43 
* 21 4 1 0 1
-1 36
+5 8 8 0 1 7 0 1
+1 16
+1 12 12 0 0 5
+1 30 24
-1 6
cob=(4)
cfi=(91)
cfn=(2656) 0x0000000004bfff18
calls=1 -49 
* 4 1 0 1 0 0 1
cob=(4)
cfi=(91)
cfn=(2632) 0x0000000004b858c8
calls=1 -49 
* 4 1 0 1 0 0 1
cob=(4)
cfi=(91)
cfn=(2614) 0x0000000004a72e04
calls=1 -49 
* 4 1 0 1 0 0 1
cob=(4)
cfi=(91)
cfn=(2532) 0x000000000489b4a4
calls=1 -49 
* 4 1 0 1 0 0 1
cob=(4)
cfi=(91)
cfn=(2506) 0x00000000048372c8
calls=1 -49 
* 4 1 0 1 0 0 1
cob=(4)
cfi=(91)
cfn=(2478) 0x0000000000408b40
calls=1 -49 
* 4 1 0 1 0 0 1
+1 12 10

fl=(8)
fn=(14)
25 8 0 0 1 0 0 1
+3 8 8
-3 8
+3 16
+3 24 16
+1 16 8 8 1 8 1 1 8 1
+2 8 8
-1 8 8
+3 24
+1 8 0 8
+1 16 8
+7 8
-5 8 0 8
-2 8 0 8
+3 16
+2 8 0 8 1 0 0 1
+2 16 0 8
+5 8 8

fl=(43)
fn=(126)
32 30 0 0 1 0 0 1
+1 30
+1 30
+1 30
+1 30 0 0 1 0 0 1
+1 30
+1 30
+1 30
+1 30
+1 30 30 0 0 6 0 0 6
+1 30
+1 30
+1 30
+1 30
+1 30
+1 30
+1 30
+1 30
+1 26
+4 26
+1 26 0 0 1 0 0 1
+1 26 26
+1 26
+2 26 26
+4 4 4
+1 4
+1 4
+1 4
+1 4
+1 4
+1 4 4
+1 4
+1 4
+1 4
+1 4
+1 4 0 0 1 0 0 1
+1 4
+1 4 4 0 0 1 0 0 1
+1 4
+1 4
+1 4
+1 4
+1 4
+1 4
+1 4
+1 4
+1 4
+1 4
+52 4 0 0 1 0 0 1
+4 4
+1 4
+1 4 4
+1 4
+2 4 4

fl=(47)
fn=(2154) _dl_allocate_tls
625 33 0 11 1 0 0 1
+1 22
+2 11 0 11
cfn=(258) allocate_dtv
calls=11 359 
* 3327 576 451 5 4 56 1 0 54
-2 11
+3 11 11
-1 11
-2 11
cfn=(426)
calls=11 522 
* 4444 979 693 24 14 55 12 1 55

fn=(378)
1009 24 0 12 1 0 0 1
+9 3 3 0 0 3
-9 3 0 3
+6 3 3
+4 3
+4 9 3 0 1 3 0 1
+34 6
+3 6 0 3 0 0 1
+1 9 3 3 0 3
+3 18 18

fn=(256)
416 7 0 4 2 0 0 2
+2 1 1
+11 1 1
+1 1
fi=(30)
56 1 1 1
cfi=(29)
cfn=(84) __minimal_malloc
calls=1 -21 
* 72 13 11
fe=(47)
431 2
+8 5
+5 1
-5 1
+1 1
+4 304 0 297 1 0 37 1 0 37
+19 1 0 1 0 0 1 0 0 1
+2 2 0 1
cfn=(258)
calls=1 359 
* 57 13 12 2 0 1 2 0 1
+1 2
+3 6 5 0 1 0 0 1

fn=(252)
97 2 0 1 1 0 0 1
+3 1
-3 3 0 2
+3 1
-3 1
+3 1
-3 1 0 1
+3 1
-3 1 0 0 1 0 0 1
+3 1 0 1
cfi=(11)
cfn=(28)
calls=1 395 
* 21 4 1 0 2 0 0 1
* 1 1
+1 4 0 1
cfi=(11)
cfn=(28)
calls=1 395 
* 21 4 1 0 1
+1 1
+2 1
-3 1 1
+1 2
+2 3
+3 1
+2 1 0 1 1 0 0 1
-26 3
+28 3 0 1 0 0 1
+1 6 5

fn=(146)
191 1 0 0 1 0 0 1
+2 2 1
+1 1 1
+15 2 1

fn=(254)
215 9 0 6 1 0 0 1
+6 4 1 1
+3 3 2
+36 4 2 0 1 0 0 1
+2 1 1
-2 1
-2 1
-40 1
-1 1
-1 1
+46 2 0 1
+23 9
+3 3
-3 15
+2 6
+4 1
-1 1
+1 1
+2 1
-33 2 1
+20 1 0 1
-20 5 1
+33 2
-33 4 2
+20 2 0 2
-20 10 2 0 0 1 0 0 1
+2 6 3 0 1 0 0 1
+3 3 3 0 1 0 0 1
-1 3 3
+5 6 3
-5 3
+1 3
-1 3
+3 6
+2 9
+32 2 1 0 1 0 0 1
-1 1 0 1
+53 1 0 1
-52 5 0 0 1 0 0 1
+2 2 0 1
+51 8 7

fn=(258)
359 12 0 12 2 0 0 1
fi=(30)
44 12
fe=(47)
359 48 0 24 0 0 1
+5 12 12
+4 12
+1 12
fi=(30)
44 12 12 12 0 1
cob=(2)
cfi=(81)
cfn=(1176)
calls=11 -44 
* 3107 510 385 3 3 55 1 0 54
cfi=(29)
cfn=(80)
calls=1 +34 
* 37 7 6
fe=(47)
370 24
+3 12 0 12 0 0 1 0 0 1
+6 36 0 12 2 0 0 1
+6 48 48

fn=(228) _dl_assign_tls_modid
125 3 0 0 1 0 0 1
+3 3 3
+13 3 3
-16 6 0 3
+3 3
+52 3
+2 3 0 3
+3 3 0 3
+1 6 6

fn=(426)
522 132 0 96 2 0 0 1
+1 24
+4 12 12 0 0 1
+6 12
-6 12 0 12
+6 12 12 12 0 1
cob=(2)
cfi=(81)
cfn=(2156)
calls=11 0 
* 484 121 66 7 2 0 7 1
cfi=(26)
cfn=(94)
calls=1 42 
* 3 1
+3 36 24 0 2 1 0 1
+12 12 12
-18 12
-1 12
+43 36
-19 156 12 12 2 2 0 1
+9 108 36 0 0 2
+1 72
+6 108 72 0 0 1
+3 36 36 0 0 5
-2 36 0 0 2 0 0 1
+2 36 36 0 0 2
-2 36
+2 144 36
+4 36 36 0 0 4
-4 36 0 36 0 0 1 0 0 1
+4 36
-1 72
+4 72
+1 144 72 0 2 2 0 1
+2 72
+1 72 36
+17 36 36 0 0 1
-8 36 0 36
+8 36
+2 144 36 72
cfi=(31)
cfn=(138)
calls=36 197 
* 468 60 24 3 2 12 0 0 12
* 180 36 36
cfi=(45) /usr/src/debug/glibc-2.38-14.fc39.x86_64/string/../sysdeps/x86_64/multiarch/../multiarch/memset-vec-unaligned-erms.S
cfn=(142) memset
calls=36 132 
* 876 36 264 5 0 48 0 0 48
+6 36 36
-55 144 36
+6 108 0 0 2 0 0 1
+55 24 12 12
cob=(2)
cfi=(81)
cfn=(2158)
calls=11 0 
* 473 99 55 5 0 0 5
cfi=(26)
cfn=(94)
calls=1 42 
* 3 1
+3 24 12 12 2 0 0 1
+3 108 96

fl=(49)
fn=(2480) _dl_audit_objclose
97 8 0 0 1 0 0 1
+1 32 16

fn=(1392) _dl_audit_preinit
118 1 0 0 1 0 0 1
+1 4 2 0 0 1

fn=(206) _dl_audit_objopen
77 6 0 0 1 0 0 1
+1 24 12

fn=(468)
41 3 0 0 2 0 0 1
+4 12 3 0 0 1
+2 9 3 0 0 1
+4 3 3

fn=(152)
29 9 0 6 2 0 0 2
+2 1 1
-2 1 0 1
+1 1 1
+1 2
+6 8 7 0 1 0 0 1

fl=(29)
fn=(84)
35 88 0 44 1 0 0 1
+1 44 44 0 0 4 0 0 1
-1 176 0 88 0 0 4 0 0 4
+1 88
+11 129 43
+3 43
-3 43 0 43
+3 86
-3 2
+3 1
-3 1 0 1
+3 166 0 0 1 0 0 1
+21 88 88
-3 44 0 44
+1 44 0 44
+2 88 88
-16 12 3
+1 6
+2 3 0 0 1 0 0 1
+1 21 0 3
cfi=(61)
cfn=(194)
calls=3 -12 
* 78 12 9
* 3
+2 6
+2 6 3
+2 2
+4 2
-4 4 0 2
-23 1 1 0 1 0 0 1
-1 1
+1 1
+1 2
-2 2 0 1
+27 1 1
-3 2 0 1
+4 2

fn=(420)
95 2
+2 8 4

fn=(80)
78 19 0 0 2 0 0 1
+4 19
-4 76
+7 19
+1 57
fi=(30)
-30 19 19 0 1 2 0 1
cfi=(29)
cfn=(84)
calls=19 -21 
* 590 126 125 4 3 4 4 1 4
fe=(29)

fl=(101)
fn=(2464)
26 5 0 3 1 0 0 1
+17 1
-17 6 0 4
+20 13 1 0 1 1 0 1
+3 2 1 1 1 1 0 1
cob=(2)
cfi=(81)
cfn=(2156)
calls=1 -49 
* 44 11 6 7 1
+2 1 1 0 0 1
+3 2
+2 5 2 0 0 1
+7 3 0 1
-2 1 0 1
+2 1 0 1
cfi=(49)
cfn=(468)
calls=1 -22 
* 9 3 0 1 1
+5 15 1 0 2 0 0 2
+5 1 1
-5 1
+5 3
+2 16 8 0 0 8
+2 16
+2 16 0 8
+1 8 0 8 1 0 8 1
+1 8
+4 8 0 8 0 0 7
-12 24 8 0 0 2
+14 6
+1 4
+6 6 0 2 1 0 0 1
cfi=(13)
cfn=(236)
calls=1 298 
* 617 174 96 17 14 0 1
+9 2 1 1
cob=(2)
cfi=(81)
cfn=(2158)
calls=1 0 
* 43 9 5 5
+5 14 1
+14 8 0 8
-14 16
+2 8 8 0 1 0 0 1
+2 16 8
+2 32 0 24
cfi=(102)
cfn=(2466)
calls=8 -90 
* 3684 1217 551 124 158 21 69 3 1
+3 16 0 8
cfi=(49)
cfn=(2480)
calls=8 -20 
* 40 16 0 1 0 0 1
* 24 16
+9 3 0 1 1 0 0 1
cfi=(49)
cfn=(468)
calls=1 -85 
* 9 3 0 0 1
* 2 1
+6 4 2 1
+2 1
-2 2
+6 2 1
+7 8 7
-77 2 0 1 1 0 0 1

fl=(52) /usr/src/debug/glibc-2.38-14.fc39.x86_64/setjmp/../sysdeps/x86_64/setjmp.S
fn=(164) __sigsetjmp
31 15 0 0 1 0 0 1
+2 15 0 15
+9 15
+1 30 15
+1 15 0 15
+4 15 0 15 0 0 1 0 0 1
+1 15 0 15
+1 15 0 15 0 0 1 0 0 1
+1 15 0 15
+1 15
+2 30 15
+2 15 0 15
+1 15 15 0 1 0 0 1
+1 15
+2 30 15
+2 15 0 15
+8 15
+3 15
+1 15 0 15 0 0 1 0 0 1
+7 15
+1 15 15

fl=(32)
fn=(96)
868 7 0 0 1 0 0 1
+8 7 7
-8 7
+8 7
-6 7 7
+12 14
-13 7 7
+13 7
-13 7 7
+13 14
+3 21 7 0 1 6 0 1 6
+1 14 7 0 0 1 0 0 1
+1 14 7
+43 7 7

fn=(172) expand_dynamic_string_token
385 5 0 3 1 0 0 1
+10 1
-10 3 0 2 1 0 0 1
+10 1 0 1
cfn=(174) _dl_dst_count
calls=1 238 
* 71 13 7 4 0 1 4 0 1
+3 2
+1 1
+11 5 5
-11 1
cfi=(54) /usr/src/debug/glibc-2.38-14.fc39.x86_64/string/strdup.c
cfn=(176) strdup
calls=1 40 
* 99 20 15 3 0 2 3 0 2

fn=(214) cache_rpath
681 30 0 0 1 0 0 1
+1 45 15
+17 30 15
-16 30

fn=(174)
238 30 0 15 1 0 0 1
+3 15
-3 75 0 60 1 0 2 1 0 2
+7 15
-7 30 0 15 0 0 1 0 0 1
+3 15 0 15
cfi=(43)
cfn=(126)
calls=15 32 
* 456 57 0 2 7 0 2 7
+3 30
+20 135 105

fn=(112)
706 9 0 5 2 0 0 2
+14 1
-14 4 0 2
+14 2 0 1
cfi=(39) /usr/src/debug/glibc-2.38-14.fc39.x86_64/elf/dl-hwcaps.c
cfn=(114) _dl_important_hwcaps
calls=1 172 
* 1427 304 254 31 1 7 31 1 7
fi=(30)
56 1
fe=(32)
720 1 0 1
fi=(30)
56 1 1 1
cfi=(29)
cfn=(84)
calls=1 -21 
* 26 6 6
fe=(32)
725 1 0 1
+2 3 0 0 1 0 0 1
+8 2 1
-1 3
+5 3
fi=(30)
56 1 1 1
cfi=(29)
cfn=(84)
calls=1 -21 
* 26 6 6
fe=(32)
739 1 0 1
+2 4 2 0 1 0 0 1
+26 1 1
-9 1
+12 1
-9 1
-13 1 0 1
-1 1 0 1
+9 1 0 1
+2 1 0 1 1 0 0 1
+1 1 0 1 0 0 1 0 0 1
+2 1 0 1
+1 1 0 1
+5 2
+1 3
+2 1
-2 2 0 2
cfi=(45)
cfn=(142)
calls=1 132 
* 14 1 2 3 0 0 3
+2 1 0 1
-2 2 1
-7 1 0 0 1 0 0 1
-5 1 0 1
+12 1
-12 1
+2 1 0 1 0 0 1 0 0 1
+1 1 0 1
+2 1 0 1
+1 1 0 1
+6 1 0 1
cfi=(45)
cfn=(142)
calls=1 132 
* 14 1 2
+2 1 0 1
+12 1 1
+3 1 0 0 1 0 0 1
-8 1 0 1
-1 1 0 1
+9 2
+2 4 1
+2 3 1
+36 2 0 0 1 0 0 1
+31 1 0 1
+1 8 7
-49 1 1 0 1 0 0 1
-2 1 0 1 1 0 1 1 0 1
+2 2
+14 2 0 1 1 0 0 1

fn=(178) open_verify.constprop.0
1572 60 0 36 1 0 0 1
+32 6 6
-32 12 0 12
+32 12
+19 24 0 6 1 0 0 1
cfi=(55)
cfn=(180)
calls=6 28 
* 120 12 12 1 0 0 1
* 6
+2 12
+8 6 0 6
+1 12
+5 6
-5 6 0 6 0 0 1 0 0 1
+5 30 0 6 1 0 0 1
cfi=(56) /usr/src/debug/glibc-2.38-14.fc39.x86_64/io/../sysdeps/unix/sysv/linux/read_nocancel.c
cfn=(182) __read_nocancel
calls=6 25 
* 36 6 0 1 0 0 1
+2 12
+2 12 6 6
+2 12
+6 12
+17 78 24 0 2 1 0 2 1
+62 12 6
+5 12 6
+6 24 6
+6 12 6 0 1 0 0 1
+6 6 6 0 0 1 0 0 1
+1 6 6
-1 18
+1 18
+26 54 42
-22 13 0 0 2 0 0 2
+1 2
-1 1 0 0 1 0 0 1
+1 1 0 1
cfi=(70)
cfn=(230)
calls=1 25 
* 7 1 0 1 0 0 1
* 2
-91 9 3 0 2 0 0 2
+90 2 0 1 1 0 0 1

fn=(184) _dl_map_object_from_fd
944 60 0 36 1 0 0 1
+15 6 6
-15 12 0 12 0 0 2 0 0 2
+15 6
-15 12 0 12 0 0 1 0 0 1
+15 12 0 6
+77 24 6 6 1 0 0 1
+10 12 6
+7 42 30 6 1 0 0 1
cfi=(28)
cfn=(78)
calls=6 59 
* 2097 435 321 3 7 50 3 7 50
* 6
+1 12
+11 6 6
+5 6 6
-4 6 6
-1 6 0 6 0 0 2 0 0 2
+2 6 6
+2 6
-2 6 0 6 1 0 0 1
+2 12
+1 18 6
+1 10 0 5
+19 10 5
-2 5 0 5
+2 52 1 0 1 0 0 1
-2 1 0 1
+2 64 0 12 1 0 0 1
+10 6 6
-10 6
+10 18
+27 6 6
-33 6
-3 6
+2 6 0 6 1 0 0 1
-1 6 0 6
+35 6
+9 6
-50 6 0 6
+41 6 0 6
+9 6
-36 6 6
+63 30 0 24 1 0 0 1
-62 238
+26 168 72 0 1 4 0 1 4
+8 48 24
+1 24
-1 24
+1 96
+1 24 24 0 0 2 0 0 2
-1 24 0 24 0 0 3 0 0 3
+1 24
+2 24 24
-2 24
+2 24 0 24 1 0 0 1
+2 24 24
-4 24
+1 24 0 24
+3 24
-4 24 0 24
+4 120
+2 48 0 24 0 0 4 0 0 4
+13 48
+1 90 36 18
+5 18
+1 162 36 18 0 0 2 0 0 2
-28 36
-35 54
+62 6 0 0 1 0 0 1
+1 54 12 6
-28 12
-35 141
+1 365 71 0 1 13 0 1 13
1213 6 6 0 0 2 0 0 2
1100 6
1213 12 6 6 0 0 2 0 0 2
1100 18 0 0 1 0 0 1
1218 42 30
+10 18
+1 6 0 0 1 0 0 1
-1 6
+1 6 0 6
-1 18
+1 18
-1 18
+1 18 0 18
-1 54
1066 12 0 6
1235 12
+10 24 12
+7 24 12 0 1 0 0 1
fi=(60) /usr/src/debug/glibc-2.38-14.fc39.x86_64/elf/./dl-map-segments.h
28 6 6
fe=(32)
1252 18 6 6
fi=(60)
28 12
+1 48 24 12 1 0 1 1 0 1
cfi=(61)
cfn=(194)
calls=6 +18 
* 168 30 18 2 0 1 2 0 1
+73 12 6
-1 6 0 6
-72 6 0 0 1 0 0 1
+73 6
+3 12 6
+1 6
+2 6 6
-3 6 0 6
+1 6 0 6
+2 6
+17 6 0 6 1 0 0 1
-96 6 6 0 1 0 0 1
+52 6 6
fi=(62) /usr/src/debug/glibc-2.38-14.fc39.x86_64/elf/./dl-load.h
+10 48
+1 18 12 6
+2 48 24
fi=(60)
+55 96 48
+6 6 6 0 1 0 0 1
+2 6 6
-2 6
+1 6
+2 12
-1 12
+3 12
+5 12
+3 10
+8 35 0 15
cfi=(45)
cfn=(142)
calls=5 -44 
* 826 5 436 1 0 111 1 0 111
* 10 10
+6 12
+12 24 0 0 1 0 0 1
-59 144 24 0 1 0 0 1
+2 36 36
+3 18 18
-3 36
+2 144 54 36
cfi=(61)
cfn=(194)
calls=18 -92 
* 378 72 54
* 54 18
fi=(57) /usr/src/debug/glibc-2.38-14.fc39.x86_64/elf/../sysdeps/posix/dl-fileid.h
37 18 6 6 2 0 2 2 0 2
cfi=(58)
cfn=(188)
calls=6 -8 
* 90 6 0 2 0 0 2
* 12
fe=(32)
989 12 6
fi=(57)
40 18 18
fe=(32)
989 6
fi=(57)
40 6 0 6
fe=(32)
989 105 33 0 1 0 0 1
+1 54 27
fi=(57)
49 84 42 0 0 1 0 0 1
fe=(32)
1519 54 42 0 1 0 0 1
1074 13 0 0 1 0 0 1
+1 2 1 0 1 0 0 1
-1 1
+1 1
-1 1 0 1
+1 1 0 1 0 0 1 0 0 1
cfi=(70)
cfn=(230)
calls=1 25 
* 7 1
* 2
+46 2 1 1
+1 1
-15 12 6 0 1 1 0 1 1
+7 6 6
+2 6 6
-2 6 0 6
+1 6 6 0 0 1 0 0 1
+1 6
-1 12 0 6
+1 48 6 6 1 0 0 1
+60 9 3 0 0 1 0 0 1
+5 3 3
-1 6
+5 3
-5 6 0 3 1 0 3 1 0 3
-66 3 3
+71 12 0 3
+1 3 3
+3 3 0 3 0 0 1 0 0 1
-3 3 0 3
+8 12 3 0 1 0 0 1
+15 12 6 6 1 0 0 1
+1 6
1008 12 6 0 1 0 0 1
1268 24 12 0 2 0 0 2
+1 18 6 6
fi=(63) /usr/src/debug/glibc-2.38-14.fc39.x86_64/elf/get-dynamic-info.h
39 12
+6 6 6 0 0 6 0 0 6
-2 6
+2 12
+9 6
+5 6
-1 6
-3 117
+13 35 0 35 0 0 16 0 0 16
-23 140 35 0 0 9 0 0 9
+23 131 0 131 0 0 26 0 0 26
-23 524 131 0 0 31 0 0 31
+4 332 0 0 1 0 0 1
+5 164
+2 30
+3 24 0 0 1 0 0 1
+13 24 6 0 1 0 0 1
+12 20 6 2
+1 24 6 6 1 0 0 1
+1 24 6 6
+1 24 6 6
+1 20 6 2 0 1 0 0 1
+1 24 6 6 1 0 0 1
+1 23 6 5 0 1 0 0 1
+1 24 6 6
+12 6 6
+7 6 6
-7 42 6 6 1 0 0 1
+7 12
+5 12 6
+7 12 6
+1 18 12
+6 18 6 0 1 0 0 1
+1 6 4
+17 18 6
+5 10 5 5
+2 10
+2 10
+2 10
+4 18 6 0 1 0 0 1
+2 18 6 6
+1 12
+9 12 6 0 1 0 0 1
+6 12
+4 12 6
fe=(32)
1275 12
+1 12
+2 12 0 0 1 0 0 1
+10 18 6
+19 12 6 6
+2 36 12 0 1 0 0 1
+52 18 6 0 0 3 0 0 3
+1 6 3 3
+6 48 18 0 1 0 0 1
+1 118
+6 24 0 6
cfn=(96)
calls=6 868 
* 120 48 0 0 6 0 0 6
-7 142 71
+1 71 71 0 0 59 0 0 59
+6 71
-6 142
fi=(33)
212 24 24 0 1 0 0 1
+1 12 12
95 48 24
+10 12
212 6
105 12
-3 6
-1 6 0 6
+2 6 0 0 1 0 0 1
+2 12
-5 12 0 6
+93 24
-1 6
-87 18
+3 18 6 0 1 0 0 1
+1 12 6
+1 12 6
+4 18 6
+4 18 0 6
+3 18 6
+1 12 0 0 1 0 0 1
+4 6
+1 24 0 12
+19 8
+31 8
+8 18
+2 24
-56 24 12 0 1 2 0 1 2
+1 12 12
+3 24
+3 12
+1 48
+5 48 0 0 1 0 0 1
+7 16
+16 8 8 0 0 3 0 0 3
-3 16
+6 4 2
-28 4
+23 12 0 6 1 0 0 1
fe=(32)
1380 12 6 6
cfi=(64)
cfn=(202)
calls=6 25 
* 36 6 0 1 0 0 1
* 12 0 0 1 0 0 1
+13 12 6
+2 24 12 6
+2 12 6
+16 12 0 6
cfi=(8)
cfn=(14)
calls=6 25 
* 162 48 36 0 6 0 0 6
+4 12 6
+1 12 6 0 1 0 0 1
+17 12 6
+1 1 0 1
+3 1 1
+5 1 1
-5 1 0 1
+5 1
-5 5 5
+5 5 5
-5 5 0 5 0 0 3 0 0 3
+5 5
+10 12 6 0 1 0 0 1
+7 48 18
+10 12 6
+1 12 3
+5 6 0 3
cfi=(47)
cfn=(228)
calls=3 125 
* 33 12 9 1 0 0 1
+7 18 6 6 1 0 0 1
cfi=(28)
cfn=(92)
calls=6 31 
* 366 87 60 0 0 1
+3 12 6
+4 12 6 6
cfi=(46)
cfn=(204)
calls=6 38 
* 42 12
* 6
+1 18 6 0 1 0 0 1
+18 12
+4 42 18
+1 18 6 6
cfi=(49)
cfn=(206)
calls=6 77 
* 30 12 0 1 0 0 1
* 6
fi=(62)
95 20 10 0 1 0 0 1
+2 5 5
-1 10 10
+1 5 0 0 1 0 0 1
-1 5
+1 5
-1 5
+1 5
-1 10
+3 20 0 5
fi=(33)
+99 48 12 0 1 0 0 1
+2 6 6
+1 6 0 6
+1 6 0 6
-2 6
+3 6 0 6
-3 12 0 6
+3 6
fi=(63)
62 24 0 0 1 0 0 1
+2 24
181 15 5 5
-22 10 0 5 1 0 0 1
fe=(32)
1074 2 0 1 1 0 0 1
fi=(60)
186 24 0 3 1 0 0 1
cfi=(61)
cfn=(194)
calls=3 47 
* 63 12 9
+3 6 0 0 1 0 0 1
fe=(32)
1462 18 6 0 2 0 0 2
+2 5 5
-1 25 15
+1 5
-1 5
+1 5
-1 5 0 5
cfi=(34)
cfn=(100)
calls=5 98 
* 125 35 0 0 6 0 0 6
* 10
+2 5 1 1 1 0 0 1
fi=(57)
49 12 8 0 1 0 0 1
fe=(32)

fn=(168)
1945 180 0 135 1 0 5 1 0 5
+8 30
+1 45 15 0 1 1 0 1 1
+3 372 84 15
+5 546 156 0 1 0 0 1
+2 234 0 78 0 0 2 0 0 2
cfi=(53)
cfn=(170)
calls=78 68 
* 8008 1796 405 20 3 1 20 2 1
* 156
+4 138 69 0 1 0 0 1
+1 207 69
+4 43 43
-1 215 129
+1 43
+1 43
-1 43
+1 86 0 43
cfi=(34)
cfn=(100)
calls=43 98 
* 1435 285 0 10 0 0 10
* 86
2248 141 111 0 1 0 0 1
1989 18 6 6
-1 12 6 0 1 0 0 1
+9 6 6
-50 6 0 6
+50 12
+17 12
-2 6 0 6
+2 6 0 6
cfi=(43)
cfn=(126)
calls=6 32 
* 144 18
* 12 0 0 1 0 0 1
2180 2
-1 3 0 1
cfn=(172)
calls=1 385 
* 189 38 28 9 0 3 9 0 3
+6 1
-7 1 0 1
+1 1
+2 2
+4 8 0 3 1 0 0 1
cfn=(178)
calls=1 1572 
* 106 22 15 8 1 1 8 1 1
+3 3 2
-3 1
+3 1
+12 24 6 0 1 0 0 1
+45 6 6
+1 24 6
-1 6 0 6
+1 54 18 30 1 0 0 1
cfn=(184)
calls=6 944 
* 13197 2739 1826 83 165 232 83 165 231
* 18
2018 10 0 5 1 0 0 1
cfi=(24)
cfn=(68)
calls=5 57 
* 85 10
* 10 0 5
+2 10 5
+7 20 5 0 1 0 0 1
+57 10 0 0 1 0 0 1
+1 35 0 5
cfn=(214)
calls=5 681 
* 45 10
* 10 0 0 1 0 0 1
+8 5 0 5
+14 10 5
+2 15 5
+4 10 0 5
cfi=(67)
cfn=(216) _dl_load_cache_lookup
calls=5 403 
* 7503 1245 298 28 88 5 27 87 5
* 5
+2 10
+4 10 0 0 1 0 0 1
+31 5
-23 10 5
+23 40 0 15 1 0 0 1
cfn=(178)
calls=5 1572 
* 567 114 77 7 1 0 7 1
+4 10 5
-4 5
+4 5
+18 5 5
-17 5 0 5
+17 10 5
2052 20 5 0 2 0 0 2
+1 45 5 15
cfn=(214)
calls=5 681 
* 45 10
* 20 10 0 1 0 0 1
+9 10
+15 10 5
-46 5 5 0 1 0 0 1
+1 5
+7 15 0 10
-3 5
+3 25 0 10 1 0 0 1
-3 15 5
+1 30 0 5
cfn=(214)
calls=5 681 
* 45 10 0 1 0 0 1
* 10
+9 25 20 0 1 0 0 1
+5 10
+1 10 0 0 1 0 0 1

fl=(88)
fn=(444)
30 2 0 1 1 0 0 1
+10 3
-10 3 0 2
+10 1
-10 1 0 1
+10 1
-10 1
+7 1 1
+3 2 0 1
cfi=(89) /usr/src/debug/glibc-2.38-14.fc39.x86_64/elf/dl-lookup-direct.c
cfn=(446) _dl_lookup_direct
calls=1 +34 
* 201 53 19 7 6 0 7 1
+4 2 0 0 1 0 0 1
+1 8 3
+2 3
-2 1 0 1
+2 3 0 1
cfi=(89)
cfn=(446)
calls=1 +27 
* 239 59 19 0 5 0 0 1
+4 2 0 0 1 0 0 1
+1 7 3 1
+1 6 5

fl=(67)
fn=(470)
525 1 0 0 1 0 0 1
+1 4 1 0 0 1
-1 1 0 1
+3 1 1
-3 1
+3 1 0 1
cfi=(82) /usr/src/debug/glibc-2.38-14.fc39.x86_64/misc/../sysdeps/unix/syscall-template.S
cfn=(472) munmap
calls=1 117 
* 6 1
+7 1 1 0 1 0 0 1
-6 1 0 1
+4 1 0 1
+2 1 1

fn=(216)
403 30 0 10 1 0 0 1
+2 10 5
+3 15 5 0 0 1 0 0 1
+69 12 4
+5 15 5 0 1 0 0 1
+3 25 5 5
cfn=(222) search_cache
calls=5 203 
* 6403 1049 169 16 80 0 15 79
* 5
+15 10 5
+4 10
+8 10 0 5 1 0 0 1
cfi=(24)
cfn=(68)
calls=5 57 
* 175 25 0 0 5 0 0 5
+1 5
-1 5
+1 60 0 0 1 0 0 1
+1 10
-1 5
+1 5 0 5
cfi=(31)
cfn=(88)
calls=5 210 
* 55 15 10
* 5
+1 5 0 5
cfi=(54)
cfn=(176)
calls=5 40 
* 455 90 65 0 0 2 0 0 2
+1 15 15
-3 10 0 5
411 5 0 2 1 0 0 1
cfi=(53)
cfn=(218)
calls=1 36 
* 112 15 15 3 1 3 3 1 3
* 1
+8 6 2 0 1 0 0 1
+1 8 3 0 1 1 0 1 1
+3 3
+1 1 1 0 1 0 0 1
-1 3
fi=(68) /usr/src/debug/glibc-2.38-14.fc39.x86_64/elf/../sysdeps/generic/dl-cache.h
194 1 1
+1 5
fe=(67)
431 1 0 1 1 0 0 1
+1 2 0 1

fn=(222)
203 50 0 30 2 0 0 2
+2 5 5
-2 20 0 20
fi=(69) /usr/src/debug/glibc-2.38-14.fc39.x86_64/elf/../sysdeps/x86/dl-procinfo.h
39 10
+3 15 0 5
cfi=(34)
cfn=(100)
calls=5 +56 
* 125 35 0 0 1 0 0 1
* 20 0 5 1 0 0 1
fe=(67)
208 30 0 10 1 0 0 1
cfi=(11)
cfn=(28)
calls=5 395 
* 105 20 5 1
* 5 5
+12 10
-7 10 0 5
+10 5 5
-10 15 5
349 21
220 42
+2 276 0 0 1 0 0 1
-31 46
+31 46
-31 46
+32 46 46 0 0 35 0 0 34
+4 92
+4 184 92 46
cfn=(226) _dl_cache_libcmp
calls=46 357 
* 3538 552 0 3 38 0 3 38
+1 92 0 0 1 0 0 1
346 41
+1 20
220 40
+8 65 20 15 1 0 0 1
+14 16 8 0 0 3 0 0 3
+3 16
+2 32 0 8
cfn=(226)
calls=8 357 
* 1014 156 0 0 3 0 0 3
* 16
+2 3
-9 16 0 0 1 0 0 1
-30 30 15 5
+1 5
-1 5 0 5
+76 5
-76 5
+76 5 5
-75 10 5 0 1 0 0 1
+75 5 0 5
-76 25 0 5
+76 10
-27 10 5 0 1 0 0 1
+10 10 5
+1 15 5
+7 10 5 0 1 0 0 1
+9 5
fi=(68)
125 5 5
fe=(67)
286 20
+9 10 5
+3 10 5
+3 5 0 0 1 0 0 1
+1 10
+28 10 5
+23 45 35

fn=(226)
357 54 0 0 1 0 0 1
+1 186 62
+4 311 311 0 0 41 0 0 41
-2 311
+2 311
-2 622
+20 606 0 0 1 0 0 1
+2 606
-24 257 257
+28 257
+1 257
-29 514
+32 24 16
-28 16
+8 8 8
-2 16
+1 16
+1 16 0 0 1 0 0 1
-2 8
+2 8
+2 24 8
-3 8
+3 8
+2 16
+9 92 46

fl=(73)
fn=(244)
392 7 0 5 1 0 0 1
+4 5
-2 2
+4 48 8 8 1 0 1 1
cfn=(246) _dl_check_map_versions
calls=8 155 
* 29524 8783 1868 62 165 97 62 144 87
-2 8 8
+2 24
-1 8
-1 16
+5 7 6

fn=(246)
155 80 0 48 1 0 0 1
+15 24 8 0 0 1
+2 40 16 0 0 1
+2 8 8 0 1 3 0 1
+1 8 8
+2 16
+3 12 12 0 0 1
-16 12 0 6 0 0 1
+20 6 6 0 0 5 0 0 5
-4 6
-24 6 0 6 0 0 1
+28 42 0 30 1 0 0 1
+16 12 12
36 6
200 6
36 42 12 0 1 0 0 1
200 16 16 0 0 1 0 0 1
36 8
200 8
36 56 16
+1 74 74
-1 148
+2 264 0 88
cfi=(53)
cfn=(170)
calls=88 +30 
* 8508 1905 443 2 3 1 2
* 190
208 42 14 0 1 0 0 1
+5 14 14 0 0 1 0 0 1
fi=(107) /usr/src/debug/glibc-2.38-14.fc39.x86_64/elf/../sysdeps/generic/_itoa.h
76 42 14 28
fe=(73)
213 28
+4 28 28 0 0 4 0 0 4
+1 28 28 0 1 0 0 1
-1 28 0 14
+4 14 14
-3 14 14
+3 14 0 14
-3 42 28
-1 86 86 0 0 10 0 0 10
+1 86 86
-1 86 0 43
+4 43 43
-3 43 43
+3 43 0 43
-3 194 112 0 0 1
56 228 171 0 1 0 0 1
+8 171 57
+6 171 57 0 0 2
+16 57 57 0 0 1
+1 114 0 0 1 0 0 1
+2 57 57
+5 399 57 171 0 6 0 0 6
+14 2002 1001 0 0 12 0 0 12
+12 2832 944 0 0 15 0 0 15
+4 944
-30 1888 944 0 1 36 0 1 36
231 228 57
+3 171 57
+5 43
-24 43
110 57 57 0 1 0 0 1
+3 285 114 114 0 1 0 0 1
cfi=(34)
cfn=(100)
calls=57 -15 
* 2433 441 0 26 29 0 26 29
* 171 57 0 1 0 0 1
224 171 114
+1 3 1 1
cfi=(34)
cfn=(100)
calls=1 98 
* 60 10 0 0 1 0 0 1
* 2
+3 30 14 15 1 0 0 1
+15 42 14
+5 8
-50 8
+59 30 18 0 1 0 0 1
+3 12 12
+3 42 12 6 1 0 0 1
+3 24 6
+4 6
-7 24 6
+3 18 6
+4 153
-7 612 153 0 0 15 0 0 15
+3 465 153 6 0 7 0 0 7
+8 18 6
+6 14 7 7 1 0 0 1
fi=(30)
44 7
fe=(73)
280 14
fi=(30)
44 7 7 7
cfi=(29)
cfn=(80)
calls=7 +34 
* 304 55 47
fe=(73)
281 14 7
-2 7 0 7 0 0 2
fi=(30)
44 7
fe=(73)
281 7
+13 7 7 0 0 4
-3 7 0 7 1 0 0 1
+3 28 14 7 0 2 5
+2 14
+3 24 12
+4 42 14
+18 43
-15 43 43
+2 43
-2 43
+2 43
-2 43
+2 86
-2 14 14 0 1 0 0 1
+2 14
-2 14
+2 14
-2 14
+2 28
+2 57
+1 57
-1 171 57
+1 57 0 57 0 0 19 0 0 19
+1 57 57
-2 57 0 57 1 0 0 1
+2 114 0 57 0 0 5 0 0 5
+1 171 57 57 0 0 4 0 0 4
+3 171 57
+8 42 14
+5 8
-28 8
+33 12
+3 12 6
+20 159
-14 330 165
-2 159 159
+6 159 159
+1 159 159
+1 159 159
-1 477
+1 159
-1 159 0 159 0 0 41 0 0 41
+1 159 0 159
+1 159 0 159 0 0 18 0 0 18
+3 495 165
+12 12
+1 12 6 0 2 0 0 2
+1 12 6
+1 4 2
+19 72 64
164 2 0 2 1 0 0 1
-8 2 0 2
257 5
+17 3 1 0 1 0 0 1
+60 2
-40 2 1 0 1 0 0 1
+76 4 3 0 1 0 0 1
+2 4 2 0 1 0 0 1
+4 2
-4 108 27 0 0 2
+1 54
+2 1 1
+1 2 0 0 1 0 0 1
-1 1
+1 1 0 1
cfi=(34)
cfn=(248) strncmp
calls=1 98 
* 50 6 0 8 1 0 8 1
* 2

fl=(46)
fn=(144)
56 3 0 0 1 0 0 1
+3 2
+4 1 1 0 1 1 0 1 1
+22 1 1
+10 1 1
-32 2
+1 1 0 1
+21 2
+5 2 1 0 1 0 0 1
+1 1
+4 1 1
-4 1 0 1
-1 1 0 1
+2 1 0 1
+3 1
+4 2
+8 2 1
-50 1 0 0 1 0 0 1
+4 2 0 0 1 0 0 1
+35 6 1 1

fn=(150)
116 2 0 0 1 0 0 1
+1 2 2

fn=(204)
38 7 0 0 1
+3 7
-1 14
+4 14 7 0 1 1
+4 7 7

fl=(54)
fn=(176)
40 36 0 18
+1 6 0 6
cfi=(24)
cfn=(68)
calls=6 +16 
* 210 30 0 2 0 0 2
* 6
fi=(108) /usr/src/debug/glibc-2.38-14.fc39.x86_64/string/../include/rtld-malloc.h
+15 12 6 6
cfi=(29)
cfn=(84)
calls=6 -21 
* 156 36 36
fe=(54)
-12 12 0 0 1 0 0 1
+3 18
+1 18 18
-1 6
cfi=(31)
cfn=(88)
calls=6 210 
* 74 20 14 0 0 4 0 0 4

fl=(84)
fn=(428)
561 2 0 1 1 0 0 1
+3 1 1 0 0 1
-3 3 0 2
+5 2 1
+13 1 0 1 1 0 0 1
cfn=(432) _dlfo_process_initial
calls=1 474 
* 144 37 3 5 2 0 5
+1 1 1
-1 1
+1 1
fi=(30)
56 1 1 1 0 1
cfi=(29)
cfn=(84)
calls=1 -21 
* 26 6 6 0 1
fe=(84)
580 1 0 1
fi=(30)
56 1
fe=(84)
582 2
+3 2
+5 1 0 1 1 0 0 1
+1 1 0 1
cfn=(432)
calls=1 474 
* 603 154 38 0 70 4 0 8 4
+3 3 1
+10 4 4
-37 2 0 1 1 0 0 1
cfi=(85)
cfn=(430)
calls=1 95 
* 68 18 4 2 11 1 2 0 1
* 1
+29 2 0 1 1 0 0 1
cfn=(434) _dlfo_sort_mappings
calls=1 -60 
* 320 58 24 3 0 0 3
+3 6 3 1
+2 1

fn=(432)
474 2 0 2 1 0 0 1
+3 2
-3 6 0 2
+1 2 2
+3 4 2
+26 14 2 0 1 1 0 1
+1 6 2
+1 16 16 0 0 1
-1 32
+3 60 14
+3 56 14 0 1 0 0 1
-7 8 2
+27 2
-2 2 0 2
+2 6 6
-18 42 14 0 1 0 0 1
+3 14
-1 14 0 7
cfi=(85)
cfn=(430)
calls=7 95 
* 431 117 28 0 70 4 0 8 4
+2 28 0 0 1 0 0 1

fn=(434)
536 1 0 0 1 0 0 1
+1 2
+3 4 0 0 1 0 0 1
+4 1
+1 1
-1 1 1
+1 2
-1 5
+1 5
-1 5 5
+1 22
+1 105 21
+3 6
-1 6
-3 63 0 0 1 0 0 1
+8 18 6
+1 12 6
-1 6 6
-13 12 6
+14 18 6 12
+1 12 0 12
-15 12
+17 1 1

fl=(58)
fn=(188)
29 14 0 0 1 0 0 1
+1 14
+5 21 0 0 1 0 0 1
cfi=(59)
cfn=(190)
calls=7 154 
* 56 7

fl=(15) /usr/src/debug/glibc-2.38-14.fc39.x86_64/elf/../sysdeps/x86/dl-get-cpu-features.c
fn=(34) _dl_x86_init_cpu_features
37 1 0 0 1 0 0 1
+2 3 1
+2 1
cfi=(16)
cfn=(36)
calls=1 635 
* 7554 835 494 102 14 8 102 14 8

fn=(450) __x86_cpu_features
71 1 0 0 1 0 0 1
-32 3 1
+32 2 1 0 1

fl=(56)
fn=(182)
25 6 0 0 1 0 0 1
+1 24
+1 6 6

fl=(1) ???
fn=(0) 0x000000000001bbb0
0 2 0 1 1 0 1 1 0 1
cfi=(2)
cfn=(2)
calls=1 518 
0 2940582 766724 264469 1044 20353 2451 1029 9176 1644
0 10 2 1 2 1 0 1
cfi=(92)
cfn=(476)
calls=1 81 
0 57670 15146 6751 676 324 233 674 64 171
0 3 0 0 1
cob=(9)
cfi=(97)
cfn=(1376) (below main)
calls=1 0 
0 3258636601 1351622474 714655956 2659 23091960 178661 1195 5335 37608

fl=(24)
fn=(68)
57 32 0 0 1 0 0 1
+44 32
+1 32
+1 32
+1 32
+1 32
+1 32
+1 32
+2 32
+2 32
+31 32 32 0 0 3 0 0 3
+1 32
+1 32
+1 32
+1 32
+1 14
+2 14 14
+4 18 0 0 1 0 0 1
+1 18 18
+1 18 18 0 0 1 0 0 1
+1 18 18 0 0 3 0 0 3
+1 18
+1 18
+1 18
+1 18
+1 18
+1 18
+1 18
+1 18
+5 144 18 0 1 0 0 1

fl=(25) /usr/src/debug/glibc-2.38-14.fc39.x86_64/elf/../misc/sbrk.c
fn=(70) sbrk
37 4 0 2 1 0 0 1
+3 1 1
-3 2 0 1
+21 2
+4 2
+16 5 4 0 1 0 0 1

fl=(44) /usr/src/debug/glibc-2.38-14.fc39.x86_64/string/../sysdeps/x86_64/multiarch/../multiarch/memcmp-sse2.S
fn=(130) bcmp
59 1 0 0 1 0 0 1
+12 1
+1 1
+22 1
+1 1
+45 1 1 0 1 0 0 1
+1 1 1
+2 1
+1 1
+2 1 1
+1 1 1
+2 1
+1 1
+47 1
+1 1
+1 1
+1 1
+1 1
+1 1 1

fl=(45)
fn=(142)
132 43 0 0 2 0 0 1
+1 215
+5 43
+1 43
+3 39
+1 39
+2 12 0 12
+1 12 0 12
+1 12 12
+97 27 0 27 3 0 15 1 0 15
+1 27 0 27 0 0 13 0 0 13
+12 27
+3 27
+1 27
+12 27 0 27 0 0 13 0 0 13
+1 27 0 27 0 0 1 0 0 1
+13 27
+1 27
+2 27
+3 15
+3 30
+3 15 0 15 2
+1 15 0 15
+1 15 0 15 0 0 14 0 0 14
+1 15 0 15
+1 15
+1 15
+1 15
-6 99 0 99 0 0 34 0 0 34
+1 99 0 99
+1 99 0 99 0 0 65 0 0 65
+1 99 0 99
+1 99
+1 99
+1 99
+3 27 0 27 0 0 1 0 0 1
+1 27 0 27
+1 27 0 27
+1 27 0 27 0 0 1 0 0 1
+5 27 27
+34 4 0 0 1 0 0 1
+2 4
+1 4
+39 4 0 4 1 0 2 1 0 2
+1 4 0 4
+2 4 4

fl=(99)
fn=(1412)
46 462 0 252 3 0 0 1
+2 210 168 0 0 29
+1 42 42 0 3 1 0 1
+6 42
fi=(109) /usr/src/debug/glibc-2.38-14.fc39.x86_64/elf/../sysdeps/x86_64/dl-runtime.h
-27 42
fe=(99)
+21 42 42
+5 42 42 0 0 7
+1 42 42 0 0 8
-6 42
+6 84
+1 42 42 0 0 33
+2 42 42 0 0 2
-2 42
+2 42
-2 210 0 42 4 0 8 1 0 1
+7 84
+4 84 42 0 0 32 0 0 17
+4 42 42 0 0 8
-2 42
+2 84
+4 123 82 0 0 18
+1 164 41 0 2 0 0 1
+1 123 41 0 0 13
+8 42 42 0 1 2
-1 42
+1 84
+2 6 0 6
+1 6
+7 60 12 18 2 2
cfi=(78)
cfn=(278)
calls=6 773 
* 4068 1097 410 67 115 33 0 3 13
* 360 72 108 1 5 0 1
cfi=(78)
cfn=(278)
calls=36 773 
* 30061 7744 2598 100 563 63 0 67 1
* 42
+4 210 126
+10 420 168 42 3 5 0 1
+15 168 42
+9 126 42 0 0 8
+26 126 42 0 1 6 0 1
fi=(6)
+61 42 0 42
fe=(99)
-57 336 294
-63 24 6 6 3 0 0 1
+62 84 42 0 2 0 0 1
fi=(100) /usr/src/debug/glibc-2.38-14.fc39.x86_64/elf/../sysdeps/x86_64/dl-irel.h
32 2 0 2 2 0 0 1
cob=(2)
cfi=(81)
cfn=(1878)
calls=1 -32 
* 7 3 0 2 0 0 2
cob=(2)
cfi=(81)
cfn=(352)
calls=1 -32 
* 25 5 0 2 2
fe=(99)
+93 4 0 2

fl=(28)
fn=(78)
59 105 0 70 2 0 4 2 0 4
+3 14
+21 6 6
-3 6 6
+3 6 0 6
cfi=(24)
cfn=(68)
calls=6 -26 
* 120 15
+4 12
-4 6
+9 6
-9 18 0 12
fi=(30)
-39 12 6 6
cfi=(29)
cfn=(80)
calls=6 +34 
* 267 48 41 1 0 3 1 0 3
fe=(28)
+39 1 0 1 1 0 0 1
fi=(30)
-39 2 1 1
cfi=(29)
cfn=(80)
calls=1 +34 
* 43 7 7 5 1 1 5 1 1
* 7
fe=(28)
+51 14
+5 7 7
+4 7 7
-6 7 0 7 0 0 6 0 0 6
+2 7
+4 7 7 0 1 0 0 1
-5 7 0 7 0 0 7 0 0 7
+4 7
+1 7
-1 7 0 7 0 0 1 0 0 1
+1 14 0 14
cfi=(31)
cfn=(88)
calls=7 210 
* 88 22 15 2 1 8 2 1 8
* 7 7
+15 7 7
-15 7 0 7 0 0 4 0 0 4
+2 7 0 7
+13 14 7
+6 1
+2 7 2 2 1 1 0 1 1
+3 2 1
-3 42 12 12 0 6 0 0 6
+3 12 6
+2 7 0 7 0 0 1 0 0 1
+4 7 0 7
+3 20 0 0 1 0 0 1
fi=(4)
1322 3
fe=(28)
139 2
+2 1 0 1 0 0 1 0 0 1
-2 2
fi=(4)
1322 45
fe=(28)
139 30
+2 15 0 15 0 0 3 0 0 3
-2 30
+16 14 0 0 1 0 0 1
-5 7 0 7 0 0 7 0 0 7
+5 7
-6 7
+6 7 7 0 0 1 0 0 1
-6 7 0 7 0 0 1 0 0 1
+6 14
+2 12 0 6 0 0 2 0 0 2
+3 12
-3 12
+7 24 6
+4 18
+8 1 0 1 1 0 0 1
+13 1 1
-10 2 0 1 1 0 0 1
+10 9 7
-10 12 0 6
+10 18 6
+2 6 0 6
cfi=(24)
cfn=(68)
calls=6 57 
* 210 30 0 0 1 0 0 1
+21 6
-21 18 0 6
+17 6
-13 18
+50 18 12 6 1 0 0 1
cfi=(31)
cfn=(138)
calls=6 -48 
* 86 20 14 0 0 3 0 0 3
* 6
+5 12
+1 12 6
-1 184
+1 184 92
+4 12
+1 6 0 6
+3 6 0 6 0 0 3 0 0 3
+4 63 49
131 14 0 7 1 0 7 1 0 7
-8 6
-4 12 6
+34 1 0 0 1 0 0 1
+7 4
+8 24 6 0 1 0 0 1
fi=(30)
56 12 6 6
cfi=(29)
cfn=(84)
calls=6 -21 
* 156 36 36
* 6
fe=(28)
200 12
-1 12
64 2 0 0 1 0 0 1
+2 3 1 0 1 0 0 1
+1 2
+4 6 0 2 1 0 0 1
+6 2

fn=(92)
31 28 0 14 1 0 0 1
+2 7
-2 14 0 7
+2 7
-2 21 0 7 0 0 1
+2 7 7 7
cfi=(26)
cfn=(94)
calls=7 +9 
* 21 7
+2 62 7 0 1 0 0 1
+3 108 27
+2 6 0 6
+2 6 0 6
+4 6
+4 6
-4 12 0 6
+1 12 6 6
+1 12 0 6
+3 30 24
-1 6 6
cfi=(26)
cfn=(94)
calls=6 -8 
* 18 6
-4 1
+4 1
-4 2 0 1
+1 2 1 1
+1 2 0 1
+3 5 4
-1 1 1
cfi=(26)
cfn=(94)
calls=1 -8 
* 3 1
-5 2 0 1

fl=(27)
fn=(76)
28 2 0 0 1 0 0 1
+1 2 2
+3 68 64
+13 61
-13 122
+2 124 62
+1 8 4
+5 1 0 0 1 0 0 1
-3 1
+3 1 0 1
+2 1 1

fl=(20)
fn=(52) intel_check_word.constprop.0
123 52 0 0 1 0 0 1
-4 78 0 26
+10 26
-10 104 0 52
+10 52 0 0 1 0 0 1
-10 26 0 26
+10 26
-10 26
+10 26
+2 52
+71 50 25
fi=(21) /usr/src/debug/glibc-2.38-14.fc39.x86_64/elf/../bits/stdlib-bsearch.h
32 25
fe=(20)
202 125 25 0 1 0 0 1
-71 102
+2 63
+2 126
+8 126
+51 102
+22 51 0 0 1 0 0 1
fi=(21)
28 51
-1 102
+2 228
+2 178
+1 89
fe=(20)
+78 178 89 0 0 3 0 0 3
+3 345
fi=(21)
-78 282
-6 564
+2 512 0 0 1 0 0 1
+1 256
fe=(20)
+78 512 256 0 0 5 0 0 5
+15 15
246 156 130
fi=(21)
37 126 0 0 1 0 0 1
fe=(20)
155 36
+3 36
-6 12
+3 24
+9 24
+1 24
+22 21
-32 63
+3 63
+4 64 0 0 1 0 0 1
+2 128
+3 84
+1 50
+1 38
+1 24
+2 11 0 0 1 0 0 1
+2 22
+6 14
+3 8
+1 12
-8 4 0 0 1 0 0 1
+2 4
+1 4
-2 4
-1 4
+2 8
-2 4
+3 4
-2 12 0 0 1 0 0 1
+2 12
+2 12

fn=(56)
576 12 0 7 1 0 0 1
+25 1 0 1 1 0 0 1
-8 1 1
+1 1 1
-3 1 1
+1 1 1
+3 1 1
+8 1 1
-10 1 0 1
+13 2
+17 3 1 0 1 0 0 1
+4 2
775 4
+1 5
+4 2 1 0 1 0 0 1
+9 1 1
-2 1 0 1
+1 1 0 1
+1 1 0 1
+1 7 7
632 3 0 0 1 0 0 1
+3 9 0 4
+10 26
+14 2
+4 1
+3 1
+1 1
-4 2
+3 3 0 1
+6 2
-37 12
+6 6
-6 3 0 0 1 0 0 1
+6 2 0 0 1 0 0 1
+1 8
+8 2
+4 1
+1 1
-1 2 0 1
+18 6 2 0 1 0 0 1
-69 4
+75 4
+8 7 2
+2 2
-2 1 0 0 1 0 0 1
+6 3
+3 1
+1 5 0 1
-4 4
+21 2
-21 4
+3 1
+1 5
+2 4 0 0 1 0 0 1
+3 2
+5 1 1
+2 2 0 0 1 0 0 1
+1 1
+1 1
-2 2
+1 2 0 1
-19 6 1
+46 3 1
+1 2 0 1
+1 2
+2 2 1
-1 1 0 0 1 0 0 1
+25 3
-48 2 0 0 1 0 0 1
-7 1
+11 2 1
+3 1
+2 4
+1 1
+5 2 0 0 1 0 0 1

fn=(50)
255 24 12 0 1 0 0 1
-5 12 0 12
+22 12 0 0 1 0 0 1
-22 96 0 60
+13 12 0 12
+1 12 0 12
+8 12
+7 12
-7 12 0 12
+8 24
-8 12 0 12
+7 36 0 12
+1 12
+9 60 0 12 1 0 0 1
cfn=(52)
calls=12 123 
* 1275 84 48 4 0 0 4
+2 24
+3 5 1 1
cfn=(52)
calls=1 123 
* 25 5 4
+2 2
+3 5 1 1
cfn=(52)
calls=1 123 
* 270 28 4 0 2 0 0 2
+2 2
-35 4 1
+18 60 0 12 1 0 0 1
cfn=(52)
calls=12 123 
* 4092 408 48 6 6 0 6 6
+2 24
+24 96 84 0 1 0 0 1
-5 3

fl=(82)
fn=(472)
117 5
+5 1 1

fn=(376) mprotect
117 40 0 0 2 0 0 2
+5 8 8

fl=(51)
fn=(162) _dl_catch_exception
204 90 0 45 1 0 2 1 0 2
58 15 15
204 30 0 30 0 0 1 0 0 1
+3 30
+21 15 15
+1 30 0 15 1 0 1 1 0 1
-1 15 0 15
58 30
235 45 0 15 1 0 0 1
cfi=(52)
cfn=(164)
calls=15 31 
* 360 75 135 2 0 3 2 0 3
* 45
+2 45 30 15
cfi=(66)
cfn=(212) openaux
calls=14 61 
* 32425 6657 2826 90 225 218 89 223 217
cfi=(2)
cfn=(166)
calls=1 642 
* 2649 599 304 101 34 32 101 34 32
69 15 15
+1 15 15
-1 15
+1 15 0 15
239 60 15 30
-25 15
+34 45 45
59 30 15 15 1 0 0 1
+11 45 0 15 1 0 0 1

fn=(240)
186 2 0 1 1 0 0 1
58 1 1
186 4 0 1
+2 1 1
-2 1 0 1
58 1 0 0 1 0 0 1
+1 1 1
+11 1 0 1
192 1 0 1
+2 1 0 1
cfi=(2)
cfn=(242)
calls=1 675 
* 29664 8810 1884 66 165 98 66 144 87
69 2 1
+1 1 0 1
198 1 1
-1 1 0 1
+1 3 3

fn=(160)
254 6 0 3 1 0 0 1
+2 1
-2 6 0 1
+2 1 0 1
cfn=(162)
calls=1 -52 
* 2716 615 327 108 34 36 108 34 36
+1 2 1 1 1 0 0 1
+1 1 1
+1 1 1
-1 1 0 1
+1 1 0 1
+2 6 5

fl=(34)
fn=(100)
98 3901 0 0 4 0 0 1
+33 3901
+1 3901
+2 3901
+1 3901
+21 3901
+1 3901
+1 3603
+1 3603
+1 3370 3370 0 0 307 0 0 109
+1 3370 3370 0 4 25 0 1 11
+1 3370 3370
+1 3370 3370
+17 3370
+1 3370
+1 3370
+1 3370
+1 3370
+1 3370
+1 3370
+5 62
+1 186
+9 62
+1 62
+1 62
+1 62
+1 62
+1 62
+1 62
+1 62
-7 531 0 0 3 0 0 1
+1 531
+1 531
+1 531
+1 531
+1 531
+1 531
+1 531
+1 469
+1 230
+1 230
+1 230
+2 230
+1 230
+1 230
+1 230 230 0 0 9 0 0 2
+1 230
+1 230
-5 239
+1 239
+1 239
+1 239 239 0 0 10
+1 239
+1 239
+10 124 124 0 2 23 0 1 3
+1 124
+1 124
+2 124 124 0 0 12 0 0 3
+6 124
+1 124
+1 124
+1 124
+1 124
+5 124
+2 104
+1 104
+1 208
+8 104 104 0 2 21 0 1 2
+1 104 104 0 0 3 0 0 3
+3 104
+1 104
+1 104
+1 104
+1 104
+1 104
-9 3 3
+1 3 3
+3 3
+1 3
+1 3
+1 3
+1 3
+1 3
+6 6
+1 6 6
+1 6 6 0 0 1
+3 6
+1 6
+1 6
+1 6 0 0 1
+1 6
+1 6
+5 3
+1 3
+9 2 0 0 1 0 0 1
+1 2 2 0 0 1
+1 2 2
+1 2
+1 2
+2 2
+1 2
+1 2 0 0 1 0 0 1
+1 2
+1 2
+1 2
+1 2
+1 2 2
+3 2
+1 2
+1 2
+6 2
+1 2
+1 4
+4 2 0 0 1 0 0 1
+1 2
+3 2 2 0 0 2 0 0 1
+1 2 2 0 0 2 0 0 1
+1 2
+2 2
+1 2
+1 2
+4 2
+1 2
+1 2
+1 2
+1 2
+1 2 0 0 1 0 0 1
+75 17 0 0 1 0 0 1
+1 17 17 0 0 6 0 0 1
+1 17 17 0 0 3 0 0 2
+1 17
+1 17
+2 17
+1 17
+1 17 0 0 1 0 0 1
+1 17
+1 17
+1 17
+1 17
+1 14 14
+3 14
+1 14
+1 14
+6 14
+1 14
+1 28
+4 14 0 0 1 0 0 1
+1 14
+3 14 14 0 0 2 0 0 2
+1 14 14 0 0 3 0 0 2
+1 14
+2 14
+1 14
+1 14
+4 14
+1 14
+1 14
+1 14
+1 14
+1 14 0 0 1 0 0 1
+7 2
+1 2
+2 2
+1 2
+2 2 2
+1 2 2
+1 2
+2 2
+1 2
+1 2
+4 2
+1 2
+1 2
+1 2
+1 2 0 0 1 0 0 1
+1 2
+41 2 0 0 1 0 0 1
+1 2 2 0 0 1
+1 2 2
+1 2
+1 2
+2 2
+1 2
+1 2 0 0 1 0 0 1
+1 2
+1 2
+1 2
+1 2
+1 2 2
+4 2
+1 2
+1 2
+6 2
+1 2
+1 4
+4 2 0 0 1 0 0 1
+1 2
+3 2 2
+1 2 2 0 0 1
+1 2
+2 2
+1 2
+1 2
+4 2
+1 2
+1 2
+1 2
+1 2
+1 2 0 0 1 0 0 1
+69 26 0 0 3 0 0 1
+1 26 26 0 0 13 0 0 2
+1 26 26 0 0 10 0 0 2
+1 26
+1 26
+2 26
+1 26
+1 26 0 0 4 0 0 1
+1 26
+1 26
+1 26
+1 26
+1 26 26
+4 26
+1 26
+1 26
+6 26
+1 26
+1 52
+4 26 0 0 4 0 0 1
+1 26
-1 3
+1 3
+3 29 29 0 0 8 0 0 2
+1 29 29 0 0 4 0 0 3
+1 29
+2 29
+1 29
+1 29
+4 29
+1 29
+1 29
+1 29
+1 29
+1 29 0 0 3 0 0 1
+7 8
+1 8
+2 8
+1 8
+2 8 8
+1 8 8 0 0 1 0 0 1
+1 8
+2 8
+1 8
+1 8
+4 8
+1 8
+1 8
+1 8
+1 8 0 0 2 0 0 1
+1 8
+7 3
+1 3
+1 3
+32 32 0 0 2 0 0 1
+1 32 32 0 0 4 0 0 1
+1 32 32 0 0 2
+1 32
+1 32
+2 32
+1 32
+1 32 0 0 2 0 0 1
+1 32
+1 32
+1 32
+1 32
+1 19 19
+4 19
+1 19
+1 19
+6 19
+1 19
+1 38
+4 19 0 0 2 0 0 1
+1 19
-1 3
+1 3
+3 22 22 0 0 1 0 0 1
+1 22 22 0 0 4 0 0 2
+1 22
+2 22
+1 22
+1 22
+4 22
+1 22
+1 22
+1 22
+1 22
+1 22 0 0 2 0 0 1
+7 4
+1 4
+2 4
+1 4
+2 4 4
+1 4 4 0 0 2 0 0 2
+1 4
+2 4
+1 4
+1 4
+4 4
+1 4
+1 4
+1 4
+1 4 0 0 2 0 0 1
+1 4
+7 3
+1 3
+1 3
+32 30 0 0 1 0 0 1
+1 30 30 0 0 7 0 0 1
+1 30 30
+1 30
+1 30
+2 30
+1 30
+1 30 0 0 1 0 0 1
+1 30
+1 30
+1 30
+1 30
+1 27 27
+4 27
+1 27
+1 27
+6 27
+1 27
+1 54
+4 27 0 0 1 0 0 1
+1 27
+3 27 27 0 0 1 0 0 1
+1 27 27 0 0 4 0 0 2
+1 27
+2 27
+1 27
+1 27
+4 27
+1 27
+1 27
+1 27
+1 27
+1 27 0 0 1 0 0 1
+7 3
+1 3
+2 3
+1 3
+2 3 3
+1 3 3
+1 3
+2 3
+1 3
+1 3
+4 3
+1 3
+1 3
+1 3
+1 3 0 0 1 0 0 1
+1 3
+41 9 0 0 3 0 0 1
+1 9 9 0 0 6 0 0 1
+1 9 9
+1 9
+1 9
+2 9
+1 9
+1 9 0 0 2 0 0 1
+1 9
+1 9
+1 9
+1 9
+1 9 9
+4 9
+1 9
+1 9
+6 9
+1 9
+1 18
+4 9 0 0 2 0 0 1
+1 9
-1 1
+1 1
+3 10 10 0 0 1
+1 10 10 0 0 6 0 0 1
+1 10
+2 10
+1 10
+1 10
+4 10
+1 10
+1 10
+1 10
+1 10
+1 10 0 0 3 0 0 1
+7 3
+1 3
+2 3
+1 3
+2 3 3
+1 3 3 0 0 1 0 0 1
+1 3
+2 3
+1 3
+1 3
+4 3
+1 3
+1 3
+1 3
+1 3 0 0 2 0 0 1
+1 3
+7 1
+1 1
+1 1
+32 44 0 0 1 0 0 1
+1 44 44 0 0 10 0 0 2
+1 44 44 0 0 11 0 0 1
+1 44
+1 44
+2 44
+1 44
+1 44 0 0 1 0 0 1
+1 44
+1 44
+1 44
+1 44
+1 38 38
+4 38
+1 38
+1 38
+6 38
+1 38
+1 76
+4 38 0 0 1 0 0 1
+1 38
+3 38 38 0 0 9 0 0 2
+1 38 38 0 0 8 0 0 3
+1 38
+2 38
+1 38
+1 38
+4 38
+1 38
+1 38
+1 38
+1 38
+1 38 0 0 1 0 0 1
+69 32 0 0 2 0 0 1
+1 32 32 0 0 5 0 0 1
+1 32 32 0 0 3 0 0 1
+1 32
+1 32
+2 32
+1 32
+1 32 0 0 2 0 0 1
+1 32
+1 32
+1 32
+1 32
+1 11 11
+4 11
+1 11
+1 11
+6 11
+1 11
+1 22
+4 11 0 0 2 0 0 1
+1 11
+3 11 11 0 0 2
+1 11 11 0 0 4 0 0 1
+1 11
+2 11
+1 11
+1 11
+4 11
+1 11
+1 11
+1 11
+1 11
+1 11 0 0 2 0 0 1
+7 1
+1 1
+2 1
+1 1
+2 1 1
+1 1 1
+1 1
+2 1
+1 1
+1 1
+4 1
+1 1
+1 1
+1 1
+1 1 0 0 1 0 0 1
+1 1
+41 65 0 0 3 0 0 1
+1 65 65 0 0 10 0 0 4
+1 65 65 0 0 14 0 0 3
+1 65
+1 65
+2 65
+1 65
+1 65 0 0 3 0 0 1
+1 65
+1 65
+1 65
+1 65
+1 33 33
+4 33
+1 33
+1 33
+6 33
+1 33
+1 66
+4 33 0 0 3 0 0 1
+1 33
-1 3
+1 3
+3 36 36 0 0 12 0 0 3
+1 36 36 0 0 5 0 0 4
+1 36
+2 36
+1 36
+1 36
+4 36
+1 36
+1 36
+1 36
+1 36
+1 36 0 0 2 0 0 1
+7 6
+1 6
+2 6
+1 6
+2 6 6
+1 6 6
+1 6
+2 6
+1 6
+1 6
+4 6
+1 6
+1 6
+1 6
+1 6 0 0 2 0 0 1
+1 6
+7 3
+1 3
+1 3
+32 19 0 0 3 0 0 1
+1 19 19 0 0 7 0 0 3
+1 19 19 0 0 8 0 0 3
+1 19
+1 19
+2 19
+1 19
+1 19 0 0 3 0 0 1
+1 19
+1 19
+1 19
+1 19
+1 11 11
+4 11
+1 11
+1 11
+6 11
+1 11
+1 22
+4 11 0 0 3 0 0 1
+1 11
+3 11 11 0 0 4 0 0 3
+1 11 11 0 0 4 0 0 3
+1 11
+2 11
+1 11
+1 11
+4 11
+1 11
+1 11
+1 11
+1 11
+1 11 0 0 3 0 0 1
+7 2
+1 2
+2 2
+1 2
+2 1 1
+1 1 1
+1 1
+2 1
+1 1
+1 1
+4 1
+1 1
+1 1
+1 1
+1 1
+1 1
+13 1 0 0 1 0 0 1
+1 1
+1 1
+1 1
+13 1 1
+1 1
+1 1
+1 1
+9 27 0 0 2 0 0 1
+1 27 27 0 0 7 0 0 5
+1 27 27 0 0 10 0 0 6
+1 27
+1 27
+2 27
+1 27
+1 27 0 0 2 0 0 1
+1 27
+1 27
+1 27
+1 27
+1 10 10
+4 10
+1 10
+1 10
+6 10
+1 10
+1 20
+4 10 0 0 2 0 0 1
+1 10
-1 1
+1 1
+3 11 11 0 0 2 0 0 1
+1 11 11 0 0 4 0 0 1
+1 11
+2 11
+1 11
+1 11
+4 11
+1 11
+1 11
+1 11
+1 11
+1 11 0 0 2 0 0 1
+7 5
+1 5
+2 5
+1 5
+2 5 5
+1 5 5 0 0 1
+1 5
+2 5
+1 5
+1 5
+4 5
+1 5
+1 5
+1 5
+1 5 0 0 2 0 0 1
+1 5
+7 1
+1 1
+1 1
+32 53 0 0 4 0 0 1
+1 53 53 0 0 5 0 0 2
+1 53 53 0 0 10 0 0 5
+1 53
+1 53
+2 53
+1 53
+1 53 0 0 4 0 0 1
+1 53
+1 53
+1 53
+1 53
+1 22 22
+4 22
+1 22
+1 22
+6 22
+1 22
+1 44
+4 22 0 0 2 0 0 1
+1 22
-1 1
+1 1
+3 22 22 0 0 4 0 0 2
+1 22 22 0 0 6 0 0 2
+1 22
+2 22
+1 22
+1 22
+4 22
+1 22
+1 22
+1 22
+1 22
+1 22 0 0 2 0 0 1
+7 3
+1 3
+2 3
+1 3
+2 3 3
+1 3 3 0 0 1
+1 3
+2 3
+1 3
+1 3
+4 3
+1 3
+1 3
+1 3
+1 3 0 0 1 0 0 1
+1 3
+7 1
+1 1
+1 1
+4 1 0 0 1
+1 1
+1 1
+1 1
+13 1 1 0 1
+1 1
+1 1
+1 1
+9 37 0 0 3 0 0 1
+1 37 37 0 0 13 0 0 6
+1 37 37 0 0 6 0 0 2
+1 37
+1 37
+2 37
+1 37
+1 37 0 0 4 0 0 1
+1 37
+1 37
+1 37
+1 37
+1 17 17
+4 17
+1 17
+1 17
+6 17
+1 17
+1 34
+4 17 0 0 4 0 0 1
+1 17
-1 2
+1 2
+3 19 19 0 0 4 0 0 2
+1 19 19 0 0 3 0 0 2
+1 19
+2 19
+1 19
+1 19
+4 19
+1 19
+1 19
+1 19
+1 19
+1 19 0 0 4 0 0 1
+7 6
+1 6
+2 6
+1 6
+2 6 6
+1 6 6 0 0 1
+1 6
+2 6
+1 6
+1 6
+4 6
+1 6
+1 6
+1 6
+1 6 0 0 3 0 0 1
+1 6
+7 2
+1 2
+1 2
+32 74 0 0 3 0 0 1
+1 74 74 0 0 12 0 0 8
+1 74 74 0 0 7 0 0 5
+1 74
+1 74
+2 74
+1 74
+1 74 0 0 3 0 0 1
+1 74
+1 74
+1 74
+1 74
+2 20 20
+4 20
+1 20
+1 20
+6 20
+1 20
+2 40
+4 20 0 0 2 0 0 1
+1 20
-1 5
+1 5
+3 25 25 0 0 4 0 0 3
+1 25 25 0 0 2 0 0 2
+1 25
+2 25
+1 25
+1 25
+4 25
+1 25
+1 25
+1 25
+1 25
+1 25 0 0 2 0 0 1
+7 6
+1 6
+2 6
+1 6
+2 6 6
+1 6 6 0 0 3 0 0 2
+1 6
+2 6
+1 6
+1 6
+4 6
+1 6
+1 6
+1 6
+1 6 0 0 1
+1 6
+7 5
+1 5
+1 5
+4 1 0 0 1 0 0 1
+1 1
+1 1
+1 1
+7 1
+1 1
+1 1
+11 2 0 0 1
+1 2
+1 2
+1 4
+4 2
+2 2
+1 2
+1 2
+1 2
-5 363 0 0 1
+2 363
+1 363
+1 363
+1 363
-3 228 0 0 1 0 0 1
+1 228
+1 228
+1 228
+1 460
+5 230 0 0 1
+6 230 230
+1 230 230
+8 230
+1 230 230
-16 3671 0 0 3 0 0 1
+6 3671 3671
+1 3671 3671
+8 3671
+1 3671 3671

fn=(248)
98 1 0 0 1 0 0 1
+27 1
+1 1
+1 1
+1 1
+1 1
+2 1
+1 1
+2 1 0 0 1 0 0 1
+1 1
+21 1
+1 1
+44 1 0 0 1 0 0 1
+1 1
+1 1
+1 1
+1 1
+1 1
+1 1
+1 1
+1 1
+5 1 0 0 1 0 0 1
+1 1
+1 1
+1 1 1 0 0 1 0 0 1
+1 1
+1 1
1613 1 0 0 1 0 0 1
+1 1 1
+1 1 1
+1 1
+1 1 0 0 1 0 0 1
+2 1
+1 1
+1 1
+1 1
+1 1
+1 1
+1 1
2095 1 0 0 1 0 0 1
+1 1
+1 1
+1 1 0 0 1 0 0 1
+6 1
+3 1
+1 1
+2 1 1
+1 1 1
+8 1
+1 1 1

fl=(66)
fn=(212)
61 84 0 28 1 0 0 1
+7 14 14
-4 42 42
+1 14 14
-1 98 14 14 0 0 1 0 0 1
cfi=(32)
cfn=(168)
calls=14 1945 
* 32117 6531 2770 89 225 217 88 223 216
* 14 0 14
+5 42 42

fn=(210)
143 5 0 1 1 0 0 1
+1 2 0 0 1 0 0 1
-1 1
+1 1
-1 2 0 2
+1 1
-1 1 0 1
+1 1
-1 2 0 1
+1 1
-1 1 0 1
+1 1
-1 2 0 1 0 0 1 0 0 1
+1 8 0 0 1 0 0 1
-8 1 1
+8 2
-8 1 0 0 1 0 0 1
-6 1
-2 1 0 1 0 0 1 0 0 1
+16 1
-8 1
-7 1 0 1
+1 1 0 1
+6 1 0 1
+24 4
-28 3 0 1
-2 1 0 0 1 0 0 1
+31 1 1
-33 2 0 1
+2 2
+30 2
-30 1
-1 4 0 1
+7 4 1 1 1 0 0 1
+24 3
+28 3 1 1
-6 1 1
+46 1
-64 1 1
fi=(72) /usr/src/debug/glibc-2.38-14.fc39.x86_64/elf/../include/scratch_buffer.h
-87 2 0 1 0 0 1 0 0 1
fe=(66)
228 1
-64 1 0 1 1 0 0 1
fi=(72)
-86 1 0 1
fe=(66)
184 1 0 1
+44 5 0 5
-31 1 1 0 1 0 0 1
-4 1 0 1
+4 9 7 0 0 3
-4 7 0 7
+4 14
+11 20 10 0 0 2 0 0 1
-18 2
+18 4 2
417 16 0 0 1 0 0 1
+2 6
+3 6
-3 18 0 12
+3 6
-3 6 0 6
fi=(30)
56 6 6 6
cfi=(29)
cfn=(84)
calls=6 -21 
* 156 36 36
fe=(66)
423 18 12 0 1 0 0 1
fi=(30)
56 6
fe=(66)
423 6
+6 6 0 6 0 0 1 0 0 1
+1 36 0 12
cfi=(31)
cfn=(88)
calls=6 210 
* 74 20 14 0 0 2 0 0 2
+1 30 0 6
cfi=(31)
cfn=(88)
calls=6 210 
* 74 20 14 0 0 3 0 0 3
+3 6 0 6
+1 12 6 6
+4 24 8 0 1 0 0 1
188 14 7
442 21 7
-1 8 8
+1 16
183 7 5
+27 24 18 0 2 0 0 2
+7 6 6
+4 6 6
-6 6 0 6
+1 6 0 6 0 0 1 0 0 1
+1 6 0 6
+1 12 6 6
+3 18 6 0 0 1
-2 6 0 6 1 0 0 1
-29 30 0 18
+32 346
+6 56 28 14 0 1
cfi=(32)
cfn=(174)
calls=14 +10 
* 730 149 98 0 7 2 0 7 2
* 42 0 0 1 0 0 1
+4 28 0 0 1 0 0 1
-2 14 0 14
+2 28 0 14
cfi=(51)
cfn=(162)
calls=14 -28 
* 33363 6881 3148 90 225 221 89 223 220
+1 28 14 0 1 0 0 1
+9 14 14
+2 28 14
+5 30 0 6
+6 6 6 0 1 0 0 1
+2 6 0 6
-8 12
+3 6 0 6
+1 6 0 6
+1 6 0 6
+1 6 0 6
+4 6 6
-3 6 0 6
+3 18 0 6 1 0 0 1
+4 42 14
+1 27 0 9 0 0 1 0 0 1
-43 710 185 0 0 8
+7 28 0 0 1 0 0 1
+38 477 0 0 1 0 0 1
fi=(72)
85 3 1 0 1 0 0 1
fe=(66)
448 5 1 0 1 0 0 1
+1 1 0 1
+3 4 1 1
+11 5 1 2 1 0 0 1
fi=(30)
56 1 1 1
cfi=(29)
cfn=(84)
calls=1 -21 
* 26 6 6
fe=(66)
465 3 2 0 1 0 0 1
fi=(30)
56 1
fe=(66)
465 1
+5 1 1
+4 1
-2 1
-2 1
+1 1 0 1
-1 2 0 1
+4 1
+4 24 8 0 1 0 0 1
+7 8
-1 8
+1 8 0 8 0 0 2 0 0 2
-1 8
+1 8
+5 8 0 8
-16 24 8
+21 3 1
+37 2 0 0 1 0 0 1
+15 1
-11 1 1
+11 1
-14 2
+20 1 1 0 1 0 0 1
-1 4 0 1
+1 4 1 1
-1 5 1 1 1 0 0 1
cfi=(13)
cfn=(236)
calls=1 298 
* 541 149 96 13 1 0 13
+5 1 0 1
+2 1 1
+1 1 0 1
+1 1 1
-2 1 0 1
+2 2
+7 3 1 0 1 0 0 1
+3 2
+3 8 7 0 0 1
198 53 23 0 1 1 0 1 1
+3 6 0 0 1 0 0 1
fi=(72)
-70 24 0 12
cfi=(71)
cfn=(232)
calls=6 30 
* 150 36 24 2 0 0 2
fe=(66)
+70 18 6
+4 12 6
547 4 0 3 1 0 0 1
cfi=(31)
cfn=(88)
calls=1 210 
* 19 5 4
* 3 2
144 2 0 1 1 0 1 1 0 1

fl=(90)
fn=(452)
27 1 0 0 1 0 0 1
+2 2
-2 1 0 1
+6 3
-6 3 0 1
+6 1
-6 2 0 1
+6 1 0 1
cfi=(89)
cfn=(446)
calls=1 +41 
* 254 55 19 0 10 0 0 5
+4 2
+2 3 2 0 1 0 0 1
+2 1 1
-1 1
-1 1 1
+2 2 2
-1 1
cob=(2)
cfi=(81)
cfn=(454)
calls=1 -40 
* 337 75 38 16 24 5 15 6 5

fl=(89)
fn=(446)
74 33 0 21 1 0 0 1
+1 3 3
-1 3 0 3
+4 3 3
-4 3 0 3 1 0 0 1
+2 6
+2 9
+37 3
-37 9 6 0 0 2
+1 6
+2 9 3
+3 25 5 0 0 3
+2 3
+1 12 9 0 1 0 0 1
-1 6
+1 3 0 3
cfn=(448) check_match
calls=3 -56 
* 516 117 27 4 16 0 4 7
* 3
+3 6
+3 6
+23 27 21

fn=(448)
31 33 0 18 2 0 0 2
+1 15 9
+1 9
+2 6 3 0 0 3 0 0 1
+1 6 3
+12 9 3 3 1 0 0 1
+3 6 6
+2 9 3 3
cfi=(34)
cfn=(100)
calls=3 +45 
* 227 31 0 0 7 0 0 5
* 6
+4 6 6 0 0 3
+1 18 6 0 1 1 0 1
+1 9 3 3
cfi=(34)
cfn=(100)
calls=3 +39 
* 121 23 0 0 2 0 0 1
-19 9
+24 27 21

fl=(39)
fn=(134) copy_hwcaps
74 10 0 6 1 0 0 1
+6 2 0 0 1 0 0 1
-6 2 0 2
+6 2
-6 6 0 2
fi=(42) /usr/src/debug/glibc-2.38-14.fc39.x86_64/elf/./dl-hwcaps.h
-31 2 0 2
+2 2 0 2
+32 2 0 2
+1 2 0 2
+1 6 4
fe=(39)
+1 4 4
-1 2 0 2
+1 8 0 6 0 0 2 0 0 2
cfi=(31)
cfn=(138)
calls=2 197 
* 26 6 4 1 0 0 1
+4 2 0 2
+2 2 2
+2 2
-3 2 2
+1 4 0 2
+1 4 0 2
+1 2 0 2
-11 4 0 2
cfi=(41)
cfn=(120)
calls=2 -26 
* 146 31 20
* 4 0 2 1 0 0 1
cfi=(41)
cfn=(120)
calls=2 -26 
* 180 38 26 0 0 1 0 0 1
* 8
+13 14 12

fn=(114)
172 8 0 4 1 0 0 1
+3 1
-3 1 0 1
+3 1
-3 5 0 4 1 0 1 1 0 1
+2 1 0 1 0 0 1 0 0 1
cfi=(40)
cfn=(116)
calls=1 29 
* 49 6 0 4 0 0 4
+1 1
fi=(42)
43 1 0 1
fe=(39)
174 1 0 1
fi=(42)
45 2 0 1
+32 1 0 1
+1 1 0 1
+1 1
fe=(39)
-27 2 0 1 1 0 0 1
cfi=(41)
cfn=(120)
calls=1 -1 
* 26 8 6 3 0 1 3 0 1
* 2
fi=(42)
-9 1
+2 1 0 1
-2 1 0 1
+34 2 1 1
+1 2 1 1
+1 1
fe=(39)
-24 2 2
-1 2
+1 2
+1 2
+1 2
-5 4 0 2
cfi=(41)
cfn=(120)
calls=2 -1 
* 146 31 20
* 2 0 1 1 0 0 1
cfi=(41)
cfn=(120)
calls=1 -1 
* 154 30 20 4 1 0 4 1
* 6
+48 4 0 2
fi=(30)
-44 2 1 1
cfi=(29)
cfn=(84)
calls=1 -21 
* 26 6 6
fe=(39)
+46 2 1
-2 1 0 1
+2 1 0 0 1 0 0 1
+3 1 0 1
+3 1
fi=(42)
-65 1 0 1
+2 1 0 1
fe=(39)
+67 1 0 1
fi=(42)
-66 1
fe=(39)
+66 2 0 1 1 0 0 1
cfi=(41)
cfn=(122)
calls=1 -87 
* 13 5 3
* 2
fi=(42)
-69 1
+2 1 0 1
-2 1 0 1
+34 2 1 1
+1 2 1 1
+1 1
fe=(39)
+48 10 4 2
+1 4 2 2
+1 2
+1 2
-1 2 0 2
-4 4 0 2
cfi=(41)
cfn=(120)
calls=2 -74 
* 146 31 20
* 2 0 1 1 0 0 1
cfi=(41)
cfn=(120)
calls=1 -74 
* 154 30 20
* 6
+8 3 1
+9 4 1 1 1 0 0 1
+3 1 1
-3 7 0 5
+1 6 0 1 1 0 0 1
+14 4
+4 1 1
+1 1 1
+1 1 0 1
-20 3
+19 1 0 1
+1 1 0 1
-20 2
+8 2 2 0 1 0 0 1
+4 2 2
-4 3
+4 2 0 1
cfi=(44)
cfn=(130)
calls=1 -96 
* 19 5 0 2 0 0 2
+1 3 1
-14 8 6 0 1 0 0 1
+47 2 1
-4 1
+4 1 0 1 0 0 1 0 0 1
-3 1 0 0 1 0 0 1
+7 1 1
-7 2
+7 1
fi=(30)
56 1 1 1
cfi=(29)
cfn=(84)
calls=1 -21 
* 26 6 6
* 1
fe=(39)
194 2
+7 1 0 1
+1 1 1
+1 4
-1 4 1 1 1 0 0 1
+1 1 0 1
cfn=(134)
calls=1 74 
* 53 14 16 3 0 1 3 0 1
+1 5 2 1
cfn=(134)
calls=1 74 
* 397 85 72 1 0 2 1 0 2
+4 2 2
+1 1 0 1
-1 1 0 1
+5 2 1 1 1 0 0 1
+3 9 7

fl=(77)
fn=(270)
207 99 0 72 1 0 1 1
+1 18 9
+12 24
+4 8
-4 8 0 0 1 0 0 1
+6 24
+3 8 8
-1 8 8 0 0 5
+1 16
+22 40 16 0 1 0 0 1
+4 6 0 0 1 0 0 1
+7 12 3 3 0 1
fi=(6)
72 10 3
+6 8 6 0 0 2
+4 6 2 0 1 2 0 1 2
+16 2 2
-10 2 0 2
+10 4
+20 4 2
+8 2
fi=(4)
-47 2 2
fe=(77)
301 4 2
fi=(4)
79 4
fe=(77)
301 4
fi=(4)
79 6 6 0 1 0 0 1
fe=(77)
301 12 6 0 0 2
fi=(4)
79 12
fe=(77)
301 9852 47 1070 2 12 197 2 5 195
fi=(4)
79 2 2
fe=(77)
301 2 2
fi=(4)
79 4
fe=(77)
301 365 80 55 4 27 0 4
-80 2
fi=(6)
377 6 0 4
fe=(77)
190 4 0 2
+31 4 0 2
fi=(6)
377 2
fi=(5)
49 2 2
fe=(77)
301 2 2
fi=(5)
50 2 2
+30 2 2
-31 4
+4 2 2
-3 2
+3 2
-3 2 0 2
+3 6 2
+27 4
fe=(77)
301 6
-80 6
fi=(6)
377 18 0 12
fe=(77)
190 12 0 6
+31 12 0 6 1 0 0 1
fi=(6)
377 6
fi=(5)
49 6 6
fe=(77)
301 6 6
fi=(5)
50 6 6
+30 6 6
-31 12
+4 6 6
-3 6
+3 6
-3 6 0 6
+3 18 6
+27 12 0 0 1 0 0 1
-31 8 8 0 0 3
fe=(77)
301 8 8
fi=(5)
50 8 8
+30 8 8
-31 16
+4 8 8
-3 8
+3 8
-3 8 0 8
+3 24 8
+27 16
-7 2
-1 2
+11 14 2 2
fi=(6)
498 104 52
+4 104
+3 156 52 0 0 1
+1 52 0 52 0 0 8 0 0 7
fi=(5)
83 156
+2 208 52 0 1 20 0 1 20
+11 10 2 0 1 0 0 1
fe=(77)
301 64 16 0 2 0 0 2
fi=(5)
51 8 8
fi=(4)
+28 16 8
fe=(77)
304 56 16
+24 8 0 8
+3 16 8
+17 16 8 0 0 7
+2 8 7
-98 16 8 0 1 7 0 1
+3 10 0 0 1 0 0 1
+7 5 5 0 0 2
-9 5
+9 15 0 5
fi=(5)
114 42 0 0 1 0 0 1
+9 28
+1 4 4 0 0 4 0 0 2
fi=(6)
482 4 4 0 0 2 0 0 2
fi=(5)
124 4
fi=(6)
482 8
fi=(5)
124 1040 1040 0 0 129 0 0 129
fi=(6)
482 1040 1040 0 0 129 0 0 129
fi=(5)
124 1040
fi=(6)
482 2080
+5 2088
+1 1044 1044 0 0 130 0 0 130
fi=(5)
123 1044
fi=(6)
488 1044
-5 1044 0 1044 0 0 285 0 0 282
fi=(5)
123 2088
+3 42 14 0 1 10 0 1
+3 52 26 13 0 8 1
+2 39 13 0 1 0 0 1
-59 7
fe=(77)
190 14
fi=(5)
73 7 0 7 0 0 1
fe=(77)
190 49 0 42 1 0 1 1
fi=(5)
-57 14 14 0 0 6 0 0 3
+1 7 7
+1 7 7
-2 7
+2 7 7
+3 7
-5 7
+2 7 0 7
-2 7 7 0 1 7 0 1 3
+1 14
+2 7
-2 7 0 7
+2 21 7 0 0 1
+2 14
-5 9448 9448 0 0 1417 0 0 1417
+1 4724 4724
+1 4724 4724
-2 4724
+2 4724 4724
+3 4724
-5 4724
+2 4724 0 4724
-2 4724 4724 0 0 1939 0 0 271
+1 9448
+2 4724
-2 4724 0 4724
+2 14172 4724
+2 9448
+9 4666 0 4666
fi=(6)
253 9332
+7 9332 0 0 1 0 0 1
+4 9332
fe=(77)
-94 18664 4666 0 0 2760 0 0 1819
fi=(4)
-30 13941 4647
fe=(77)
+31 9294
+3 9294 4647 0 0 7 0 0 1
+8 6052 0 0 1 0 0 1
-8 27204
+12 6040 6040 0 0 1
-3 3020 0 3020
+1 3020 0 3020 1 0 0 1
+2 12092 6052 0 0 1
-3 6 0 6
+1 6 0 6
+2 3050 12
+1 3026
-1 3026
+2 6052
-1 12104 3026 3026 0 168
+3 18156 6052 9078 1 0 1 1
cfi=(78)
cfn=(278)
calls=3026 773 
* 2295055 605579 209527 79 12237 60 77 4273 43
+3 3026 3026
+1 6052 3026
-4 3026
+4 15130 6052 3026 0 0 2
fi=(6)
+79 18566 4625 0 1 0 0 1
+3 4625 4625
-3 13894 4644 0 0 8
+3 4644
-3 4644 4644
+3 9288
+1 9288
+1 9384 32
+25 27932 4666 0 1 8 0 1 2
407 8349 5566 2783 0 349 903 0 349 361
fi=(5)
150 8349 2783
fi=(6)
407 3712 1856 1856 0 0 438 0 0 233
fi=(5)
150 5624 1858
-19 18924 4731 0 1 0 0 1
+33 49 28 0 0 1
+1 78 3 6 1 0 0 1
+1 246 82
+3 130 65 0 1 0 0 1
+2 65 65
+2 65 65
-4 65 65
+2 65
+1 65 65
-1 65
+2 130 0 65
fe=(77)
-3 260 65 0 0 1
fi=(6)
273 65 65 0 1 0 0 1
+3 65
-3 65 65
+4 130
461 65 65
-1 130 130 0 0 1
+1 130
+1 65 0 65
cfi=(15)
cfn=(450)
calls=1 71 
* 6 2 0 2 0 0 1
cob=(3)
cfi=(83)
cfn=(414)
calls=1 0 
* 8 4 0 1 0 0 1
cob=(3)
cfi=(83)
cfn=(412)
calls=1 0 
* 9 4 0 1 0 0 1
cob=(3)
cfi=(83)
cfn=(410)
calls=1 0 
* 9 4 0 2 0 0 2
cob=(3)
cfi=(83)
cfn=(408)
calls=1 0 
* 9 4 0 2 0 0 2
cob=(3)
cfi=(83)
cfn=(406)
calls=1 0 
* 8 4 0 1 0 0 1
cob=(3)
cfi=(83)
cfn=(404)
calls=1 0 
* 6 3 0 2 0 0 2
cob=(3)
cfi=(83)
cfn=(402)
calls=1 0 
* 9 4 0 2 0 0 2
cob=(3)
cfi=(83)
cfn=(400)
calls=1 0 
* 8 4 0 2 0 0 2
cob=(3)
cfi=(83)
cfn=(398)
calls=1 0 
* 9 4 0 2 0 0 2
cob=(3)
cfi=(83)
cfn=(396)
calls=1 0 
* 9 4 0 1 0 0 1
cob=(3)
cfi=(83)
cfn=(394)
calls=1 0 
* 8 4 0 1 0 0 1
cob=(3)
cfi=(83)
cfn=(392)
calls=1 0 
* 9 4 0 2 0 0 2
cob=(3)
cfi=(83)
cfn=(390)
calls=1 0 
* 9 4 0 1 0 0 1
cob=(3)
cfi=(83)
cfn=(388)
calls=1 0 
* 9 4 0 1 0 0 1
cob=(3)
cfi=(83)
cfn=(386)
calls=1 0 
* 9 4 0 2 0 0 2
cob=(3)
cfi=(83)
cfn=(384)
calls=1 0 
* 9 4 0 1 0 0 1
cob=(3)
cfi=(83)
cfn=(382)
calls=1 0 
* 9 4 0 2 0 0 2
cob=(3)
cfi=(83)
cfn=(380)
calls=1 0 
* 9 4 0 2 0 0 2
cob=(2)
cfi=(81)
cfn=(372)
calls=1 0 
* 21 4 0 2 0 0 2
cob=(2)
cfi=(81)
cfn=(370)
calls=1 0 
* 22 4 0 3 0 0 3
cob=(2)
cfi=(81)
cfn=(368)
calls=1 0 
* 18 4 0 2 0 0 2
cob=(2)
cfi=(81)
cfn=(366)
calls=1 0 
* 7 3 0 2 0 0 2
cob=(2)
cfi=(81)
cfn=(364)
calls=1 0 
* 23 4 0 2 0 0 2
cob=(2)
cfi=(81)
cfn=(362)
calls=1 0 
* 22 4 0 3 0 0 3
cob=(2)
cfi=(81)
cfn=(360)
calls=1 0 
* 17 4 0 2 0 0 2
cob=(2)
cfi=(81)
cfn=(358)
calls=1 0 
* 22 4 0 3 0 0 3
cob=(2)
cfi=(81)
cfn=(356)
calls=1 0 
* 24 5 0 2 0 0 2
cob=(2)
cfi=(81)
cfn=(354)
calls=1 0 
* 19 4 0 2 0 0 2
cob=(2)
cfi=(81)
cfn=(352)
calls=1 0 
* 25 5 0 2 0 0 2
cob=(2)
cfi=(81)
cfn=(350)
calls=1 0 
* 18 4 0 2 0 0 2
cob=(2)
cfi=(81)
cfn=(348)
calls=1 0 
* 21 4 0 2 0 0 2
cob=(2)
cfi=(81)
cfn=(346)
calls=1 0 
* 17 4 0 2 0 0 2
cob=(2)
cfi=(81)
cfn=(344)
calls=2 0 
* 20 8 0 2 0 0 2
cob=(2)
cfi=(81)
cfn=(342)
calls=1 0 
* 24 5 0 2 0 0 2
cob=(2)
cfi=(81)
cfn=(340)
calls=1 0 
* 25 5 0 2 0 0 2
cob=(2)
cfi=(81)
cfn=(338)
calls=1 0 
* 21 4 0 3 0 0 3
cob=(2)
cfi=(81)
cfn=(336)
calls=1 0 
* 17 4 0 2 0 0 2
cob=(2)
cfi=(81)
cfn=(334)
calls=1 0 
* 16 4 0 3 0 0 3
cob=(2)
cfi=(81)
cfn=(332)
calls=1 0 
* 7 3 0 1 0 0 1
cob=(2)
cfi=(81)
cfn=(330)
calls=1 0 
* 21 4 0 2 0 0 2
cob=(2)
cfi=(81)
cfn=(328)
calls=1 0 
* 21 4 0 3 0 0 3
cob=(2)
cfi=(81)
cfn=(326)
calls=2 0 
* 46 8 0 2 0 0 2
cob=(2)
cfi=(81)
cfn=(324)
calls=1 0 
* 19 4 0 2 0 0 2
cob=(2)
cfi=(81)
cfn=(322)
calls=1 0 
* 25 5 0 2 0 0 2
cob=(2)
cfi=(81)
cfn=(320)
calls=1 0 
* 25 5 0 1 0 0 1
cob=(2)
cfi=(81)
cfn=(318)
calls=1 0 
* 24 4 0 1 0 0 1
cob=(2)
cfi=(81)
cfn=(316)
calls=1 0 
* 19 4 0 2 0 0 2
cob=(2)
cfi=(81)
cfn=(314)
calls=2 0 
* 50 10 0 2 0 0 2
cob=(2)
cfi=(81)
cfn=(312)
calls=1 0 
* 22 4 0 5 0 0 5
cob=(2)
cfi=(81)
cfn=(310)
calls=1 0 
* 18 4 0 1 0 0 1
cob=(2)
cfi=(81)
cfn=(308)
calls=1 0 
* 25 5 0 2 0 0 2
cob=(2)
cfi=(81)
cfn=(306)
calls=1 0 
* 22 4 0 4 0 0 4
cob=(2)
cfi=(81)
cfn=(304)
calls=1 0 
* 22 4 0 4 0 0 4
cob=(2)
cfi=(81)
cfn=(302)
calls=1 0 
* 19 4 0 2 0 0 2
cob=(2)
cfi=(81)
cfn=(300)
calls=1 0 
* 24 4 0 2 0 0 2
cob=(2)
cfi=(81)
cfn=(298)
calls=1 0 
* 19 4 0 3 0 0 3
cob=(2)
cfi=(81)
cfn=(296)
calls=1 0 
* 19 4 0 3 0 0 3
cob=(2)
cfi=(81)
cfn=(294)
calls=1 0 
* 7 3 0 2 0 0 2
cob=(2)
cfi=(81)
cfn=(292)
calls=2 0 
* 50 10 0 2 2 0 2
cob=(2)
cfi=(81)
cfn=(290)
calls=1 0 
* 28 9 8 4 2 2 4 0 2
fi=(5)
165 65 0 0 1 0 0 1
fi=(6)
463 65 0 65 0 0 2
fi=(5)
165 139 3
-14 3771 1257 0 1 2 0 1
fi=(6)
330 6 0 0 1 0 0 1
+1 9 6 3 0 2 2 0 0 1
fi=(5)
150 6 3 0 1 0 0 1
fi=(6)
384 60 20 0 1 0 0 1
+2 80 20 0 1 1 0 1
+4 20 20
+9 20 20
-9 40 20 0 0 2 0 0 2
+9 20 0 20 0 0 7 0 0 7
fi=(5)
150 40 20
fi=(6)
336 6 2
+11 2 2 0 1 0 0 1
-9 4 4
+9 2 0 2
fi=(5)
150 4 2
fi=(6)
444 6 2
+5 4 4
-1 6 2 2 1 0 0 1
+1 4
-1 2 0 2
cfi=(31)
cfn=(88)
calls=2 210 
* 141 36 34 6 10 9 4 10 9
+2 10 6
+1 4
273 95 19 0 1 0 0 1
fi=(5)
141 65 65
+1 65 0 65
-1 195 0 65
+2 65 0 0 1 0 0 1
fi=(6)
273 325 65 0 1 0 0 1
fe=(77)
-98 14581 1621 0 2 0 0 2
+3 1621 1621
-1 1621 0 1621
+19 1621 1621
-18 3242 0 1621
fi=(6)
281 64
+1 96 32 0 1 0 0 1
+11 64 0 64 1 0 8 1
+7 32 0 32
cob=(2)
cfi=(81)
cfn=(372)
calls=1 0 
* 21 4
cob=(2)
cfi=(81)
cfn=(330)
calls=1 0 
* 21 4
cob=(2)
cfi=(81)
cfn=(344)
calls=1 0 
* 10 4 0 0 1
cob=(2)
cfi=(81)
cfn=(322)
calls=1 0 
* 25 5 0 0 4
cob=(2)
cfi=(81)
cfn=(354)
calls=1 0 
* 19 4 0 0 1
cob=(2)
cfi=(81)
cfn=(342)
calls=2 0 
* 48 10 0 0 3
cob=(2)
cfi=(81)
cfn=(296)
calls=2 0 
* 38 8 0 0 2
cob=(2)
cfi=(81)
cfn=(316)
calls=2 0 
* 38 8
cob=(2)
cfi=(81)
cfn=(366)
calls=1 0 
* 7 3 0 0 2
cob=(2)
cfi=(81)
cfn=(424)
calls=1 0 
* 10 3 0 2 2 0 2
cob=(2)
cfi=(81)
cfn=(326)
calls=1 0 
* 23 4
cob=(2)
cfi=(81)
cfn=(328)
calls=2 0 
* 42 8 0 0 2
cob=(2)
cfi=(81)
cfn=(422)
calls=1 0 
* 7 3 0 3 1 0 3
cob=(2)
cfi=(81)
cfn=(356)
calls=1 0 
* 24 5 0 0 2
cob=(2)
cfi=(81)
cfn=(364)
calls=1 0 
* 23 4
cob=(2)
cfi=(81)
cfn=(302)
calls=1 0 
* 19 4
cob=(2)
cfi=(81)
cfn=(362)
calls=3 0 
* 66 12 0 0 1
cob=(2)
cfi=(81)
cfn=(312)
calls=3 0 
* 66 12 0 0 2
cob=(2)
cfi=(81)
cfn=(300)
calls=3 0 
* 72 12 0 0 3
cob=(2)
cfi=(81)
cfn=(352)
calls=3 0 
* 75 15 0 0 5
* 96 64
+3 64
fe=(77)
+46 16 0 8 1 0 0 1
cfn=(374) _dl_protect_relro
calls=8 +6 
* 240 64 24 5 0 0 5
+1 64 56 0 0 4
fi=(6)
123 8 2 0 0 1
-2 4 0 2
fe=(77)
301 15 0 5 1 0 0 1
175 8 0 0 1 0 0 1
+15 2
fi=(5)
73 1 0 1
fe=(77)
190 1 0 1
fi=(5)
-10 1 1
fe=(77)
+10 1 0 1
fi=(5)
-10 7 0 4 1 0 0 1
+2 2 2 0 0 1 0 0 1
+1 2 2
-1 1
+3 1
-3 4 0 1 1 0 0 1
+3 2
-3 10 10 0 0 2 0 0 2
+1 10 10
-1 5
+3 5
-3 20 0 5
+3 10
+8 6 0 6
fi=(6)
+60 12
+7 12
+4 12
fe=(77)
-94 24 6 0 1 3 0 1 3
fi=(4)
-30 18 6
fe=(77)
+31 12
+3 12 6 0 0 1
+8 12
-8 54 0 0 1 0 0 1
+12 12 12
-3 6 0 6
+1 6 0 6
+2 36 12 6 1 0 0 1
+4 24 6 6
-4 6
+4 18 6 12
cfi=(78)
cfn=(278)
calls=6 773 
* 3931 1128 395 1 28 0 1 6
+3 6 6
+1 12 6
-4 6
+4 30 12 6 1 0 0 1
fi=(6)
+79 21 3
+3 3 3
-3 9 3 0 0 1
+3 3
-3 3 3
+3 6
+1 6 0 0 1 0 0 1
+1 6
+25 36 6 0 0 1 0 0 1
407 6 0 6 0 0 1 0 0 1
fi=(5)
196 18 6 0 1 0 0 1
-16 24 6
+31 6 3
fe=(77)
-36 6476 0 0 1 0 0 1

fn=(374)
355 48 0 16 1 0 0 1
+1 40 24 0 1 0 0 1
+3 8 8
-3 8
+3 8
+4 16
+7 24 24
-6 24 0 8
cfi=(82)
cfn=(376)
calls=8 117 
* 48 8 0 2 0 0 2
* 16 0 0 1 0 0 1

fl=(9)
fn=(18) _dl_sysdep_parse_arguments
78 1 0 1 1 0 0 1
+2 1
-2 6 0 3
+1 1 1 0 0 1 0 0 1
+1 1 0 1
-1 1 0 1
+2 2
+2 1 1 0 0 1 0 0 1
-2 1 0 1 0 0 1 0 0 1
+2 2
-1 1 0 0 1 0 0 1
+1 2 1
-1 61
+1 122 61 0 0 7 0 0 7
+7 56 0 52 0 0 7 0 0 7
fi=(10) /usr/src/debug/glibc-2.38-14.fc39.x86_64/elf/../sysdeps/unix/sysv/linux/dl-parse_auxv.h
-49 1 1 0 0 1 0 0 1
fe=(9)
+45 1
fi=(10)
-54 1
fe=(9)
+54 1 0 1 0 0 1 0 0 1
fi=(10)
-54 1 0 1
+1 1 0 1 1 0 0 1
+1 1 0 1
+7 3
+1 44
+1 44 22 22
-2 89 23 0 1 5 0 1 5
fe=(9)
+52 1 1
+1 1 1
+1 1 1
fi=(10)
-49 1 1
+1 2 2
+1 1 1
+1 1 1
+1 1 1 0 1 0 0 1
+1 1 1
+1 1 1
+2 1 1
-5 1 0 1
-2 1 0 1 0 0 1 0 0 1
+1 1 0 1
+2 1 0 1
+1 1 0 1
+3 1 0 1 1 0 1 1 0 1
-9 1 0 1
+1 1 0 1
+6 1 0 1
fe=(9)
+42 1 0 1
-1 1 0 1
+2 1 0 1
+1 6 5

fn=(466)
147 1 0 0 1 0 0 1
+1 1 1

fn=(16)
102 5 0 2 1 0 0 1
+4 1
-4 1
+1 1 0 1
+3 1 0 1 0 0 1 0 0 1
cfn=(18)
calls=1 -28 
* 476 127 97 6 15 11 6 15 11
+4 2 1 1
cfi=(11)
cfn=(22)
calls=1 274 
* 34589 6689 7 8 75 0 8 75
+3 1 0 1
cfi=(13)
cfn=(26)
calls=1 289 
* 36 7 4 3 1 0 3 1
+2 2 0 1
cfi=(14)
cfn=(30)
calls=1 -79 
* 8 1 1 1 0 1 1 0 1
fi=(6)
+91 1 0 1
cfi=(15)
cfn=(34)
calls=1 37 
* 7559 836 494 103 14 8 103 14 8
fe=(9)
-84 3 1 0 1 0 0 1
+1 1 0 1
cfi=(24)
cfn=(68)
calls=1 -66 
* 17 2 0 1 1 0 1 1
* 1 0 1
+2 2 0 1
cfi=(25)
cfn=(70)
calls=1 -88 
* 16 5 3 2 0 0 2
* 3
+12 3 1
+3 5 3 1 1 0 0 1
cfi=(2)
cfn=(72)
calls=1 1352 
* 2897249 758944 263776 886 20233 2408 873 9058 1601
+3 4 4 0 1 1

fl=(61)
fn=(194)
47 31 0 0 1 0 0 1
+3 62
-3 186 0 93 0 0 1 0 0 1
+6 62
+5 186
+2 124 124
-7 62 6 0 1 0 0 1

ob=(9)
fl=(97)
fn=(1570) Vector::getSize()
0 28823340 16470480 8235240 2 2826902 0 1 973

fn=(1698) unsigned int std::__detail::__to_chars_len<unsigned int>(unsigned int, int)
0 27 12 7 3 0 0 3

fn=(1700) std::__cxx11::basic_string<char, std::char_traits<char>, std::allocator<char> >::basic_string<std::allocator<char> >(unsigned long, char, std::allocator<char> const&)
0 13 2 7 1 0 0 1
cob=(7)
cfi=(95)
cfn=(1578) std::__cxx11::basic_string<char, std::char_traits<char>, std::allocator<char> >::_M_local_data()
calls=1 0 
0 3 1
0 1 1
0 6 1 1 1 0 0 1
cob=(7)
cfi=(95)
cfn=(1584) std::__cxx11::basic_string<char, std::char_traits<char>, std::allocator<char> >::_Alloc_hider::_Alloc_hider(char*, std::allocator<char> const&)
calls=1 0 
0 3 1 1
0 1 1
0 6 3 1
cob=(7)
cfi=(95)
cfn=(1706) std::__cxx11::basic_string<char, std::char_traits<char>, std::allocator<char> >::_M_construct(unsigned long, char)
calls=1 0 
0 46 8 9 4 1 0 4
cob=(1)
cfi=(98)
cfn=(1410)
calls=1 71 
0 1111 318 131 0 8
0 5 3 2
0 4 3 0 1 0 0 1

fn=(1716) void std::__detail::__to_chars_10_impl<unsigned int>(char*, unsigned int, unsigned int)
0 84 12 34 8 0 0 8

fn=(1870) sampleGraph(Vector*, int, int (*)(void*, void*))
0 11 0 8 1 0 0 1
cob=(7)
cfi=(95)
cfn=(1522) operator new(unsigned long)
calls=1 0 
0 59 15 9 3
0 1 1 0 1
0 8 1 1 1 0 0 1
cfn=(1872) Graph::Graph(int (*)(void*, void*), void (*)(void*), void (*)(void*))
calls=1 0 
0 642 112 80 30 3 2 6
0 4 1 2
cfn=(1570)
calls=1 0 
0 7 4 2
0 3 0 2
cob=(2)
cfi=(81)
cfn=(1880)
calls=1 0 
0 6 1 0 1 0 0 1
cob=(1)
cfi=(98)
cfn=(1410)
calls=1 71 
0 892 297 142 5 14 0 2 2
0 5 3 2
0 2 0 1
cob=(2)
cfi=(81)
cfn=(1886)
calls=1 0 
0 6202 1559 967 7 2 4 7 0 2
cob=(1)
cfi=(98)
cfn=(1410)
calls=1 71 
0 851 295 140 0 7 0 0 2
0 5 3 2
0 1202 600 201 1 0 0 1
cfn=(1890) Vector::getAt(int)
calls=200 0 
0 5800 2600 1200 2 185 0 1
0 600 0 200
cfn=(1892) Graph::insertVertex(void*)
calls=200 0 
0 4685998 1769728 1122499 90 47399 1339 53 0 1152
0 1805 802 401 1 0 75 1
cfn=(1890)
calls=200 0 
0 5800 2600 1200 0 398
0 2600 0 2400
cob=(2)
cfi=(81)
cfn=(1926)
calls=2000 0 
0 113932 34000 22000 6 8388 1955 6
cob=(1)
cfi=(98)
cfn=(1410)
calls=1 71 
0 851 295 140 0 70 19 0 1
0 2004 2002 2 0 1908
0 8010 2000 2010
cob=(2)
cfi=(81)
cfn=(1926)
calls=10 0 
0 570 170 110 0 1
0 10 10
0 16060 8030 2010 1 0 0 1
cfn=(1890)
calls=2000 0 
0 58000 26000 12000 0 3723
0 4042 0 2042
cob=(2)
cfi=(81)
cfn=(1926)
calls=42 0 
0 2396 714 462 0 176 39
0 42 42 0 0 41
0 336 126 84 0 0 41
cfn=(1890)
calls=42 0 
0 1218 546 252 0 83
0 294 126 84
cfn=(1932) Graph::isNeighbor(void*, void*)
calls=42 0 
0 7835558 3295454 1740581 0 54310 252
0 12000 6000 2000
cfn=(1932)
calls=2000 0 
0 286026726 118557336 63501005 57 2171776 9961 45 5 1950
0 22210 6000 2000 0 1956
cfn=(1964) Graph::insertEdge(void*, void*)
calls=2000 0 
0 230484146 93952389 51607653 28 1940976 15312 25 0 233
0 9411 4808 2200 3 1 1937 3

fn=(1936) Neighbor::Neighbor(GraphVertexPair*)
0 882072 367530 367530 2 0 0 1

fn=(1940) PQueue::find(void*, int (*)(void*, void*))
0 809442 298146 248587 3 0 0 1
cfn=(1974) PQueue::nodeValue(int)
calls=99382 0 
0 4273426 1788876 993820 3 20423 4205 2
0 496910 99382 99382
cfn=(1994) comparePointersOfNeighbors(void*, void*)
calls=90220 0 
0 7094859 2815070 2067966 6 145849 0 3
cfn=(1976) compareNeighbors(void*, void*)
calls=9162 0 
0 154334044 68664725 33652168 12 637215 22 12 5
0 784832 99382 188540
cfn=(1942) PQueue::getSize()
calls=89158 0 
0 1515686 713264 445790 0 1
0 63945 21315 21315 4 0 0 2
cfn=(1942)
calls=21315 0 
0 362355 170520 106575 2 11216 0 1
0 527152 195733

fn=(1964)
0 100001 0 72728 11 0 0 2
cob=(7)
cfi=(95)
cfn=(1522)
calls=9091 0 
0 536534 136392 81832 0 5227 2 0 0 1
0 9091 9091 0 0 1
0 63637 18182 9091
cfn=(1894) GraphVertex::GraphVertex(void*, Graph*)
calls=9091 0 
0 7204300 1852876 1228452 0 34092 10310 0 0 8
0 27273 0 18182
cob=(7)
cfi=(95)
cfn=(1522)
calls=9091 0 
0 536534 136392 81832
0 9091 9091
0 63637 18182 9091 6 0 0 1
cfn=(1894)
calls=9091 0 
0 8557784 2180044 1360397 4 154 7965 4 0 8
0 81819 45455 18182 0 5794
cfn=(1898) Vector::find(void*, int (*)(void*, void*))
calls=9091 0 
0 288697345 112033009 66559320 0 3747656
0 81819 45455 18182 5 1060 4750 1
cfn=(1898)
calls=9091 0 
0 285297823 110701399 65713356 0 3067840
0 72728 18182 27273 6 1075 4584 1
cob=(7)
cfi=(95)
cfn=(1522)
calls=9091 0 
0 873778 192161 109096 0 63475 2782 0 0 1225
0 9091 9091 0 0 7461
0 63637 27273 9091
cfn=(1934) GraphVertexPair::GraphVertexPair(Graph*, void*, void*)
calls=9091 0 
0 163638 72728 72728 0 0 1771
0 27273 0 18182
cob=(7)
cfi=(95)
cfn=(1522)
calls=9091 0 
0 884983 193931 110091 0 5806 795 0 0 730
0 9091 9091
0 45455 9091 9091
cfn=(1936)
calls=9091 0 
0 109092 45455 45455 1
0 36364 9091 18182 6 0 0 1
cfn=(1938) GraphVertex::getNeighbors()
calls=9091 0 
0 63637 36364 18182 0 2236
0 54546 9091 9091
cfn=(1940)
calls=9091 0 
0 10939412 4275509 2862400 11 120805 0 3
0 118183 27273 9091 6 0 0 1
cfn=(1966) GraphVertex::addNeighbor(void*)
calls=9091 0 
0 228876412 101642149 49975003 36 1085984 12271 7
0 45455 18182 9091 6 1 0 1
cfn=(1972) GraphVertex::addReverse(void*)
calls=9091 0 
0 248510657 110320147 54246297 39 965980 12926 1 0 923
0 45455 9091 9091 0 83
cfn=(1950) GraphVertex::~GraphVertex()
calls=9091 0 
0 7065757 2169446 1154418 11 153852 6631
0 27273 0 9091
cob=(7)
cfi=(95)
cfn=(1948) operator delete(void*, unsigned long)
calls=9091 0 
0 845463 245457 127274 0 2370
0 9091 9091
0 45455 9091 9091
cfn=(1950)
calls=9091 0 
0 7307871 2213389 1145229 0 37506 1
0 27273 0 9091 6 0 0 1
cob=(7)
cfi=(95)
cfn=(1948)
calls=9091 0 
0 845463 245457 127274 0 1278
0 9091 9091
0 72728 45455 0 2 8509 0 1

fn=(1972)
0 100001 27273 36364 2 7 0 1
cfn=(1968) PQueue::insert(void*)
calls=9091 0 
0 248383383 110274692 54209933 37 965953 12926 0 0 923
0 27273 18182 0 0 20

fn=(2432) cppdescent::readBinGraph(char const*, int)
0 12 1 7 1 0 0 1
cob=(2)
cfi=(81)
cfn=(1454)
calls=1 0 
0 538 128 120 46 9 6 5
0 1 1 0 1
0 5 1 2 1 0 0 1
cob=(7)
cfi=(95)
cfn=(1522)
calls=1 0 
0 59 15 9 0 2
0 1 1 0 1
0 7 0 1
cfn=(1872)
calls=1 0 
0 323 83 54 15 4 2
0 8 1 2 1 0 0 1
cob=(2)
cfi=(81)
cfn=(1488)
calls=1 0 
0 4661 970 704 62 86 2 1 0 1
0 1 1 0 1
0 7 1 1
cob=(2)
cfi=(81)
cfn=(1488)
calls=1 0 
0 134 40 25
0 1 1
0 402 0 201 1 0 0 1
cob=(7)
cfi=(95)
cfn=(1522)
calls=200 0 
0 45157 8464 4463 1 975 112 0 0 27
0 200 200 0 0 68
0 1400 200 200
cfn=(1524) Vector::Vector(int, void (*)(void*))
calls=200 0 
0 65423 11348 11888 25 420 2581 0 0 2567
0 140600 20000 20400
cob=(2)
cfi=(81)
cfn=(1488)
calls=20000 0 
0 2683819 801121 500627 0 1941 0 0 63
0 20000 20000 0 0 82
0 80000 40000 20000
cfn=(1530) cppdescent::createFloat(float)
calls=20000 0 
0 4640229 960878 541098 15 36 9961 0 0 9911
0 100000 20000 20000
cfn=(1532) Vector::setAt(int, void*)
calls=20000 0 
0 1820000 740000 380000 4 3 0 0 3
0 81600 40800 20200 1 0 0 1
cfn=(1892)
calls=200 0 
0 4705790 1773705 1124685 53 57090 1506 0 0 1227
0 1405 602 401 1 72 98 1
cfn=(2434) Graph::getVec()
calls=200 0 
0 1400 800 400 0 10
0 1000 200 200 1 0 0 1
cfn=(1890)
calls=200 0 
0 5800 2600 1200 0 177
0 14600 2000 2400
cob=(2)
cfi=(81)
cfn=(1488)
calls=2000 0 
0 268402 80118 50066 0 10928
0 2000 2000 0 0 1650
0 6000 2000 2000
cfn=(2434)
calls=2000 0 
0 14000 8000 4000 0 332
0 10000 2000 2000 1 0 0 1
cfn=(1890)
calls=2000 0 
0 58000 26000 12000 0 2407
0 10000 4000 4000
cfn=(1908) GraphVertex::getData()
calls=2000 0 
0 14000 8000 4000 0 1562
0 8000 2000 2000
cfn=(1908)
calls=2000 0 
0 14000 8000 4000 0 161
0 8000 0 2000
cfn=(1964)
calls=2000 0 
0 216943183 87699226 48471379 48 1915538 12351 0 0 2201
0 9406 4803 2201 1 1885 1926 1
cob=(2)
cfi=(81)
cfn=(1544)
calls=1 0 
0 619 175 112 38 20 1 3
0 1 1
0 8 6 0 1 0 0 1

fn=(1536) cppdescent::deleteFloat(void*)
0 680000 80000 200000 2 0 0 1
cob=(7)
cfi=(95)
cfn=(1948)
calls=40000 0 
0 4919848 1279975 520005 4 20248 1
0 40000 40000
0 240000 160000

fn=(1588) std::__is_constant_evaluated()
0 10 4 2 1 0 0 1

fn=(1894)
0 624112 164240 361328 5 0 3594 2
cob=(7)
cfi=(95)
cfn=(1522)
calls=32848 0 
0 2001710 503043 300544 0 1390 1989 0 0 126
0 32848 32848
0 229936 0 32848 6 0 0 1
cfn=(1896) PQueue::PQueue(int (*)(void*, void*), void (*)(void*), Vector*)
calls=32848 0 
0 10349145 2632009 1666215 33 72064 28012 5 0 793
0 131392 32848 65696
cob=(7)
cfi=(95)
cfn=(1522)
calls=32848 0 
0 2001723 503058 300550 0 2292 271 0 0 266
0 32848 32848
0 229936 0 32848 6 0 0 1
cfn=(1896)
calls=32848 0 
0 12365995 3121071 1847410 9 6214 15903 9 0 798
0 295632 197088 32848 2 0 0 1

fn=(1984) cppdescent::euclideanDistance(void*, void*)
0 3011106 645237 1505553 2 0 14419 1
cfn=(1570)
calls=215079 0 
0 1505553 860316 430158 0 31830
0 860316 215079 430158 3 0 0 1
cfn=(1570)
calls=215079 0 
0 1505553 860316 430158 0 83826
0 108829974 43230879 21722979
cfn=(1890)
calls=21507900 0 
0 623729100 279602700 129047400 0 482881 12274
0 150555300 64523700 43015800 3 1996829 0 1
cfn=(1890)
calls=21507900 0 
0 623729100 279602700 129047400 0 1203361
0 280893174 129692637 64738779 2 4979388 0 1
cob=(3)
cfi=(83)
cfn=(1990)
calls=215079 0 
0 1720632 215079 0 11 0 0 3
cob=(1)
cfi=(98)
cfn=(1410)
calls=1 71 
0 852 279 140 0 57 22 0 5
0 215083 215081 2 0 13950
0 1075395 645237 215079

fn=(1996) PQueue::nodeSwap(int, int)
0 429121 78022 195055
cfn=(1974)
calls=39011 0 
0 1677473 702198 390110
0 234066 78022 78022 2 0 0 1
cfn=(1974)
calls=39011 0 
0 1677473 702198 390110 0 7724
0 351099 156044 78022
cfn=(1532)
calls=39011 0 
0 2378779 974829 507143 9 1558
0 312088 156044 39011 1
cfn=(1532)
calls=39011 0 
0 2378779 974829 507143
0 117033 78022

fn=(2234) Graph::getAdjacentV(void*)
0 12000 2400 6000 4 0 43 2 0 10
cfn=(1938)
calls=1200 0 
0 8400 4800 2400 1 1135 1
0 4800 1200 2400
cfn=(2236) PQueue::toVector()
calls=1200 0 
0 8400 4800 2400 0 949
0 2400 2400

fn=(2368) PQueue::bubbleDown(int)
0 162912 30546 81456 8 0 0 1
cfn=(1942)
calls=10182 0 
0 173094 81456 50910
0 144573 80968 27545 4 0 0 1
cfn=(1974)
calls=8515 0 
0 366145 153270 85150 0 737
0 51090 17030 8515
cfn=(1974)
calls=8515 0 
0 366145 153270 85150 0 20
0 25545 0 8515
cfn=(1976)
calls=8515 0 
0 143441305 63817200 31275595 9 1370199 4585
0 70824 13625 5450 1
cfn=(1974)
calls=2725 0 
0 117175 49050 27250
0 42861 24492 6123 3 0 0 1
cfn=(1974)
calls=6123 0 
0 263289 110214 61230 0 7
0 53088 17696 8848
cfn=(1974)
calls=8848 0 
0 380464 159264 88480
0 26544 0 8848
cfn=(1976)
calls=8848 0 
0 149028744 66307382 32498704 0 577123
0 76812 25134 8378 4 0 0 1
cfn=(1996)
calls=8378 0 
0 2052610 837800 469168
0 41890 16756 8378
cfn=(2369) PQueue::bubbleDown(int)'2
calls=8378 0 
0 303047575 134640050 66174486 0 1145489 6937
0 60622 40728 0 0 1759

fn=(2369)
0 261968 49119 130984
cfn=(1942)
calls=16373 0 
0 278341 130984 81865
0 171251 94482 34086
cfn=(1974)
calls=8597 0 
0 369671 154746 85970 0 636
0 51582 17194 8597
cfn=(1974)
calls=8597 0 
0 369671 154746 85970 0 38
0 25791 0 8597
cfn=(1976)
calls=8597 0 
0 144812899 64429325 31576781 0 1112495 6780
0 96442 25950 10380
cfn=(1974)
calls=5190 0 
0 223170 93420 51900
0 27482 15704 3926
cfn=(1974)
calls=3926 0 
0 168818 70668 39260 0 40
0 54696 18232 9116
cfn=(1974)
calls=9116 0 
0 391988 164088 91160
0 27348 0 9116
cfn=(1976)
calls=9116 0 
0 153545272 68316425 33483068 0 32166 157
0 75318 23985 7995
cfn=(1996)
calls=7995 0 
0 1958775 799500 447720
0 39975 15990 7995
cfn=(2369)
calls=7995 0 
0 68003832 30203039 14875569 0 252039 1954
0 97117 65492 0 0 114

fn=(2412) std::enable_if<std::chrono::__is_duration<std::chrono::duration<long, std::ratio<1l, 1000l> > >::value, std::chrono::duration<long, std::ratio<1l, 1000l> > >::type std::chrono::duration_cast<std::chrono::duration<long, std::ratio<1l, 1000l> >, long, std::ratio<1l, 1000000000l> >(std::chrono::duration<long, std::ratio<1l, 1000000000l> > const&)
0 7 1 3
cfn=(2414) std::chrono::duration<long, std::ratio<1l, 1000l> > std::chrono::__duration_cast_impl<std::chrono::duration<long, std::ratio<1l, 1000l> >, std::ratio<1l, 1000000l>, long, true, false>::__cast<long, std::ratio<1l, 1000000000l> >(std::chrono::duration<long, std::ratio<1l, 1000000000l> > const&)
calls=1 0 
0 43 13 11 2 0 0 1
0 2 2

fn=(2418) std::chrono::duration<long, std::ratio<1l, 1000l> >::count() const
0 7 4 2

fn=(2434)
0 15400 8800 4400 0 342

fn=(2436) cppdescent::recall(Graph*, Graph*, int, int)
0 11 1 7 1 0 0 1
cfn=(2000) Graph::getVerticesV()
calls=1 0 
0 7 4 2 1
0 4 1 2
cfn=(2000)
calls=1 0 
0 7 4 2 0 1
0 1405 600 403 1 0 0 1
cfn=(1890)
calls=200 0 
0 5800 2600 1200 0 195
0 600 0 200
cfn=(2234)
calls=200 0 
0 6000 2600 2200 2 392
0 1400 600 400 1 0 0 1
cfn=(1890)
calls=200 0 
0 5800 2600 1200 0 394
0 600 0 200
cfn=(2234)
calls=200 0 
0 6000 2600 2200 0 347
0 12600 6000 2400
cfn=(1890)
calls=2000 0 
0 58000 26000 12000 0 305
0 8000 0 2000
cfn=(1898)
calls=2000 0 
0 159320911 60666501 30713442 4 211079 0 4
0 14740 1348 4044 0 0 2
cfn=(1570)
calls=1348 0 
0 9436 5392 2696 0 7
0 2608 652 1304
cfn=(1570)
calls=652 0 
0 4564 2608 1304
0 600 200 200 1 0 0 1
cfn=(1570)
calls=200 0 
0 1400 800 400 0 99
0 11200 3000 600
cfn=(1570)
calls=200 0 
0 1400 800 400 0 197
0 3 1 1 1 0 0 1
cfn=(1570)
calls=1 0 
0 7 4 2 0 1
0 817 209 2 0 1

fn=(2446) Graph::~Graph()
0 22 4 8 1 1
cfn=(1956) Vector::~Vector()
calls=2 0 
0 4440765 1396932 667004 13 15942 4 4
0 6 0 2
cob=(7)
cfi=(95)
cfn=(1948)
calls=2 0 
0 246 64 26 0 1
0 2 2
0 8 6

fn=(1448) cppdescent::readBinData(char const*, int)
0 12 1 7 1 0 0 1
cob=(2)
cfi=(81)
cfn=(1454)
calls=1 0 
0 638 138 125 45 7 7 43 3 7
cob=(1)
cfi=(98)
cfn=(1410)
calls=1 71 
0 929 307 146 8 15 4 0 2
0 5 3 2 1 0 0 1
0 8 1 2 1 0 0 1
cob=(2)
cfi=(81)
cfn=(1488)
calls=1 0 
0 591 151 90 44 3 1 42 0 1
cob=(1)
cfi=(98)
cfn=(1410)
calls=1 71 
0 854 292 140 2 11 0 0 1
0 5 3 2
0 2 0 1
cob=(7)
cfi=(95)
cfn=(1522)
calls=1 0 
0 210 39 20 2 0 1 2 0 1
cob=(1)
cfi=(98)
cfn=(1410)
calls=1 71 
0 715 248 131 5 17 0 0 2
0 5 3 2 1 1 0 1
0 7 1 1 1 0 0 1
cfn=(1524)
calls=1 0 
0 1256 360 229 9 13 25 4 1 25
0 403 0 202
cob=(7)
cfi=(95)
cfn=(1522)
calls=200 0 
0 42000 7800 4000 0 0 100 0 0 100
0 200 200
0 1400 200 200
cfn=(1524)
calls=200 0 
0 61200 10400 11400 0 0 2550 0 0 2550
0 140600 20000 20400 1 0 0 1
cob=(2)
cfi=(81)
cfn=(1488)
calls=20000 0 
0 2602888 740912 500456 0 1288 0 0 63
0 20000 20000
0 80000 40000 20000
cfn=(1530)
calls=20000 0 
0 4361014 900264 500150 15 36 10018 1 0 10000
0 100000 20000 20000
cfn=(1532)
calls=20000 0 
0 1820000 740000 380000 6 0 0 6
0 81800 41000 20200
cfn=(1532)
calls=200 0 
0 12200 5000 2600 0 25
0 806 403 201 1 0 0 1
cob=(2)
cfi=(81)
cfn=(1544)
calls=1 0 
0 586 163 109 49 16 0 48 1
cob=(1)
cfi=(98)
cfn=(1410)
calls=1 71 
0 903 298 140 0 70 21 0 1
0 5 3 2 0 1
0 8 6 0 2 0 0 2

fn=(1620) std::__cxx11::basic_string<char, std::char_traits<char>, std::allocator<char> >::_M_construct<char const*>(char const*, char const*, std::forward_iterator_tag)::_Guard::_Guard(std::__cxx11::basic_string<char, std::char_traits<char>, std::allocator<char> >*)
0 40 16 16 1 0 0 1

fn=(1902) compareVertices(void*, void*)
0 45967390 9850155 26267080 2 0 0 1
cfn=(1904) GraphVertex::getOwner()
calls=3283385 0 
0 22983695 13133540 6566770 2 2789713 0 1
0 6566770 0 3283385 2 0 0 1
cfn=(1906) Graph::getCompareData()
calls=3283385 0 
0 22983695 13133540 6566770 4 0 0 2
0 13133540 3283385 3283385
cfn=(1908)
calls=3283385 0 
0 22983695 13133540 6566770 2 7744 0 1
0 13133540 3283385 3283385
cfn=(1908)
calls=3283385 0 
0 22983695 13133540 6566770 0 742437
0 9850155 0 3283385
cfn=(1910) cppdescent::compareVertices(void*, void*)
calls=3283385 0 
0 738322439 279736752 156285301 12 8240104 0 5
0 16416925 13133540

fn=(1966)
0 100001 27273 36364 3 0 0 1
cfn=(1968)
calls=9091 0 
0 228749138 101596694 49938639 33 1085984 12271 6
0 27273 18182

fn=(2360) GraphVertex::removeNeighbor(void*, int (*)(void*, void*))
0 66183 20364 25455 1 1284
cfn=(2362) PQueue::remove(void*, int (*)(void*, void*))
calls=5091 0 
0 392442337 174257655 85752318 47 1974713 15085 10
0 15273 10182 0 0 1095

fn=(2364) destroyNeighbor(void*)
0 109092 36364 36364

fn=(2404) std::chrono::time_point<std::chrono::_V2::system_clock, std::chrono::duration<long, std::ratio<1l, 1000000000l> > >::time_since_epoch() const
0 14 8 4 1 0 0 1

fn=(2408) std::chrono::duration<long, std::ratio<1l, 1000000000l> >::count() const
0 21 12 6 1

fn=(1538) vectorNode::setValue(void*)
0 1633570 653428 653428 0 0 9046 0 0 321

fn=(1572) std::__cxx11::basic_string<char, std::char_traits<char>, std::allocator<char> >::basic_string<std::allocator<char> >(char const*, std::allocator<char> const&)
0 22 4 12 2 0 0 2
cob=(7)
cfi=(95)
cfn=(1578)
calls=2 0 
0 6 2 0 1 0 0 1
cob=(1)
cfi=(98)
cfn=(1410)
calls=1 71 
0 1165 331 137 2 20 2 0 3
0 6 4 2 1 1 0 1
0 12 2 2
cob=(7)
cfi=(95)
cfn=(1584)
calls=2 0 
0 6 2 2 1 0 1 1
cob=(1)
cfi=(98)
cfn=(1410)
calls=1 71 
0 1212 329 131 1 14 0 0 6
0 6 4 2 1 0 0 1
0 10 4 2 1 0 0 1
cfn=(1586) std::char_traits<char>::length(char const*)
calls=2 0 
0 962 319 154 7 13 0 5 1
0 18 8 4
cfn=(1596) void std::__cxx11::basic_string<char, std::char_traits<char>, std::allocator<char> >::_M_construct<char const*>(char const*, char const*, std::forward_iterator_tag)
calls=2 0 
0 7820 2140 925 46 69 2 30 23
0 8 6 0 1 0 0 1

fn=(1896)
0 1313920 328480 722656 8 0 2198 2
cob=(7)
cfi=(95)
cfn=(1522)
calls=65696 0 
0 6024096 1495259 782363 9 3747 559 9 0 390
0 65696 65696
0 394176 0 65696
cfn=(1524)
calls=65696 0 
0 14194596 3403773 1877214 19 74531 41158 1 0 1201
0 722656 459872 65696 6 0 0 2

fn=(1952) PQueue::~PQueue()
0 788352 262784 262784 0 43521
cfn=(1954) Vector::setDestroyValue(void (*)(void*))
calls=65696 0 
0 854048 459872 328480 12 37743 0 2
0 394176 131392 65696
cfn=(1957) Vector::~Vector()'2
calls=800 0 
0 505779 201010 109033 2 1828 2
cfn=(1956)
calls=64896 0 
0 9650112 2839543 1362970 14 178751 11643 2
0 197088 0 65696
cob=(7)
cfi=(95)
cfn=(1948)
calls=65696 0 
0 6342200 1813585 911377 4 26063
0 65696 65696 0 0 2147
0 262784 197088

fn=(1974)
0 4268400 1067100 1422800 7 0 0 2
cfn=(1890)
calls=355700 0 
0 10315300 4624100 2134200 0 35437 4205
0 711400 711400

fn=(1982) GraphVertexPair::getVertex1()
0 11383309 6504748 3252374 1 360612

fn=(2254) Neighbor::getFlag()
0 112000 64000 32000 1 14302

fn=(2258) getOther(Neighbor*, int)
0 95141 17643 38749 1 0 0 1
cfn=(1978) Neighbor::getPair()
calls=7090 0 
0 49630 28360 14180
0 14180 0 7090
cfn=(1980) GraphVertexPair::getVertex2()
calls=7090 0 
0 49630 28360 14180 0 5250
0 24569 3463 10553 1
cfn=(1978)
calls=3463 0 
0 24241 13852 6926
0 6926 0 3463
cfn=(1982)
calls=3463 0 
0 24241 13852 6926 0 2499
0 35122 31659 3463 3

fn=(2352) Vector::binaryFind(void*, int (*)(void*, void*))
0 630102 57282 400974 4 0 3
cfn=(1570)
calls=57282 0 
0 400974 229128 114564 0 15846
0 4801830 2032312 622642 3 0 0 1
cfn=(1534) vectorNode::getValue() const
calls=508078 0 
0 3556546 2032312 1016156 0 43665
0 2540390 508078 508078
cfn=(1994)
calls=508078 0 
0 42140510 16766574 12193872 1 566958 3
0 2152168 44946 14982
cfn=(1534)
calls=14982 0 
0 104874 59928 29964
0 5162990 2539434 746896 2 0 0 2
cfn=(1534)
calls=126900 0 
0 888300 507600 253800
0 634500 126900 126900
cfn=(1994)
calls=126900 0 
0 10532700 4187700 3045600
0 1736946 890946 253800 8 0 0 2

fn=(2354) updateNN(Graph*, void*, void*, float, float (*)(void*, void*))
0 549900 42300 380700
cfn=(1938)
calls=42300 0 
0 296100 169200 84600
0 169200 42300 84600 1 0 0 1
cfn=(2356) PQueue::getMax()
calls=42300 0 
0 2241900 888300 549900 6 0 0 1
0 84600 0 42300
cfn=(1978)
calls=42300 0 
0 296100 169200 84600
0 84600 0 42300
cfn=(1980)
calls=42300 0 
0 296100 169200 84600
0 211500 84600 84600
cfn=(1908)
calls=42300 0 
0 296100 169200 84600 0 25959
0 169200 42300 42300
cfn=(1908)
calls=42300 0 
0 296100 169200 84600
0 126900 0 42300
cfn=(1984)
calls=42300 0 
0 353543400 157398300 76816800 0 1574678
0 231864 94782 47391 1 0 0 1
cfn=(1908)
calls=5091 0 
0 35637 20364 10182
0 20364 5091 5091
cfn=(1908)
calls=5091 0 
0 35637 20364 10182
0 20364 0 5091
cfn=(2358) Graph::removeEdge(void*, void*)
calls=5091 0 
0 952971960 400991411 210818026 112 7177429 59441 16 0 4546
0 20364 10182 5091 1 5091 0 1
cfn=(1908)
calls=5091 0 
0 35637 20364 10182 0 4798
0 20364 5091 5091
cfn=(1908)
calls=5091 0 
0 35637 20364 10182 0 1835
0 20364 0 5091
cfn=(1964)
calls=5091 0 
0 651043711 267404330 145230516 80 5461731 37125 0 0 461
0 258891 169200 0 0 10066

fn=(2406) std::common_type<std::chrono::duration<long, std::ratio<1l, 1000000000l> >, std::chrono::duration<long, std::ratio<1l, 1000000000l> > >::type std::chrono::operator-<long, std::ratio<1l, 1000000000l>, long, std::ratio<1l, 1000000000l> >(std::chrono::duration<long, std::ratio<1l, 1000000000l> > const&, std::chrono::duration<long, std::ratio<1l, 1000000000l> > const&)
0 12 2 6 2 0 1 1
cfn=(2408)
calls=1 0 
0 7 4 2 1
0 7 2 2
cfn=(2408)
calls=1 0 
0 7 4 2
0 8 0 2 1 0 0 1
cfn=(2410) std::chrono::duration<long, std::ratio<1l, 1000000000l> >::duration<long, void>(long const&)
calls=1 0 
0 11 5 4
0 4 4

fn=(1402)
0 13 3 5 1 0 0 1
cob=(2)
cfi=(81)
cfn=(1416)
calls=1 0 
0 136 23 13 10 0 0 10
cob=(1)
cfi=(98)
cfn=(1410)
calls=1 71 
0 891 294 140 50 53 19 12 3 1
0 5 3 2 1 1 0 1
0 6 2 2 1 0 0 1
cob=(2)
cfi=(81)
cfn=(1416)
calls=1 0 
0 156 24 13
0 1 1
0 6 2 2
cob=(2)
cfi=(81)
cfn=(1416)
calls=1 0 
0 116 22 13
0 1 1
0 6 2 2 1 0 0 1
cob=(2)
cfi=(81)
cfn=(1426)
calls=1 0 
0 610 111 62 65 9 0 65 8
cob=(1)
cfi=(98)
cfn=(1410)
calls=1 71 
0 859 291 140 1 5 0 0 2
0 5 3 2 1 1 0 1
0 7 2 2
cob=(2)
cfi=(81)
cfn=(1426)
calls=1 0 
0 601 111 61
0 1 1
0 20 8 2 2 1 0 2 1
cfn=(1448)
calls=1 0 
0 9331250 2548196 1480958 194 1503 12727 155 74 12684
0 4 1 2 0 0 1
cfn=(1570)
calls=1 0 
0 7 4 2 1 0 0 1
0 20 3 7 2 2 2 2
cfn=(1572)
calls=1 0 
0 10844 3046 1302 63 117 5 42 33
0 3 0 1
cfn=(1644) std::__new_allocator<char>::~__new_allocator()
calls=1 0 
0 6 2 2
0 6 0 1
cob=(7)
cfi=(95)
cfn=(1650) std::__cxx11::basic_string<char, std::char_traits<char>, std::allocator<char> >::find_last_of(char const*, unsigned long) const
calls=1 0 
0 435 66 21 9 4 0 7 1
cob=(1)
cfi=(98)
cfn=(1410)
calls=1 71 
0 1203 326 131 0 12 0 0 6
0 5 3 2 1 0 0 1
0 8 1 2 1 0 0 1
cob=(7)
cfi=(95)
cfn=(1664) std::__cxx11::basic_string<char, std::char_traits<char>, std::allocator<char> >::substr(unsigned long, unsigned long) const
calls=1 0 
0 126 40 29 2 1 1 2
cob=(1)
cfi=(98)
cfn=(1410)
calls=1 71 
0 1123 315 131 0 11 0 0 3
0 5 3 2
0 5 0 1 1 0 0 1
cob=(7)
cfi=(95)
cfn=(1650)
calls=1 0 
0 174 30 12
0 1 1
0 8 1 2
cob=(7)
cfi=(95)
cfn=(1664)
calls=1 0 
0 126 40 29
0 1 1
0 9 0 2 1 0 0 1
cfn=(1572)
calls=1 0 
0 409 109 71 1 0 0 1
0 3 0 1
cfn=(1644)
calls=1 0 
0 6 2 2
0 6 0 1
cob=(7)
cfi=(95)
cfn=(1672) std::__cxx11::basic_string<char, std::char_traits<char>, std::allocator<char> >::append(std::__cxx11::basic_string<char, std::char_traits<char>, std::allocator<char> > const&)
calls=1 0 
0 439 106 64 13 6 1 13
cob=(1)
cfi=(98)
cfn=(1410)
calls=1 71 
0 1141 319 131 3 10 0 0 4
0 5 3 2
0 4 0 1 1 0 0 1
cob=(7)
cfi=(95)
cfn=(1694) std::__cxx11::basic_string<char, std::char_traits<char>, std::allocator<char> >::append(char const*)
calls=1 0 
0 87 18 10 1 0 0 1
cob=(1)
cfi=(98)
cfn=(1410)
calls=1 71 
0 1099 315 131 0 10 0 0 3
0 5 3 2 1 0 0 1
0 5 1 1
cfn=(1696) std::__cxx11::to_string(int)
calls=1 0 
0 2459 695 340 22 19 0 22 4
0 5 0 1
cob=(7)
cfi=(95)
cfn=(1672)
calls=1 0 
0 60 15 7
0 1 1
0 3 0 1 1 0 0 1
cob=(7)
cfi=(95)
cfn=(1722) std::__cxx11::basic_string<char, std::char_traits<char>, std::allocator<char> >::~basic_string()
calls=1 0 
0 6 2 0 2 0 0 2
cob=(1)
cfi=(98)
cfn=(1410)
calls=1 71 
0 1076 309 131 0 6 0 0 2
0 5 3 2
0 6 1 1
cob=(7)
cfi=(95)
cfn=(1694)
calls=1 0 
0 467 109 67 0 1 2
0 1 1
0 5 0 1 1 0 0 1
cob=(7)
cfi=(95)
cfn=(1694)
calls=1 0 
0 84 18 10
0 1 1
0 3 0 1
cob=(7)
cfi=(95)
cfn=(1728) std::basic_ostream<char, std::char_traits<char> >& std::operator<< <std::char_traits<char> >(std::basic_ostream<char, std::char_traits<char> >&, char const*)
calls=1 0 
0 1282 313 180 41 18 1 38 2
cob=(1)
cfi=(98)
cfn=(1410)
calls=1 71 
0 1110 309 131 4 9
0 5 3 2
0 5 1 1
cob=(7)
cfi=(95)
cfn=(1756) std::ostream::operator<<(int)
calls=1 0 
0 1207 162 102 41 21 4 38 3
cob=(1)
cfi=(98)
cfn=(1410)
calls=1 71 
0 762 256 131 0 9 0 0 2
0 5 3 2
0 3 0 1
cob=(7)
cfi=(95)
cfn=(1728)
calls=1 0 
0 438 117 68 10 0 0 10
0 1 1
0 3 0 1 1 0 0 1
cob=(7)
cfi=(95)
cfn=(1728)
calls=1 0 
0 306 84 44
0 1 1
0 5 1 1
cob=(7)
cfi=(95)
cfn=(1802) std::ostream::operator<<(float)
calls=1 0 
0 2347 545 363 163 38 17 150 12
cob=(1)
cfi=(98)
cfn=(1410)
calls=1 71 
0 792 256 131 4 5 0 0 1
0 5 3 2
0 3 0 1
cob=(7)
cfi=(95)
cfn=(1728)
calls=1 0 
0 438 117 68
0 1 1
0 3 0 1
cob=(7)
cfi=(95)
cfn=(1728)
calls=1 0 
0 306 84 44
0 1 1
0 5 1 1 1 0 0 1
cob=(7)
cfi=(95)
cfn=(1802)
calls=1 0 
0 2206 512 344
0 1 1
0 3 0 1
cob=(7)
cfi=(95)
cfn=(1728)
calls=1 0 
0 438 117 68
0 1 1
0 3 0 1
cob=(7)
cfi=(95)
cfn=(1728)
calls=1 0 
0 306 84 44
0 1 1
0 7 2 1 1 0 0 1
cob=(7)
cfi=(95)
cfn=(1728)
calls=1 0 
0 374 98 44
0 1 1
0 3 0 1
cob=(7)
cfi=(95)
cfn=(1728)
calls=1 0 
0 438 117 68
0 1 1
0 3 0 1
cob=(7)
cfi=(95)
cfn=(1728)
calls=1 0 
0 321 87 44
0 1 1
0 5 1 1
cob=(7)
cfi=(95)
cfn=(1756)
calls=1 0 
0 431 106 63 1
0 1 1
0 3 0 1
cob=(7)
cfi=(95)
cfn=(1728)
calls=1 0 
0 438 117 68
0 1 1
0 3 0 1 1 0 0 1
cob=(7)
cfi=(95)
cfn=(1728)
calls=1 0 
0 446 120 69 2 1 0 2 1
0 1 1
0 1 0 1
cob=(7)
cfi=(95)
cfn=(1862) std::chrono::_V2::system_clock::now()
calls=1 0 
0 22 7 1 4 2 0 4
cob=(1)
cfi=(98)
cfn=(1410)
calls=1 71 
0 965 283 131 2 9 0 0 1
0 5 3 2
0 11 5 2
cfn=(1868) cppdescent::NNDescent_KNNGraph(Vector*, int, float, float, float (*)(void*, void*))
calls=1 0 
0 2849932290 1193542536 630029513 928 20852536 137226 381 5094 8987
0 2 0 2 2 0 1 1
cob=(7)
cfi=(95)
cfn=(1862)
calls=1 0 
0 22 7 1 4 3
0 1 1 0 0 1
0 6 0 2 0 0 1
cfn=(2402) std::common_type<std::chrono::duration<long, std::ratio<1l, 1000000000l> >, std::chrono::duration<long, std::ratio<1l, 1000000000l> > >::type std::chrono::operator-<std::chrono::_V2::system_clock, std::chrono::duration<long, std::ratio<1l, 1000000000l> >, std::chrono::duration<long, std::ratio<1l, 1000000000l> > >(std::chrono::time_point<std::chrono::_V2::system_clock, std::chrono::duration<long, std::ratio<1l, 1000000000l> > > const&, std::chrono::time_point<std::chrono::_V2::system_clock, std::chrono::duration<long, std::ratio<1l, 1000000000l> > > const&)
calls=1 0 
0 90 33 30 6 0 1 3
0 4 0 2
cfn=(2412)
calls=1 0 
0 52 16 14 2 0 0 1
0 4 0 2 1 0 0 1
cob=(7)
cfi=(95)
cfn=(1728)
calls=1 0 
0 437 112 44 0 1
0 1 1
0 4 0 1
cfn=(2418)
calls=1 0 
0 7 4 2
0 3 0 1
cob=(7)
cfi=(95)
cfn=(2424) std::ostream::operator<<(long)
calls=1 0 
0 461 110 65 1 0 0 1
cob=(1)
cfi=(98)
cfn=(1410)
calls=1 71 
0 787 256 133 41 53 14
0 5 3 2 0 1
0 3 0 1
cob=(7)
cfi=(95)
cfn=(1728)
calls=1 0 
0 378 101 44 0 1 0 0 1
0 1 1
0 5 1 1 1 1 0 1
cob=(7)
cfi=(95)
cfn=(1802)
calls=1 0 
0 2351 548 363 166 42 18
0 1 1 0 1 1
0 3 0 1
cob=(7)
cfi=(95)
cfn=(1728)
calls=1 0 
0 302 85 44 0 0 1
0 1 1
0 5 1 1
cob=(7)
cfi=(95)
cfn=(1802)
calls=1 0 
0 2210 515 344
0 1 1
0 3 0 1
cob=(7)
cfi=(95)
cfn=(1728)
calls=1 0 
0 491 131 77 2 1
0 1 1
0 3 0 1
cob=(7)
cfi=(95)
cfn=(1728)
calls=1 0 
0 486 132 78
0 1 1
0 3 0 1 1 0 0 1
cob=(7)
cfi=(95)
cfn=(2430) std::__cxx11::basic_string<char, std::char_traits<char>, std::allocator<char> >::c_str() const
calls=1 0 
0 3 2 0 1 0 0 1
cob=(1)
cfi=(98)
cfn=(1410)
calls=1 71 
0 1115 315 133 7 16 0 0 2
0 5 3 2
0 5 1 1
cfn=(2432)
calls=1 0 
0 231780202 92290491 51209046 320 1995458 28546 19 66 15934
0 6 1 2 1 0 1 1
cob=(7)
cfi=(95)
cfn=(1728)
calls=1 0 
0 343 94 44 14 16 1 0 1
0 1 1
0 7 4 1 0 1
cfn=(2436)
calls=1 0 
0 159473920 60725125 30748811 12 213018 2 9
0 4 0 1
cob=(7)
cfi=(95)
cfn=(1802)
calls=1 0 
0 2883 741 454 147 70 24 28
0 1 1 0 1 1
0 3 0 1 1 0 0 1
cob=(7)
cfi=(95)
cfn=(1728)
calls=1 0 
0 493 132 78 20 5
0 1 1 0 0 1
0 5 1 1 0 1
cfn=(2446)
calls=1 0 
0 4023890 1248173 588591 14 14171 3 4
0 3 0 1
cob=(7)
cfi=(95)
cfn=(1948)
calls=1 0 
0 93 27 14 0 2
0 1 1
0 5 1 1 0 1
cfn=(2446)
calls=1 0 
0 417159 148835 78449 0 1773 1
0 3 0 1 1 0 0 1
cob=(7)
cfi=(95)
cfn=(1948)
calls=1 0 
0 93 27 14 0 1
0 1 1
0 3 1 1 0 1
cfn=(2456) cppdescent::deleteDatapointVectors(Vector*)
calls=1 0 
0 3618153 1103099 512258 1 12680 0 1
0 3 0 1
cob=(7)
cfi=(95)
cfn=(1722)
calls=1 0 
0 128 33 13 1 3
0 1 1 0 0 1
0 3 0 1
cob=(7)
cfi=(95)
cfn=(1722)
calls=1 0 
0 6 2 0 1 1
0 1 1
0 3 0 1
cob=(7)
cfi=(95)
cfn=(1722)
calls=1 0 
0 6 2
0 1 1
0 3 0 1 1 0 0 1
cob=(7)
cfi=(95)
cfn=(1722)
calls=1 0 
0 128 33 13 0 2
0 1 1
0 5 3 0 1 1

fn=(1586)
0 10 0 6 2 0 0 2
cfn=(1588)
calls=2 0 
0 10 4 2 1 0 0 1
0 10 2 2
cob=(2)
cfi=(81)
cfn=(652)
calls=2 0 
0 28 4 0 0 1
cob=(1)
cfi=(98)
cfn=(1410)
calls=1 71 
0 892 301 142 3 12 0 1 1
0 6 4 2 1 0 0 1
0 6 4

fn=(1642) std::__cxx11::basic_string<char, std::char_traits<char>, std::allocator<char> >::_M_construct<char const*>(char const*, char const*, std::forward_iterator_tag)::_Guard::~_Guard()
0 44 16 8

fn=(1644)
0 18 6 6

fn=(1906)
0 23181025 13246300 6623150 4 0 0 2

fn=(1908)
0 49545104 28311488 14155744 3 876780 0 1

fn=(1938)
0 783405 447660 223830 1 3935 1

fn=(1942)
0 1323136 330784 496176 2 13323 0 1
cfn=(1570)
calls=165392 0 
0 1157744 661568 330784 0 10128
0 330784 330784

fn=(1968)
0 200002 54546 72728 9 8993 0 2
cfn=(1900) Vector::insertLast(void*)
calls=18182 0 
0 882218 359964 181725 36 8608 10026 0 0 923
0 54546 18182 18182
cfn=(1942)
calls=18182 0 
0 309094 145456 90910
0 90910 18182 18182
cfn=(1970) PQueue::bubbleUp(int)
calls=18182 0 
0 475541205 211238692 103766845 25 2034336 15171 4
0 54546 36364

fn=(1978)
0 11729039 6702308 3351154 0 421908

fn=(2000)
0 21 12 6 2 2 0 1

fn=(2002) Graph::getSize()
0 7 4 2

fn=(2238) Graph::getReverseAdjacentV(void*)
0 8000 1600 4000 1 0 0 1
cfn=(2240) GraphVertex::getReverse()
calls=800 0 
0 5600 3200 1600 1 0 0 1
0 3200 800 1600
cfn=(2236)
calls=800 0 
0 5600 3200 1600 0 798
0 1600 1600

fn=(2240)
0 5600 3200 1600 1 0 0 1

fn=(2366) Vector::removeLast()
0 255912 112665 40746 2 43 0 2
cob=(2)
cfi=(81)
cfn=(1918)
calls=9 0 
0 2433 507 330 3 64 13
0 9 9 0 0 9
0 40746 30555 9

fn=(2448) destroyVertex(GraphVertex*)
0 3200 400 1600 1 0 0 1
cfn=(1904)
calls=400 0 
0 2800 1600 800 0 389
0 800 0 400
cfn=(2450) Graph::getDestroyData()
calls=400 0 
0 2800 1600 800 0 2
0 2000 800 600 1
cfn=(1908)
calls=200 0 
0 1400 800 400 0 121
0 400 0 200
cfn=(2452) deleteVectors(void*)
calls=200 0 
0 3611162 1100200 511093 8 12556 1 3
0 2000 400 400
cfn=(1950)
calls=400 0 
0 745379 269410 141433 2 2772 2
0 1200 0 400
cob=(7)
cfi=(95)
cfn=(1948)
calls=400 0 
0 49200 12800 5200 0 44
0 400 400
0 1600 1200

fn=(2454) Vector::next(vectorNode*)
0 871200 386002 145200 2 0 0 2

fn=(2456)
0 10 2 4
cfn=(1570)
calls=1 0 
0 7 4 2 0 1
0 1003 400 202 1 0 0 1
cfn=(1890)
calls=200 0 
0 5800 2600 1200 0 26
0 1000 0 200
cfn=(1956)
calls=200 0 
0 3583800 1093000 507600 0 12652
0 600 0 200
cob=(7)
cfi=(95)
cfn=(1948)
calls=200 0 
0 24600 6400 2600
0 200 200
0 808 403 201
cfn=(1956)
calls=1 0 
0 194 54 35 0 1
0 3 0 1
cob=(7)
cfi=(95)
cfn=(1948)
calls=1 0 
0 123 32 13
0 1 1
0 4 3

fn=(1596)
0 100 30 38 2 0 0 2
cob=(7)
cfi=(95)
cfn=(1602) std::__cxx11::basic_string<char, std::char_traits<char>, std::allocator<char> >::_M_create(unsigned long&, unsigned long)
calls=2 0 
0 588 112 67 20 2 1 20
cob=(1)
cfi=(98)
cfn=(1410)
calls=1 71 
0 1144 320 131 3 13 1 0 2
0 6 4 2 1 1 0 1
0 10 2 2 1 0 0 1
cob=(7)
cfi=(95)
cfn=(1612) std::__cxx11::basic_string<char, std::char_traits<char>, std::allocator<char> >::_M_data(char*)
calls=2 0 
0 6 2 2 1 0 0 1
cob=(1)
cfi=(98)
cfn=(1410)
calls=1 71 
0 1116 316 131 1 9 0 0 5
0 6 4 2
0 10 4 2
cob=(7)
cfi=(95)
cfn=(1618) std::__cxx11::basic_string<char, std::char_traits<char>, std::allocator<char> >::_M_capacity(unsigned long)
calls=2 0 
0 6 2 2
cob=(1)
cfi=(98)
cfn=(1410)
calls=1 71 
0 1156 322 131 5 11 0 0 4
0 6 4 2 1 0 0 1
0 18 4 4
cfn=(1620)
calls=2 0 
0 20 8 8
0 10 2 2
cfn=(1620)
calls=2 0 
0 20 8 8 1 0 0 1
0 12 4 4 1 0 0 1
cob=(7)
cfi=(95)
cfn=(1626) std::__cxx11::basic_string<char, std::char_traits<char>, std::allocator<char> >::_M_data() const
calls=4 0 
0 12 8
cob=(1)
cfi=(98)
cfn=(1410)
calls=1 71 
0 1125 315 131 5 9 0 0 3
0 8 6 2
0 24 8 4
cob=(7)
cfi=(95)
cfn=(1632) std::__cxx11::basic_string<char, std::char_traits<char>, std::allocator<char> >::_S_copy_chars(char*, char const*, char const*)
calls=4 0 
0 84 16 8 2 1 0 1
cob=(1)
cfi=(98)
cfn=(1410)
calls=1 71 
0 1225 330 131 0 11 0 0 5
0 8 6 2 0 1
0 24 8 8
cob=(7)
cfi=(95)
cfn=(1640) std::__cxx11::basic_string<char, std::char_traits<char>, std::allocator<char> >::_M_set_length(unsigned long)
calls=4 0 
0 20 8 8
cob=(1)
cfi=(98)
cfn=(1410)
calls=1 71 
0 1192 327 131 1 11 0 0 4
0 8 6 2
0 12 0 4 1 0 0 1
cfn=(1642)
calls=4 0 
0 44 16 8
0 8 8

fn=(1898)
0 29990952 13189920 3506568 11 0 0 1
cfn=(1534)
calls=3297480 0 
0 23082360 13189920 6594960 0 360539
0 16487400 3297480 3297480
cfn=(2438) compareNeighborsBin2(void*, void*)
calls=14095 0 
0 158850581 60479969 30628271 4 210625 0 4
cfn=(1902)
calls=3283385 0 
0 935325539 361821377 221953001 24 11779998 0 11
0 13460288 101388 33796
cfn=(1534)
calls=33796 0 
0 236572 135184 67592 0 1
0 16597204 10000140 3263684 4 12974 0 2

fn=(1912) cppdescent::compareFloats(void*, void*)
0 88580624 48316704 24158352 5 4064761 0 1

fn=(1970)
0 389487 105047 125656 8 0 0 2
cfn=(1974)
calls=17373 0 
0 747039 312714 173730
0 104238 34746 17373
cfn=(1974)
calls=17373 0 
0 747039 312714 173730 0 4360
0 52119 0 17373
cfn=(1976)
calls=17373 0 
0 292650967 130202644 63811029 11 1360121 7353
0 100065 23973 7991
cfn=(1996)
calls=7991 0 
0 1957795 799100 447496 4 546 0 1
0 39955 15982 7991
cfn=(1971) PQueue::bubbleUp(int)'2
calls=7991 0 
0 178652791 79359044 38984476 0 669287 7818
0 99710 72728 0 2 22 0 1

fn=(1971)
0 248058 64746 83196
cfn=(1974)
calls=10458 0 
0 449694 188244 104580
0 62748 20916 10458
cfn=(1974)
calls=10458 0 
0 449694 188244 104580 0 1452
0 31374 0 10458
cfn=(1976)
calls=10458 0 
0 176168066 78378245 38412234 0 667831 7818
0 58164 13395 4465
cfn=(1996)
calls=4465 0 
0 1093925 446500 250040
0 22325 8930 4465
cfn=(1971)
calls=4465 0 
0 56269053 24993107 12281513 0 213470 2793
0 68743 49824 0 0 4

fn=(1980)
0 11477732 6558704 3279352 1 64060 0 1

fn=(2256) Neighbor::setFalse()
0 38288 14358 14358 1

fn=(2402)
0 8 1 4 1
cfn=(2404)
calls=1 0 
0 7 4 2 1 0 0 1
0 4 1 2
cfn=(2404)
calls=1 0 
0 7 4 2
0 6 0 2
cfn=(2406)
calls=1 0 
0 56 21 18 4 0 1 2
0 2 2

fn=(2414)
0 7 1 3 1
cfn=(2408)
calls=1 0 
0 7 4 2
0 15 0 2 1 0 0 1
cfn=(2416) std::chrono::duration<long, std::ratio<1l, 1000l> >::duration<long, void>(long const&)
calls=1 0 
0 11 5 4
0 3 3

fn=(2416)
0 11 5 4

fn=(2438)
0 140950 14095 84570 1 0 0 1
cfn=(1978)
calls=14095 0 
0 98665 56380 28190 0 2687
0 56380 14095 28190 1 0 0 1
cfn=(1978)
calls=14095 0 
0 98665 56380 28190 0 1988
0 56380 14095 28190
cfn=(2440) GraphVertexPair::getOwner()
calls=14095 0 
0 98665 56380 28190 0 77
0 28190 0 14095
cfn=(1906)
calls=14095 0 
0 98665 56380 28190
0 56380 14095 14095
cfn=(1982)
calls=14095 0 
0 98665 56380 28190 0 1981
0 28190 0 14095
cfn=(1908)
calls=14095 0 
0 98665 56380 28190
0 56380 14095 14095 1 0 0 1
cfn=(1982)
calls=14095 0 
0 98665 56380 28190 0 44
0 28190 0 14095
cfn=(1908)
calls=14095 0 
0 98665 56380 28190
0 42285 0 14095
cfn=(1910)
calls=14095 0 
0 141372850 53730140 26935545 0 25006
0 84570 28190 28190
cfn=(2440)
calls=14095 0 
0 98665 56380 28190
0 28190 0 14095
cfn=(1906)
calls=14095 0 
0 98665 56380 28190
0 56380 14095 14095 1 0 0 1
cfn=(1980)
calls=14095 0 
0 98665 56380 28190
0 28190 0 14095
cfn=(1908)
calls=14095 0 
0 98665 56380 28190 0 1797
0 56380 14095 14095
cfn=(1980)
calls=14095 0 
0 98665 56380 28190
0 28190 0 14095
cfn=(1908)
calls=14095 0 
0 98665 56380 28190 0 2536
0 42285 0 14095
cfn=(1910)
calls=14095 0 
0 15139309 5750432 2945691 0 174509
0 139602 83222 14095

fn=(1384)
0 11 1 0 3 0 0 3

fn=(1900)
0 522483 193539 139119 2 4411 0 1
cob=(2)
cfi=(81)
cfn=(1918)
calls=1857 0 
0 623490 127014 73936 185 4474 2786 27 364 2275
cob=(1)
cfi=(98)
cfn=(1410)
calls=1 71 
0 856 295 140 0 13 1
0 1861 1859 2 2 301
0 24141 11142 3714
cfn=(1538)
calls=1857 0 
0 18570 7428 7428
0 476058 216390 43278 3 0 0 1
cfn=(1538)
calls=43278 0 
0 432780 173112 173112 0 0 9046 0 0 321
0 361080 225675 45135 2 0 0 1

fn=(1910)
0 43050475 9934725 23181025 2 0 0 2
cfn=(1570)
calls=3311575 0 
0 23181025 13246300 6623150 0 2677790
0 50198645 16105568 14675934
cfn=(1890)
calls=8052784 0 
0 233530736 104686192 48316704 0 318973
0 48316704 16105568 8052784 2 0 0 1
cfn=(1890)
calls=8052784 0 
0 233530736 104686192 48316704 0 1378095
0 24158352 0 8052784
cfn=(1912)
calls=8052784 0 
0 88580624 48316704 24158352 5 4064761 0 1
0 150287301 26136075 4789100 3 0 0 1

fn=(1932)
0 22462 0 16336 2 0 5 2
cob=(7)
cfi=(95)
cfn=(1522)
calls=2042 0 
0 120629 30654 18389 0 149
0 2042 2042 0 0 1
0 14294 4084 2042
cfn=(1894)
calls=2042 0 
0 1520012 400340 269600 0 5771 2041 0 0 5
0 6126 0 4084
cob=(7)
cfi=(95)
cfn=(1522)
calls=2042 0 
0 120629 30654 18389 0 0 1 0 0 1
0 2042 2042
0 14294 4084 2042 1 0 0 1
cfn=(1894)
calls=2042 0 
0 1671265 439803 280237 0 2 1990 0 0 8
0 18378 10210 4084 0 385
cfn=(1898)
calls=2042 0 
0 64792874 25143578 14937048 0 801257
0 18378 10210 4084 1 1082 1092 1
cfn=(1898)
calls=2042 0 
0 65284162 25336018 15059304 0 701913
0 8168 0 6126 0 0 2188
cob=(7)
cfi=(95)
cfn=(1522)
calls=2042 0 
0 424760 79452 41089 3 21585 1185 3 0 1159
0 2042 2042 0 0 1759
0 14294 6126 2042 1 0 0 1
cfn=(1934)
calls=2042 0 
0 36756 16336 16336 0 0 5
0 6126 0 4084
cob=(7)
cfi=(95)
cfn=(1522)
calls=2042 0 
0 429587 80366 41795 7 300 784 7 0 777
0 2042 2042
0 10210 2042 2042
cfn=(1936)
calls=2042 0 
0 24504 10210 10210 1 0 0 1
0 8168 2042 4084
cfn=(1938)
calls=2042 0 
0 14294 8168 4084 0 556
0 12252 2042 2042 1 0 0 1
cfn=(1940)
calls=2042 0 
0 155171162 68986119 33852540 18 640985 22 18 5
0 20462 2042 2084 0 844 7
cob=(7)
cfi=(95)
cfn=(1948)
calls=2042 0 
0 189906 55134 28588 6 15477 0 1
cob=(1)
cfi=(98)
cfn=(1410)
calls=1 71 
0 742 251 131 4 53 20
0 2046 2044 2 0 858
0 12252 2042 2042 1 0 0 1
cob=(7)
cfi=(95)
cfn=(1948)
calls=2042 0 
0 189906 55134 28588 0 4
0 2042 2042
0 10210 2042 2042 0 844
cfn=(1950)
calls=2042 0 
0 1557506 484257 259484 8 19672 873 5
0 6126 0 2042
cob=(7)
cfi=(95)
cfn=(1948)
calls=2042 0 
0 189906 55134 28588 0 1061
0 2042 2042
0 10210 2042 2042
cfn=(1950)
calls=2042 0 
0 1682566 508450 253210 1 8557 0 1
0 6126 0 2042
cob=(7)
cfi=(95)
cfn=(1948)
calls=2042 0 
0 189906 55134 28588 0 964
0 2042 2042
0 16336 12252 0 2 2007 0 2

fn=(1950)
0 361328 65696 131392 0 20777
cfn=(1952)
calls=32848 0 
0 9422407 2966374 1554532 30 223898 11643 4
0 98544 0 32848 2 0 0 1
cob=(7)
cfi=(95)
cfn=(1948)
calls=32848 0 
0 3250736 922889 452265 1 4329 0 1
0 32848 32848
0 197088 65696 32848 0 5543
cfn=(1952)
calls=32848 0 
0 9637828 3004596 1551504 2 66155 2
0 98544 0 32848
cob=(7)
cfi=(95)
cfn=(1948)
calls=32848 0 
0 3503666 966729 443097 0 3243
0 32848 32848
0 131392 98544

fn=(1956)
0 802785 200096 267595 2 500 0 1 228
cfn=(1958) Vector::first()
calls=65098 0 
0 716078 260796 130196 7 7280 0 1
0 232196 61200 85498
cfn=(1534)
calls=20400 0 
0 142800 81600 40800 0 2402
0 40800 0 20400
cfn=(1536)
calls=20000 0 
0 2740000 720000 320000 0 10200
cfn=(2448)
calls=400 0 
0 4424341 1389610 663326 12 15884 3 4
0 102000 40800 20400
cfn=(2454)
calls=20400 0 
0 367200 162998 61200
0 461392 220496 87899 0 23 0 0 15
cob=(2)
cfi=(81)
cfn=(1558)
calls=67499 0 
0 7995609 2110488 946336 30 167654 11773 6 3213 8
cob=(1)
cfi=(98)
cfn=(1410)
calls=1 71 
0 920 309 146 2 36 4
0 67503 67501 2 1 14829
0 269996 202497 0 0 2

fn=(1957)
0 12000 3000 4000 0 91
cfn=(1958)
calls=1000 0 
0 11000 5992 2000 0 3
0 142000 84000 29000
cfn=(1534)
calls=28000 0 
0 196000 112000 56000 0 3615
0 56000 0 28000
cfn=(2364)
calls=8000 0 
0 48000 16000 16000
cfn=(1536)
calls=20000 0 
0 2739848 719975 320005 4 10048 1
0 140000 56000 28000
cfn=(2454)
calls=28000 0 
0 504000 223004 84000 2 0 0 2
0 90000 31000 29000
cob=(2)
cfi=(81)
cfn=(1558)
calls=1000 0 
0 144893 38839 20521 2 615 2
0 1000 1000 0 0 1
0 4000 3000

fn=(1958)
0 727078 266788 132196 7 7283 0 1

fn=(2252) getSets(Vector*, int, float)
0 9600 800 6400 1 0 0 1
cfn=(1570)
calls=800 0 
0 5600 3200 1600
0 5600 0 800 1 0 0 1
cob=(7)
cfi=(95)
cfn=(2008) operator new[](unsigned long)
calls=800 0 
0 70667 16153 8972 4 218 90 0 150 88
0 800 800
0 114400 32000 17600
cob=(7)
cfi=(95)
cfn=(2008)
calls=16000 0 
0 1815274 428657 230208 20 467 221 0 415 215
0 16000 16000
0 80000 16000 48000 0 0 703 0 0 562
cfn=(1570)
calls=16000 0 
0 112000 64000 32000
0 2400 800 800 1 0 0 1
cfn=(1570)
calls=800 0 
0 5600 3200 1600
0 69600 17600 800
cfn=(1570)
calls=800 0 
0 5600 3200 1600
0 6400 800 800 1 0 0 1
cob=(7)
cfi=(95)
cfn=(2008)
calls=800 0 
0 63878 15101 8317 0 129 57 0 74 57
0 800 800
0 58400 16000 9600
cob=(7)
cfi=(95)
cfn=(2008)
calls=8000 0 
0 1117046 256195 137705 8 153 480 0 108 455
0 8000 8000
0 40000 8000 24000 0 0 209 0 0 157
cfn=(1570)
calls=8000 0 
0 56000 32000 16000
0 2400 800 800 1 0 0 1
cfn=(1570)
calls=800 0 
0 5600 3200 1600
0 365600 129600 64800
cfn=(1570)
calls=16000 0 
0 112000 64000 32000
0 2400 800 800 4 0 0 1
cfn=(1570)
calls=800 0 
0 5600 3200 1600
0 164800 48800 24800
cfn=(1570)
calls=8000 0 
0 56000 32000 16000
0 2400 800 800 4 0 0 1
cfn=(1570)
calls=800 0 
0 5600 3200 1600
0 45600 17600 800
cob=(7)
cfi=(95)
cfn=(1522)
calls=800 0 
0 129260 28407 15406 1 29 69 0 12 66
0 800 800
0 4800 0 800 4 0 0 1
cfn=(1524)
calls=800 0 
0 264530 52783 30833 0 40 711 0 23 679
0 2400 0 1600
cob=(7)
cfi=(95)
cfn=(1522)
calls=800 0 
0 99951 21669 12248 0 10 72 0 5 71
0 800 800
0 4800 0 800
cfn=(1524)
calls=800 0 
0 267229 53014 31109 3 53 936 1 18 854
0 84000 32000 19200 4 0 0 1
cfn=(1890)
calls=16000 0 
0 464000 208000 96000
0 64000 16000 32000
cfn=(2254)
calls=16000 0 
0 112000 64000 32000 1 14302
0 116646 23930 9572 4 0 1 1
cfn=(2256)
calls=4786 0 
0 38288 14358 14358 1
0 99376 44902 12786 4 0 0 1
cfn=(2258)
calls=5549 0 
0 172019 72137 55490 3 4654
0 33294 11098 11098
cfn=(1900)
calls=5549 0 
0 221960 99882 49941
0 79194 28325 22660 1 0 0 1
cfn=(1570)
calls=5665 0 
0 39655 22660 11330
0 41340 10335 20670
cfn=(1570)
calls=10335 0 
0 72345 41340 20670
0 2400 800 800 3 0 0 1
cfn=(1570)
calls=800 0 
0 5600 3200 1600
0 89608 25392 1528 4 0 0 1
cfn=(1890)
calls=1032 0 
0 29928 13416 6192
0 3096 0 1032
cfn=(2258)
calls=1032 0 
0 31580 13416 10320 0 118
0 6192 2064 2064
cfn=(1900)
calls=1032 0 
0 41280 18576 9288
0 8544 3056 3160 8 0 0 2
cob=(2)
cfi=(81)
cfn=(1926)
calls=1824 0 
0 103900 31008 20064 10 39 3
0 1824 1824
0 8223 1824 2751
cob=(2)
cfi=(81)
cfn=(1926)
calls=927 0 
0 52816 15759 10197 0 7
0 927 927
0 79539 33819 4575 8 0 0 2
cfn=(1890)
calls=1824 0 
0 52896 23712 10944
0 5472 0 1824
cfn=(2258)
calls=1824 0 
0 55641 23712 18240 2 1316 0 1
0 10944 3648 3648
cfn=(1900)
calls=1824 0 
0 72960 32832 16416
0 29790 9108 2124 8 0 0 2
cfn=(1890)
calls=162 0 
0 4698 2106 972
0 486 0 162
cfn=(2258)
calls=162 0 
0 4860 2106 1620 0 12
0 972 324 324
cfn=(1900)
calls=162 0 
0 10489 3810 1939 0 4 15 0 4 14
0 4510 600 2810 5 0 0 2
cob=(2)
cfi=(81)
cfn=(1926)
calls=1986 0 
0 113135 33762 21846 4 68 1
0 1986 1986
0 8500 1986 2542
cob=(2)
cfi=(81)
cfn=(1926)
calls=556 0 
0 31677 9452 6116 0 8
0 556 556
0 64822 26612 4528 5 0 0 2
cfn=(1890)
calls=1986 0 
0 57594 25818 11916
0 5958 0 1986
cfn=(2258)
calls=1986 0 
0 59580 25818 19860 0 1649
0 11916 3972 3972
cfn=(1900)
calls=1986 0 
0 189625 59361 30652 13 103 474 0 62 431
0 278122 103944 18786 1 0 0 1
cob=(7)
cfi=(95)
cfn=(2264) operator delete[](void*)
calls=16000 0 
0 1959488 520499 212175 10 159 0 1 72
cob=(1)
cfi=(98)
cfn=(1410)
calls=1 71 
0 725 250 133 2 21 5 0 0 5
0 16004 16002 2 2 1
0 64000 16000 32000
cfn=(1570)
calls=16000 0 
0 112000 64000 32000
0 2400 800 800 2 0 0 2
cfn=(1570)
calls=800 0 
0 5600 3200 1600
0 71200 18400 800
cob=(7)
cfi=(95)
cfn=(2264)
calls=800 0 
0 80457 23110 11214 0 54 0 0 36
0 800 800
0 129600 48000 8800 0 2
cob=(7)
cfi=(95)
cfn=(2264)
calls=8000 0 
0 1041206 270449 104057 0 38 0 0 32
0 8000 8000
0 32000 8000 16000
cfn=(1570)
calls=8000 0 
0 56000 32000 16000
0 2400 800 800 1 0 0 1
cfn=(1570)
calls=800 0 
0 5600 3200 1600
0 48000 19200 800 2 0 0 1
cob=(7)
cfi=(95)
cfn=(2264)
calls=800 0 
0 82966 23520 11110 0 37 0 0 20
0 800 800
0 7200 5600 0 1

fn=(2358)
0 56001 0 40728 5 0 0 1
cob=(7)
cfi=(95)
cfn=(1522)
calls=5091 0 
0 300369 76365 45819 0 1910
0 5091 5091
0 35637 10182 5091
cfn=(1894)
calls=5091 0 
0 4104369 1048884 692499 16 32142 17338 0 0 5
0 15273 0 10182
cob=(7)
cfi=(95)
cfn=(1522)
calls=5091 0 
0 300369 76365 45819 0 1965
0 5091 5091
0 35637 10182 5091 4 0 0 1
cfn=(1894)
calls=5091 0 
0 4616443 1171290 731099 0 9343 7728 0 0 9
0 45819 25455 10182 0 4338
cfn=(1898)
calls=5091 0 
0 161743345 62767009 37291320 13 2085916
0 45819 25455 10182 4 0 2730 1
cfn=(1898)
calls=5091 0 
0 160251036 62182464 36919962 0 1645780
0 15273 0 10182 0 0 2643
cob=(7)
cfi=(95)
cfn=(1522)
calls=5091 0 
0 1138418 216370 115520 0 50169 6160 0 0 1692
0 5091 5091 0 0 4339
0 35637 15273 5091
cfn=(1934)
calls=5091 0 
0 91638 40728 40728 0 0 23
0 15273 0 10182 1 0 0 1
cob=(7)
cfi=(95)
cfn=(1522)
calls=5091 0 
0 1132206 214414 114211 0 771 2941 0 0 2840
0 5091 5091
0 25455 5091 5091
cfn=(1936)
calls=5091 0 
0 61092 25455 25455
0 35637 10182 10182
cfn=(2360)
calls=5091 0 
0 392523793 174288201 85777773 48 1977092 15085 10
0 30546 10182 5091 1 1134 0 1
cfn=(2370) GraphVertex::removeReverse(void*, int (*)(void*, void*))
calls=5091 0 
0 215788067 95623751 47297438 3 1200010 655
0 30546 5091 5091 0 588
cob=(7)
cfi=(95)
cfn=(1948)
calls=5091 0 
0 473463 137457 71274 0 48918
0 5091 5091 0 0 4161
0 30546 5091 5091
cob=(7)
cfi=(95)
cfn=(1948)
calls=5091 0 
0 473463 137457 71274 0 329
0 5091 5091
0 25455 5091 5091 4 0 0 1
cfn=(1950)
calls=5091 0 
0 3984363 1218229 646261 13 67271 4138
0 15273 0 5091
cob=(7)
cfi=(95)
cfn=(1948)
calls=5091 0 
0 474051 137557 71254 0 272
0 5091 5091
0 25455 5091 5091
cfn=(1950)
calls=5091 0 
0 4423787 1293039 631299 0 34315
0 15273 0 5091
cob=(7)
cfi=(95)
cfn=(1948)
calls=5091 0 
0 475677 137827 71200 0 1575
0 5091 5091
0 40728 25455 0 0 5091

fn=(1532)
0 2482662 827554 709332 7 0 0 2
cfn=(1534)
calls=118222 0 
0 827554 472888 236444 2 28 0 1 3
0 1502214 553774 40000 6 1558 0 1
cfn=(1534)
calls=40000 0 
0 280000 160000 80000
0 80000 0 40000 2 0 0 1
cfn=(1536)
calls=40000 0 
0 400000 120000 80000 2 0 0 1
0 1182220 472888 118222
cfn=(1538)
calls=118222 0 
0 1182220 472888 472888
0 472888 354666

fn=(1534)
0 446370778 255069016 127534508 3 3837135 13445 1 1536

fn=(1696)
0 16 4 6 1 0 0 1
cfn=(1698)
calls=1 0 
0 27 12 7 3 0 0 3
0 15 3 3 1 0 0 1
cfn=(1700)
calls=1 0 
0 1199 342 152 7 9 0 7
0 3 0 1
cfn=(1644)
calls=1 0 
0 6 2 2
0 6 2 1
cob=(7)
cfi=(95)
cfn=(1714) std::__cxx11::basic_string<char, std::char_traits<char>, std::allocator<char> >::operator[](unsigned long)
calls=1 0 
0 6 3 0 1 0 0 1
cob=(1)
cfi=(98)
cfn=(1410)
calls=1 71 
0 1082 307 131 0 9 0 0 4
0 5 3 2 0 1
0 6 2 1 1 0 0 1
cfn=(1716)
calls=1 0 
0 84 12 34 8 0 0 8
0 4 3

fn=(1868)
0 13 0 9 2 0 0 2
cob=(7)
cfi=(95)
cfn=(1728)
calls=1 0 
0 433 118 69 0 1
0 1 1
0 6 2 1 1 0 0 1
cfn=(1870)
calls=1 0 
0 529310319 217674670 118026094 238 4231417 30936 154 10 3337
0 4 0 2 0 0 1
cob=(7)
cfi=(95)
cfn=(1728)
calls=1 0 
0 442 119 69 6 20 2 0 1
0 1 1
0 3 1 1
cfn=(2000)
calls=1 0 
0 7 4 2 1 1 0 1
0 4 1 2 1 0 1 1
cfn=(2002)
calls=1 0 
0 7 4 2
0 10 1 3
cob=(7)
cfi=(95)
cfn=(2008)
calls=1 0 
0 5311 1002 771 2 138 2 2 0 1
cob=(1)
cfi=(98)
cfn=(1410)
calls=1 71 
0 802 262 137 4 54 14
0 5 3 2 0 2
0 82 24 37 6 0 4 2
cob=(8)
cfi=(96)
cfn=(2014) GOMP_parallel
calls=4 0 
0 13811909 2184549 203804 257 2767 1105 168 14 641
cob=(1)
cfi=(98)
cfn=(1410)
calls=1 71 
0 766 253 134 3 18 0 0 3
0 8 6 2 0 1
0 53542 19380 12722 3 711 4 2
cfn=(1890)
calls=5862 0 
0 169998 76206 35172 0 1474 0 0 339
0 35172 11724 11724 0 0 2579
cfn=(1890)
calls=5862 0 
0 169998 76206 35172 0 717 0 0 171
0 29310 11724 11724 1 0 0 1
cfn=(1908)
calls=5862 0 
0 41034 23448 11724 1 4729
0 23448 5862 5862
cfn=(1908)
calls=5862 0 
0 41034 23448 11724 0 1815
0 17586 0 5862
cfn=(1984)
calls=5862 0 
0 48994596 21812502 10645392 6 419832
0 46896 17586 11724
cfn=(2350) Graph::isNeighborVertex(void*, void*)
calls=5862 0 
0 10562508 3963240 2569764 17 60811 195 8
0 67614 23940 4788 1 0 0 1
cfn=(2354)
calls=4788 0 
0 282324207 118840030 62476676 98 2026231 15152 20 0 741
0 33516 14364 9576 0 773 773
cfn=(2350)
calls=4788 0 
0 8871399 3334593 2159547 0 90699 71
0 6444 3222 1074
cfn=(2350)
calls=1074 0 
0 1435706 526818 345578 0 9448 2
0 66150 23025 4605 0 680
cfn=(2354)
calls=4605 0 
0 264876251 111638526 58577382 4 1995476 12017 0 0 723
0 23025 4605 13815 0 713 713
cfn=(1570)
calls=4605 0 
0 32235 18420 9210 0 1009
0 5028 1257 2514 0 93
cfn=(1570)
calls=1257 0 
0 8799 5028 2514 0 93
0 8568 2856 2856 1 0 0 1
cfn=(1570)
calls=2856 0 
0 19992 11424 5712
0 154479 54276 25635
cfn=(1890)
calls=22779 0 
0 660591 296127 136674 0 5215 0 0 39
0 136674 45558 45558 1 0 0 1
cfn=(1890)
calls=22779 0 
0 660591 296127 136674 0 6738 0 0 984
0 113895 45558 45558
cfn=(1908)
calls=22779 0 
0 159453 91116 45558 0 19019
0 91116 22779 22779
cfn=(1908)
calls=22779 0 
0 159453 91116 45558 0 453
0 68337 0 22779
cfn=(1984)
calls=22779 0 
0 190386882 84760659 41366664 1 1221600
0 182232 68337 45558 1 0 0 1
cfn=(2350)
calls=22779 0 
0 39001478 14585650 9471874 5 89549 395
0 245903 82505 16501 1 0 0 1
cfn=(2354)
calls=16501 0 
0 668122834 281933625 147933661 78 4427816 34446 0 0 1644
0 115507 49503 33002 0 1709 1709
cfn=(2350)
calls=16501 0 
0 30430769 11435035 7406777 0 321852 117
0 37668 18834 6278
cfn=(2350)
calls=6278 0 
0 8653418 3183490 2086794 0 78861 7
0 245143 82030 16406
cfn=(2354)
calls=16406 0 
0 748089202 315693462 165683197 21 5812064 34951 0 0 1899
0 82030 16406 49218 0 1896 1896
cfn=(1570)
calls=16406 0 
0 114842 65624 32812 0 2667
0 25492 6373 12746
cfn=(1570)
calls=6373 0 
0 44611 25492 12746 0 235
0 8568 2856 2856
cfn=(1570)
calls=2856 0 
0 19992 11424 5712 0 1333 0 0 418
0 113964 28491 5712
cfn=(1570)
calls=2856 0 
0 19992 11424 5712 0 281
0 2400 800 800 1 0 0 1
cfn=(1570)
calls=800 0 
0 5600 3200 1600 0 767 0 0 555
0 18624 4456 800 1 0 0 1
cfn=(1956)
calls=800 0 
0 112046 31844 13604 0 5294 30 0 576
0 2400 0 800
cob=(7)
cfi=(95)
cfn=(1948)
calls=800 0 
0 104246 27064 10400 0 184 0 0 113
0 800 800
0 4000 800 800
cfn=(1956)
calls=800 0 
0 325158 87916 51192 4 5050 89 4 1819 1
0 2400 0 800
cob=(7)
cfi=(95)
cfn=(1948)
calls=800 0 
0 104196 27064 10400 0 89 0 0 51
0 800 800
0 3224 1608 804 1 4 0 1
cob=(7)
cfi=(95)
cfn=(1728)
calls=4 0 
0 1828 464 176 51 76 4 0 1
0 4 4 0 4
0 20 4 4
cob=(7)
cfi=(95)
cfn=(1756)
calls=4 0 
0 1737 436 252 36 44 6
0 4 4 0 1 4
0 12 0 4 4 0 0 1
cob=(7)
cfi=(95)
cfn=(1728)
calls=4 0 
0 1964 524 308 63 8 4 5
0 4 4
0 49 18 1 1 0 0 1
cob=(7)
cfi=(95)
cfn=(2264)
calls=1 0 
0 184 48 31 0 5 1
0 1 1
0 3 0 1
cob=(7)
cfi=(95)
cfn=(1728)
calls=1 0 
0 378 101 44
0 1 1
0 5 1 1
cob=(7)
cfi=(95)
cfn=(1756)
calls=1 0 
0 395 104 60
0 1 1
0 3 0 1
cob=(7)
cfi=(95)
cfn=(1728)
calls=1 0 
0 491 131 77
0 1 1
0 6 5

fn=(1872)
0 46 14 26 6 0 1 3
cob=(7)
cfi=(95)
cfn=(1522)
calls=2 0 
0 118 30 18 0 1
0 2 2
0 12 0 2
cfn=(1524)
calls=2 0 
0 765 135 84 37 6 3 2
0 22 14 4 2 0 0 1

fn=(1904)
0 22986495 13135140 6567570 2 2790102 0 1

fn=(1994)
0 6526782 725198 3625990 1 0 3 1
cfn=(1978)
calls=725198 0 
0 5076386 2900792 1450396 0 282800
0 2900792 725198 1450396
cfn=(1978)
calls=725198 0 
0 5076386 2900792 1450396 0 73919
0 2900792 725198 1450396 2 0 0 1
cfn=(1982)
calls=725198 0 
0 5076386 2900792 1450396 1 286035
0 2900792 725198 725198
cfn=(1982)
calls=725198 0 
0 5076386 2900792 1450396 0 70053
0 3577333 708979 708979
cfn=(1980)
calls=708979 0 
0 4962853 2835916 1417958
0 2835916 708979 708979
cfn=(1980)
calls=708979 0 
0 4962853 2835916 1417958
0 7894412 2175594 0 3 0 0 1

fn=(2236)
0 414974 237128 118564 0 24029

fn=(2356)
0 338400 42300 126900 2 0 0 1
cfn=(1974)
calls=42300 0 
0 1818900 761400 423000 4
0 84600 84600

fn=(2370)
0 66183 20364 25455 0 3099
cfn=(2362)
calls=5091 0 
0 215706611 95593205 47271983 3 1196328 655
0 15273 10182 0 0 583

fn=(2410)
0 11 5 4

fn=(2440)
0 197330 112760 56380 0 77

fn=(2450)
0 2800 1600 800 0 2

fn=(2468)
0 6 1 2 2 1
cfn=(2472) 0x0000000000402380
calls=1 0 
0 4 1 0 1
0 3 2 1

fn=(2472)
0 4 1 0 1

fn=(1376)
0 12 2 3 1 2 0 1
cob=(2)
cfi=(81)
cfn=(1378)
calls=1 0 
0 3258636589 1351622472 714655953 2658 23091958 178661 1194 5335 37608

fn=(1524)
0 1643976 547992 547992 4 0 833 2 0 19
cob=(2)
cfi=(81)
cfn=(1176)
calls=68499 0 
0 13052579 2774652 1386622 102 62160 47570 8 899 8197
cob=(1)
cfi=(98)
cfn=(1410)
calls=1 71 
0 909 306 146 2 12 0 0 1
0 68503 68501 2 1 13843 0 1
0 410994 205497 68499

fn=(1530)
0 240000 0 120000 2 0 0 1
cob=(7)
cfi=(95)
cfn=(1522)
calls=40000 0 
0 8441243 1621142 841248 28 72 19979 0 0 19911
0 40000 40000
0 280000 200000 80000

fn=(1890)
0 1132008524 417055772 238317584 2 16374 3081 1 0 10
cfn=(1534)
calls=59579396 0 
0 417055772 238317584 119158792 1 3426885 13445 0 1533
0 178738188 119158792

fn=(1892)
0 4000 0 2800 2 0 0 1
cob=(7)
cfi=(95)
cfn=(1522)
calls=400 0 
0 85644 16052 8382 4 998 316 0 0 310
0 400 400 0 0 102
0 2800 800 400
cfn=(1894)
calls=400 0 
0 621104 125816 78003 41 456 2397 15 0 1940
0 3600 2000 800 2 0 0 1
cfn=(1898)
calls=400 0 
0 8643400 3385400 2151600 26 102696 0 14
0 4000 1200 400 0 40
cfn=(1900)
calls=400 0 
0 21640 8565 4399 66 84 132 21 0 129
0 5200 3200 400 2 113 0 1

fn=(1934)
0 1323108 588048 588048 0 0 2576

fn=(1954)
0 854048 459872 328480 12 37743 0 2

fn=(1976)
0 648621 72069 360345 3 0 0 1
cfn=(1978)
calls=72069 0 
0 504483 288276 144138 0 37761
0 288276 72069 144138
cfn=(1978)
calls=72069 0 
0 504483 288276 144138 0 22753
0 288276 72069 144138
cfn=(1980)
calls=72069 0 
0 504483 288276 144138 1 35823 0 1
0 144138 0 72069
cfn=(1908)
calls=72069 0 
0 504483 288276 144138 0 20172
0 288276 72069 72069 6 0 0 1
cfn=(1982)
calls=72069 0 
0 504483 288276 144138
0 144138 0 72069
cfn=(1908)
calls=72069 0 
0 504483 288276 144138 0 19297
0 216207 0 72069
cfn=(1984)
calls=72069 0 
0 602353558 268169030 130877446 14 3899635 26715 7 5
0 360345 72069 144138
cfn=(1980)
calls=72069 0 
0 504483 288276 144138 0 22987
0 144138 0 72069
cfn=(1908)
calls=72069 0 
0 504483 288276 144138 0 16121
0 288276 72069 72069 6 0 0 1
cfn=(1982)
calls=72069 0 
0 504483 288276 144138
0 144138 0 72069
cfn=(1908)
calls=72069 0 
0 504483 288276 144138 0 6224
0 216207 0 72069
cfn=(1984)
calls=72069 0 
0 602352702 268168749 130877304 0 1676377
0 1059171 462993 144138 2 0 0 1

fn=(2218) cppdescent::NNDescent_KNNGraph(Vector*, int, float, float, float (*)(void*, void*)) [clone ._omp_fn.0]
0 1248 624 528 5 41 87 3 0 22
cob=(8)
cfi=(96)
cfn=(2224) omp_get_num_threads
calls=48 0 
0 384 192 0 3 82 0 2
cob=(1)
cfi=(98)
cfn=(1410)
calls=1 71 
0 756 249 130 3 17 23 1 1 23
0 52 50 2 0 46
0 96 0 48
cob=(8)
cfi=(96)
cfn=(2230) omp_get_thread_num
calls=48 0 
0 192 144
cob=(1)
cfi=(98)
cfn=(1410)
calls=1 71 
0 748 248 130 2 7
0 52 50 2
0 1152 144 96 1 0 0 1
cfn=(1890)
calls=48 0 
0 1392 624 288 1 49 47 0 0 10
0 4512 2256 752
cfn=(1890)
calls=752 0 
0 21808 9776 4512 0 97
0 2400 0 800
cfn=(2232) Graph::getGeneralNeighborsV(void*)
calls=800 0 
0 2390197 858977 484767 168 6837 2250 51 1265 1997
0 11200 4000 1600 1 0 0 1
cfn=(2252)
calls=800 0 
0 12113444 3732682 1899662 162 23691 4047 32 1031 3654
0 8048 1600 3200 0 0 238 0 0 49
cfn=(1956)
calls=800 0 
0 251545 69102 41393 23 1120 14 2 1061 7
0 2400 0 800
cob=(7)
cfi=(95)
cfn=(1948)
calls=800 0 
0 104216 27064 10400 0 1
0 800 800 0 0 2
0 1184 192 0 1 46

fn=(2232)
0 10400 1600 5600 1 0 43 1 0 10
cfn=(2234)
calls=800 0 
0 24000 10400 8800 3 1345 44 2 0 10
0 4800 1600 1600 2 0 0 1
cfn=(2238)
calls=800 0 
0 24000 10400 8800 2 798 0 2
0 2400 0 1600
cob=(7)
cfi=(95)
cfn=(1522)
calls=800 0 
0 63088 13178 10359 55 220 538 30 109 538
0 800 800 0 1 1
0 4800 0 800
cfn=(1524)
calls=800 0 
0 321962 65135 40504 16 952 439 3 858 340
0 42400 16000 9600 1 0 0 1
cfn=(1890)
calls=8000 0 
0 232000 104000 48000 0 808
0 48000 16000 16000
cfn=(1900)
calls=8000 0 
0 320000 144000 72000 2
0 32000 8000 16000
cfn=(1570)
calls=8000 0 
0 56000 32000 16000
0 2400 800 800
cfn=(1570)
calls=800 0 
0 5600 3200 1600 1 388
0 76800 24800 8800 1 0 0 1
cfn=(1890)
calls=8000 0 
0 232000 104000 48000 0 1521
0 48000 16000 16000
cfn=(1900)
calls=8000 0 
0 701147 229464 119504 77 400 1186 9 298 1099
0 32000 8000 16000
cfn=(1570)
calls=8000 0 
0 56000 32000 16000
0 2400 800 800 2 0 0 1
cfn=(1570)
calls=800 0 
0 5600 3200 1600 0 404
0 41600 13600 0 4

fn=(2350)
0 801948 114564 515538 2 0 0 1
cob=(7)
cfi=(95)
cfn=(1522)
calls=57282 0 
0 3379638 859230 515538 0 1700 4
0 57282 57282
0 400974 171846 57282
cfn=(1934)
calls=57282 0 
0 1031076 458256 458256 0 0 777
0 171846 0 114564
cob=(7)
cfi=(95)
cfn=(1522)
calls=57282 0 
0 3379638 859230 515538 0 9
0 57282 57282
0 286410 57282 57282
cfn=(1936)
calls=57282 0 
0 687384 286410 286410
0 229128 57282 114564 1 0 0 1
cfn=(1938)
calls=57282 0 
0 400974 229128 114564 0 8
0 114564 0 57282
cfn=(2236)
calls=57282 0 
0 400974 229128 114564 0 22282
0 343692 57282 57282
cfn=(2352)
calls=57282 0 
0 75282830 29983140 19328228 18 626469 6 5
0 587802 57282 72264 1 0 0 1
cob=(7)
cfi=(95)
cfn=(1948)
calls=57282 0 
0 5327226 1546614 801948 0 717
0 57282 57282
0 343692 57282 57282
cob=(7)
cfi=(95)
cfn=(1948)
calls=57282 0 
0 5327226 1546614 801948 0 35
0 57282 57282
0 229128 229128

fn=(2362)
0 101820 10182 61092 5 0 0 2
cfn=(1942)
calls=10182 0 
0 173094 81456 50910 0 12234
0 91638 40728 20364 1 0 0 1
cfn=(1940)
calls=10182 0 
0 4152077 1604785 1109203 1 52914 4205
0 142548 71274 20364 1 0 0 1
cfn=(1974)
calls=10182 0 
0 437826 183276 101820
0 20364 0 10182
cfn=(2364)
calls=10182 0 
0 61092 20364 20364
0 61092 30546 10182
cfn=(1996)
calls=10182 0 
0 2492806 1017308 570192 8 8736
0 40728 20364 10182
cfn=(2366)
calls=10182 0 
0 299100 143736 41085 5 116 13 2
0 50910 20364 10182
cfn=(2368)
calls=10182 0 
0 599993307 266575931 130988179 29 3095334 11522 4
0 30546 30546 0 0 1707

fn=(2452)
0 2000 200 800 1 0 0 1
cfn=(1957)
calls=200 0 
0 3582962 1092800 507493 6 12545 1 2
0 600 0 200 1
cob=(7)
cfi=(95)
cfn=(1948)
calls=200 0 
0 24600 6400 2600 0 11
0 200 200
0 800 600

ob=(4)
fl=(91)
fn=(494)
0 2 1 0 1 1 0 1
cob=(2)
cfi=(81)
cfn=(496)
calls=1 0 
0 22 2 0 2 1 0 2

fn=(662) 0x000000000494db70
0 2 1 0 1 1 0 1
cob=(7)
cfi=(95)
cfn=(664) std::__cxx11::numpunct<wchar_t>::_M_initialize_numpunct(__locale_struct*)
calls=1 0 
0 350 74 74 4 1 3 4 1 3

fn=(674) 0x0000000004950300
0 2 1
cob=(7)
cfi=(95)
cfn=(676) std::__timepunct<wchar_t>::__timepunct(std::__timepunct_cache<wchar_t>*, unsigned long)
calls=1 0 
0 196 18 38 17 2 0 17

fn=(844) 0x00000000049508a0
0 8 4 0 1 1 0 1
cob=(7)
cfi=(95)
cfn=(846) std::basic_ios<char, std::char_traits<char> >::_M_cache_locale(std::locale const&)
calls=4 0 
0 220 96 32 2 0 0 2

fn=(888) 0x000000000494e440
0 2 1
cob=(7)
cfi=(95)
cfn=(890) std::future_category()
calls=1 0 
0 3 1 0 1 0 0 1

fn=(896) 0x000000000494ebb0
0 2 1 0 1 1 0 1
cob=(2)
cfi=(81)
cfn=(898)
calls=1 0 
0 623 176 13 8 42 0 8 2

fn=(1130) 0x0000000004865ce0
0 2 1 0 1 1 0 1
cob=(2)
cfi=(81)
cfn=(1132)
calls=1 0 
0 40 5 2 4 2 0 4

fn=(1174) 0x0000000004865a00
0 2 1 0 1 1 0 1
cob=(2)
cfi=(81)
cfn=(1176)
calls=1 0 
0 241 42 24 11 1 1 11 0 1

fn=(1334) 0x0000000004865970
0 4 2 0 1 1 0 1
cob=(2)
cfi=(81)
cfn=(1336)
calls=2 0 
0 45 5 6 2 1 1 2 1

fn=(1770) 0x000000000494fb90
0 16 8 0 2 5 0 1
cob=(7)
cfi=(95)
cfn=(1772) std::ostreambuf_iterator<char, std::char_traits<char> > std::num_put<char, std::ostreambuf_iterator<char, std::char_traits<char> > >::_M_insert_int<long>(std::ostreambuf_iterator<char, std::char_traits<char> >, std::ios_base&, char, long) const
calls=8 0 
0 2693 591 398 42 30 6 12

fn=(1804) 0x0000000004951370
0 10 5 0 3 3 0 1
cob=(7)
cfi=(95)
cfn=(1806) std::ostream& std::ostream::_M_insert<double>(double)
calls=5 0 
0 11972 2856 1868 470 147 59 176 12

fn=(2572) 0x000000000494f820
0 6 3 0 1 1 0 1
cob=(7)
cfi=(95)
cfn=(2574) std::ostream::flush()
calls=3 0 
0 669 254 101 20 30 0 20 1

fn=(2573) 0x000000000494f820'2
0 2 1
cob=(7)
cfi=(95)
cfn=(2575) std::ostream::flush()'2
calls=1 0 
0 135 52 21

fn=(2578) 0x0000000004951480
0 20 10 0 1 1 0 1
cob=(2)
cfi=(81)
cfn=(2580)
calls=10 0 
0 720 250 120 8 9 0 8 1

fn=(2588) 0x000000000494fdf0
0 4 2 0 1 1 0 1
cob=(7)
cfi=(95)
cfn=(2590) __cxa_get_globals
calls=2 0 
0 42 18 2 3 4 0 3

fn=(658) 0x000000000494e480
0 2 1 0 1 0 0 1
cob=(7)
cfi=(95)
cfn=(660) std::codecvt<wchar_t, char, __mbstate_t>::codecvt(unsigned long)
calls=1 0 
0 37 10 7 2 0 1 2 0 1

fn=(666) 0x000000000494fcd0
0 2 1 0 1 1 0 1
cob=(7)
cfi=(95)
cfn=(668) std::__cxx11::moneypunct<wchar_t, false>::_M_initialize_moneypunct(__locale_struct*, char const*)
calls=1 0 
0 102 27 30 5 0 0 5

fn=(688) 0x000000000494e620
0 2 1 0 1 1 0 1
cob=(7)
cfi=(95)
cfn=(690) std::numpunct<char>::_M_initialize_numpunct(__locale_struct*)
calls=1 0 
0 414 137 75 5 0 0 5

fn=(1480)
0 4 2 0 1 2 0 1
cob=(2)
cfi=(81)
cfn=(1482)
calls=2 0 
0 42 6 0 4 0 0 2

fn=(1652) 0x000000000494ebf0
0 72 36 0 2 8 0 1
cob=(2)
cfi=(81)
cfn=(652)
calls=36 0 
0 564 80 0 5 18 0 2 7

fn=(1688) 0x000000000494eb60
0 722960 361480 0 4 15911 0 1
cob=(2)
cfi=(81)
cfn=(1558)
calls=361480 0 
0 33702612 9559880 4964850 14 96092 2 2 324

fn=(1730) 0x000000000494fa90
0 62 31 0 6 8 0 1
cob=(7)
cfi=(95)
cfn=(1732) std::basic_ostream<char, std::char_traits<char> >& std::__ostream_insert<char, std::char_traits<char> >(std::basic_ostream<char, std::char_traits<char> >&, char const*, long)
calls=31 0 
0 12790 3474 1837 192 116 13 50 1

fn=(1762) 0x000000000494eee0
0 2 1 0 1 1 0 1
cob=(7)
cfi=(95)
cfn=(1764) std::ctype<char>::_M_widen_init() const
calls=1 0 
0 775 51 37 15 7 4 14 3

fn=(1766) 0x0000000004950570
0 2 1 0 1 1 0 1
cob=(2)
cfi=(81)
cfn=(656)
calls=1 0 
0 47 17 0 4 0 0 3

fn=(1864) 0x000000000494db30
0 4 2 0 2 2 0 1
cob=(2)
cfi=(81)
cfn=(1866)
calls=2 0 
0 22 6 0 4 3 0 2

fn=(2050) 0x0000000004865a90
0 2 1 0 1 1 0 1
cob=(2)
cfi=(81)
cfn=(2052)
calls=1 0 
0 507 101 73 23 2 3 20 0 3

fn=(2102) 0x0000000004865b70
0 2 1 0 1 1 0 1
cob=(2)
cfi=(81)
cfn=(1918)
calls=1 0 
0 315 64 42

fn=(2152)
0 22 11 0 1 1
cob=(1)
cfi=(47)
cfn=(2154)
calls=11 625 
0 7881 1566 1166 30 18 111 14 1 109

fn=(2540) 0x000000000494ee60
0 2 1 0 1 1 0 1
cob=(2)
cfi=(81)
cfn=(2494)
calls=1 0 
0 1830 655 279 40 55 1 38 2

fn=(2622)
0 2 1 0 1 1 0 1
cob=(2)
cfi=(81)
cfn=(2494)
calls=1 0 
0 134 30 13

fn=(2646) 0x0000000004be5660
0 2 1 0 1 1 0 1
cob=(2)
cfi=(81)
cfn=(2494)
calls=1 0 
0 134 30 13

fn=(522)
0 7 2 0 1 1 0 1

fn=(602) 0x0000000004950480
0 2 1 0 1 1 0 1
cob=(7)
cfi=(95)
cfn=(604) std::__cxx11::moneypunct<char, true>::_M_initialize_moneypunct(__locale_struct*, char const*)
calls=1 0 
0 113 38 31 5 0 0 5

fn=(678) 0x000000000494f240
0 2 1 0 1 1 0 1
cob=(7)
cfi=(95)
cfn=(680) std::__timepunct<wchar_t>::_M_initialize_timepunct(__locale_struct*)
calls=1 0 
0 166 11 29 14 0 0 14

fn=(736) 0x00000000049514e0
0 2 1 0 1 1 0 1
cob=(7)
cfi=(95)
cfn=(738) std::messages<char>::messages(unsigned long)
calls=1 0 
0 44 12 9 2 0 1 2 0 1

fn=(1124) 0x0000000004865bc0
0 2 1 0 1 0 0 1
cob=(2)
cfi=(81)
cfn=(1126)
calls=1 0 
0 3 2 0 1 0 0 1

fn=(1296) 0x00000000048659d0
0 2 1 0 1 0 0 1
cob=(2)
cfi=(81)
cfn=(1298)
calls=1 0 
0 24 6 8 3 0 1 3

fn=(1432)
0 4 2 0 1 0 0 1
cob=(2)
cfi=(81)
cfn=(1434)
calls=2 0 
0 40 6 4 2 1 0 2 1

fn=(1684) 0x000000000494e310
0 722960 361480 0 3 15512 0 1
cob=(7)
cfi=(95)
cfn=(1686) operator delete(void*)
calls=361480 0 
0 35148532 9921360 4964850 22 112003 2 4 324

fn=(1758) 0x000000000494e3a0
0 16 8 0 2 5 0 1
cob=(7)
cfi=(95)
cfn=(1760) std::ostream& std::ostream::_M_insert<long>(long)
calls=8 0 
0 4136 889 542 72 60 10 35 3

fn=(1814) 0x000000000494f0e0
0 10 5 0 3 3 0 1
cob=(7)
cfi=(95)
cfn=(1816) std::__num_base::_S_format_float(std::ios_base const&, char*, char)
calls=5 0 
0 150 10 20 9 0 0 3

fn=(1830)
0 20 10 0 2 3
cob=(2)
cfi=(81)
cfn=(1832)
calls=10 0 
0 190 20 0 5 0 0 2

fn=(2488) 0x0000000004837060
0 2 1 0 1 0 0 1
cob=(2)
cfi=(81)
cfn=(2494)
calls=1 0 
0 134 30 13 10 6 1 9 0 1
cob=(1)
cfi=(98)
cfn=(1410)
calls=1 71 
0 827 285 141 34 40 19
0 5 2 2 1 1

fn=(2592) 0x000000000494f040
0 4 2 0 1 1 0 1
cob=(1)
cfi=(103)
cfn=(2594)
calls=2 29 
0 24 14 0 1 3 0 1

fn=(650)
0 176 88 0 2 4 0 1
cob=(2)
cfi=(81)
cfn=(652)
calls=88 0 
0 1232 176 0 1 14 0 1 12

fn=(1634) 0x0000000004951220
0 32 16 0 3 3
cob=(2)
cfi=(81)
cfn=(1102)
calls=16 0 
0 235 48 32

fn=(1654) 0x000000000494e760
0 4 2 0 1 1 0 1
cob=(7)
cfi=(95)
cfn=(1656) std::__cxx11::basic_string<char, std::char_traits<char>, std::allocator<char> >::find_last_of(char const*, unsigned long, unsigned long) const
calls=2 0 
0 539 82 25 6 1 0 4

fn=(1658) 0x000000000494dad0
0 44 22 0 4 3 0 1
cob=(2)
cfi=(81)
cfn=(1098)
calls=22 0 
0 418 44 0 7

fn=(1674) 0x000000000494f600
0 10 5 0 1 1 0 1
cob=(7)
cfi=(95)
cfn=(1676) std::__cxx11::basic_string<char, std::char_traits<char>, std::allocator<char> >::_M_append(char const*, unsigned long)
calls=5 0 
0 1006 237 149 11 6 3 11

fn=(1678) 0x0000000004951100
0 4 2 0 1 1 0 1
cob=(7)
cfi=(95)
cfn=(1680) std::__cxx11::basic_string<char, std::char_traits<char>, std::allocator<char> >::_M_mutate(unsigned long, unsigned long, char const*, unsigned long)
calls=2 0 
0 797 188 118 8 5 3 8

fn=(1682) 0x000000000494f780
0 4 2 0 1 1 0 1
cob=(7)
cfi=(95)
cfn=(1602)
calls=2 0 
0 424 84 52 0 1 3

fn=(586) 0x000000000494e6f0
0 208 104 0 6 7 0 1
cob=(7)
cfi=(95)
cfn=(588) std::locale::id::_M_id() const
calls=104 0 
0 1056 352 96 7 17 0 1 7

fn=(2142) 0x0000000004865b90
0 22 11 0 1 0 0 1
cob=(2)
cfi=(81)
cfn=(2144)
calls=11 0 
0 13277 2946 2439 93 34 243 75 3 230

fn=(2506)
0 4 1 0 1 0 0 1

fn=(2596) 0x0000000004950910
0 6 3 0 1 1 0 1
cob=(7)
cfi=(95)
cfn=(2598) std::basic_ostream<wchar_t, std::char_traits<wchar_t> >::flush()
calls=3 0 
0 669 254 101 6 13 0 6

fn=(2597) 0x0000000004950910'2
0 2 1
cob=(7)
cfi=(95)
cfn=(2599) std::basic_ostream<wchar_t, std::char_traits<wchar_t> >::flush()'2
calls=1 0 
0 135 52 21

fn=(2600) 0x000000000494f280
0 6 3 0 1 0 0 1
cob=(7)
cfi=(95)
cfn=(2602) std::basic_ostream<wchar_t, std::char_traits<wchar_t> >::sentry::sentry(std::basic_ostream<wchar_t, std::char_traits<wchar_t> >&)
calls=3 0 
0 213 79 37 2 1 0 2

fn=(2601) 0x000000000494f280'2
0 2 1
cob=(7)
cfi=(95)
cfn=(2603) std::basic_ostream<wchar_t, std::char_traits<wchar_t> >::sentry::sentry(std::basic_ostream<wchar_t, std::char_traits<wchar_t> >&)'2
calls=1 0 
0 23 8 5

fn=(512)
0 7 2 0 1 1 0 1

fn=(598) 0x000000000494ed30
0 2 1 0 1 1 0 1
cob=(7)
cfi=(95)
cfn=(600) std::__cxx11::moneypunct<char, false>::_M_initialize_moneypunct(__locale_struct*, char const*)
calls=1 0 
0 113 38 31 4 2 0 4 1

fn=(634) 0x0000000004950af0
0 512 256 0 1 1 0 1
cob=(2)
cfi=(81)
cfn=(636)
calls=256 0 
0 11136 3712 1408 6 5 0 6

fn=(642) 0x000000000494ee00
0 24 12 0 1 1 0 1
cob=(7)
cfi=(95)
cfn=(644) std::ctype<wchar_t>::_M_convert_to_wmask(unsigned short) const
calls=12 0 
0 3466 668 187 16 13 0 16 6

fn=(704) 0x000000000494d940
0 2 1 0 1 1 0 1
cob=(7)
cfi=(95)
cfn=(706) std::moneypunct<char, false>::_M_initialize_moneypunct(__locale_struct*, char const*)
calls=1 0 
0 113 38 31 5 0 0 5

fn=(818) 0x000000000494d680
0 2 1
cob=(7)
cfi=(95)
cfn=(820) std::locale::locale(std::locale::_Impl*)
calls=1 0 
0 3 1 1 1 0 0 1

fn=(828) 0x0000000004950630
0 8 4 0 1 0 0 1
cob=(7)
cfi=(95)
cfn=(830) std::basic_ios<char, std::char_traits<char> >::init(std::basic_streambuf<char, std::char_traits<char> >*)
calls=4 0 
0 644 228 136 14 4 0 14 1

fn=(1096)
0 4 2 0 1 1 0 1
cob=(2)
cfi=(81)
cfn=(1098)
calls=2 0 
0 24 3 0 2 0 0 2

fn=(1134)
0 137022 68511 0 3 16449
cob=(2)
cfi=(81)
cfn=(1136)
calls=68511 0 
0 1319966 137021 283768 10 15414 37289 4 0 5769

fn=(1142) 0x0000000004865890
0 2 1 0 1 1 0 1
cob=(2)
cfi=(81)
cfn=(1144)
calls=1 0 
0 64 2 0 2 0 0 2

fn=(1236) 0x0000000004865700
0 20 10 0 1 1 0 1
cob=(2)
cfi=(81)
cfn=(900)
calls=10 0 
0 5177 1548 98 0 5 0 0 5

fn=(1734) 0x0000000004951320
0 94 47 0 1 9 0 1
cob=(7)
cfi=(95)
cfn=(1736) std::ostream::sentry::sentry(std::ostream&)
calls=47 0 
0 1225 431 257 5 25 0 3

fn=(1735) 0x0000000004951320'2
0 2 1
cob=(7)
cfi=(95)
cfn=(1737) std::ostream::sentry::sentry(std::ostream&)'2
calls=1 0 
0 23 8 5

fn=(1788)
0 86 43 0 1 6 0 1
cob=(2)
cfi=(81)
cfn=(1790)
calls=43 0 
0 720 117 74 7 0 8

fn=(1810) 0x000000000494f4b0
0 10 5 0 2 3 0 1
cob=(7)
cfi=(95)
cfn=(1812) std::ostreambuf_iterator<char, std::char_traits<char> > std::num_put<char, std::ostreambuf_iterator<char, std::char_traits<char> > >::_M_insert_float<double>(std::ostreambuf_iterator<char, std::char_traits<char> >, std::ios_base&, char, char, double) const
calls=5 0 
0 11562 2706 1803 450 137 59 169 12

fn=(558) 0x0000000004950310
0 38 19 0 4 4 0 1
cob=(7)
cfi=(95)
cfn=(560) std::locale::facet::_S_get_c_locale()
calls=19 0 
0 449 124 50 31 15 3 23 2

fn=(572) 0x000000000494e3e0
0 2 1 0 1 1 0 1
cob=(7)
cfi=(95)
cfn=(574) std::locale::facet::_S_create_c_locale(__locale_struct*&, char const*, __locale_struct*)
calls=1 0 
0 51 15 10 9 1 1 9

fn=(582) 0x000000000494efe0
0 64 32 0 1 1 0 1
cob=(7)
cfi=(95)
cfn=(584) std::locale::_Impl::_M_install_facet(std::locale::id const*, std::locale::facet const*)
calls=32 0 
0 12672 3712 352 9 9 0 9 7

fn=(1390)
0 2 1 0 1 0 0 1
cob=(1)
cfi=(49)
cfn=(1392)
calls=1 118 
0 5 2 0 1 1 0 1

fn=(1084) 0x0000000004865c20
0 2 1 0 1 1 0 1
cob=(2)
cfi=(81)
cfn=(1086)
calls=1 0 
0 560 109 68 39 9 3 39 5

fn=(606) 0x000000000494f970
0 2 1 0 1 1 0 1
cob=(7)
cfi=(95)
cfn=(608) std::__timepunct<char>::__timepunct(std::__timepunct_cache<char>*, unsigned long)
calls=1 0 
0 198 19 39 18 2 1 18 0 1

fn=(618) 0x000000000494da60
0 2 1 0 1 1 0 1
cob=(7)
cfi=(95)
cfn=(620) std::ctype<wchar_t>::ctype(unsigned long)
calls=1 0 
0 21416 5835 3061 37 23 21 37 6 21

fn=(626) 0x000000000494ff60
0 24 12 0 3 3 0 1
cob=(2)
cfi=(81)
cfn=(628)
calls=12 0 
0 264 108 48 7 16 0 2

fn=(670) 0x000000000494df40
0 2 1 0 1 1 0 1
cob=(7)
cfi=(95)
cfn=(672) std::__cxx11::moneypunct<wchar_t, true>::_M_initialize_moneypunct(__locale_struct*, char const*)
calls=1 0 
0 102 27 30 5 0 0 5

fn=(714) 0x0000000004951010
0 2 1 0 1 1 0 1
cob=(7)
cfi=(95)
cfn=(716) std::moneypunct<char, true>::_M_initialize_moneypunct(__locale_struct*, char const*)
calls=1 0 
0 113 38 31 4 0 0 4

fn=(746) 0x000000000494efb0
0 2 1 0 1 0 0 1
cob=(7)
cfi=(95)
cfn=(748) std::numpunct<wchar_t>::_M_initialize_numpunct(__locale_struct*)
calls=1 0 
0 350 74 74 4 0 0 4

fn=(772) 0x00000000049501d0
0 2 1 0 1 1 0 1
cob=(7)
cfi=(95)
cfn=(774) std::moneypunct<wchar_t, true>::_M_initialize_moneypunct(__locale_struct*, char const*)
calls=1 0 
0 102 27 30 6 0 0 6

fn=(836) 0x000000000494f930
0 16 8 0 1 0 0 1
cob=(7)
cfi=(95)
cfn=(838) std::locale::operator=(std::locale const&)
calls=8 0 
0 160 56 24 3 0 0 3

fn=(1250) 0x00000000048657e0
0 4 2 0 1 1 0 1
cob=(2)
cfi=(81)
cfn=(898)
calls=2 0 
0 1057 316 20 0 1 0 0 1

fn=(1556)
0 8 4 0 1 2
cob=(2)
cfi=(81)
cfn=(1558)
calls=4 0 
0 511 140 87 20 13 1 18 1

fn=(1708) 0x000000000494d790
0 2 1 0 1 1 0 1
cob=(2)
cfi=(81)
cfn=(1136)
calls=1 0 
0 18 1 3 1 0 0 1

fn=(1824) 0x000000000494fc00
0 10 5 0 3 3 0 1
cob=(2)
cfi=(81)
cfn=(1826)
calls=5 0 
0 8856 2036 1318 353 68 56 146 12

fn=(562) 0x000000000494e660
0 38 19 0 3 4 0 1
cob=(2)
cfi=(81)
cfn=(564)
calls=19 0 
0 240 67 31 25 8 3 22 2

fn=(2038) 0x0000000004865d80
0 2 1 0 1 1 0 1
cob=(2)
cfi=(81)
cfn=(2040)
calls=1 0 
0 37 8 8 3 1 2 3

fn=(2532)
0 4 1 0 1 0 0 1

fn=(2614)
0 4 1 0 1 0 0 1

fn=(500)
0 7 2 0 1 1 0 1

fn=(832) 0x00000000049506d0
0 16 8 0 1 1 0 1
cob=(7)
cfi=(95)
cfn=(834) std::ios_base::_M_init()
calls=8 0 
0 632 224 136 8 2 0 8 1

fn=(852) 0x0000000004951230
0 8 4 0 1 1 0 1
cob=(7)
cfi=(95)
cfn=(854) std::basic_ios<wchar_t, std::char_traits<wchar_t> >::_M_cache_locale(std::locale const&)
calls=4 0 
0 220 96 32 3 0 0 3

fn=(874) 0x000000000494efd0
0 4 2
cob=(7)
cfi=(95)
cfn=(876) std::error_category::error_category()
calls=2 0 
0 10 4 2 2 0 0 2

fn=(1100)
0 2 1 0 1 0 0 1
cob=(2)
cfi=(81)
cfn=(1102)
calls=1 0 
0 13 1 0 2 0 0 2

fn=(1116) 0x0000000004865ac0
0 4 2 0 2 2 0 1
cob=(2)
cfi=(81)
cfn=(914)
calls=2 0 
0 441 78 44 4 1 2 4 0 1

fn=(1206) 0x0000000004865790
0 124 62 0 1 1 0 1
cob=(2)
cfi=(81)
cfn=(904)
calls=62 0 
0 1645 310 0 4 3 0 4 2

fn=(1458)
0 10 5 0 2
cob=(2)
cfi=(81)
cfn=(914)
calls=5 0 
0 4931 978 705 27 91 5 0 0 3

fn=(480)
0 7 2 0 1 0 0 1

fn=(546) 0x000000000494e2f0
0 2 1 0 1 1 0 1
cob=(7)
cfi=(95)
cfn=(548) std::locale::_Impl::_Impl(unsigned long)
calls=1 0 
0 38912 10781 4735 280 120 101 280 20 95

fn=(2478)
0 4 1 0 1 0 0 1

fn=(2510) 0x00000000048659b0
0 4 2 0 1 1 0 1
cob=(2)
cfi=(81)
cfn=(2512)
calls=2 0 
0 32 4 2 2 1 0 1

fn=(2584) 0x000000000494e870
0 4 2 0 1 1 0 1
cob=(7)
cfi=(95)
cfn=(2586) std::uncaught_exception()
calls=2 0 
0 62 24 4 6 6 0 6

fn=(1380)
0 7 2 0 1 0 0 1

fn=(528) 0x000000000494ff90
0 2 1 0 1 1 0 1
cob=(7)
cfi=(95)
cfn=(530) std::ios_base::Init::Init()
calls=1 0 
0 41374 11468 5442 343 136 146 343 23 111

fn=(532) 0x000000000494e7c0
0 44 22 0 1 1 0 1
cob=(7)
cfi=(95)
cfn=(534) std::locale::locale()
calls=22 0 
0 39489 11006 4873 288 122 103 288 21 96

fn=(462)
0 40 20 0 1 1 0 1
cob=(1)
cfi=(11)
cfn=(28)
calls=20 395 
0 429 80 20 3 31 0 0 11

fn=(610) 0x000000000494fe30
0 2 1 0 1 1 0 1
cob=(7)
cfi=(95)
cfn=(612) std::__timepunct<char>::_M_initialize_timepunct(__locale_struct*)
calls=1 0 
0 168 12 30 15 0 0 15

fn=(614) 0x000000000494d540
0 2 1 0 1 1 0 1
cob=(7)
cfi=(95)
cfn=(616) std::__cxx11::messages<char>::messages(unsigned long)
calls=1 0 
0 44 12 9 2 1 1 2 0 1

fn=(630) 0x000000000494ef50
0 256 128 0 1 1 0 1
cob=(2)
cfi=(81)
cfn=(632)
calls=128 0 
0 3200 1024 640 2 0 0 2

fn=(646) 0x000000000494e460
0 20 10 0 1 1 0 1
cob=(2)
cfi=(81)
cfn=(648)
calls=10 0 
0 3300 646 187 9 12 0 9 6

fn=(654)
0 98 49 0 1 1 0 1
cob=(2)
cfi=(81)
cfn=(656)
calls=49 0 
0 1048 225 0 3 0 0 3

fn=(762) 0x000000000494f650
0 2 1 0 1 1 0 1
cob=(7)
cfi=(95)
cfn=(764) std::moneypunct<wchar_t, false>::_M_initialize_moneypunct(__locale_struct*, char const*)
calls=1 0 
0 102 27 30 4 0 0 4

fn=(848) 0x000000000494fac0
0 8 4 0 1 1 0 1
cob=(7)
cfi=(95)
cfn=(850) std::basic_ios<wchar_t, std::char_traits<wchar_t> >::init(std::basic_streambuf<wchar_t, std::char_traits<wchar_t> >*)
calls=4 0 
0 644 228 140 6 1 0 6

fn=(858) 0x000000000494e4f0
0 22 11 0 1 1 0 1
cob=(2)
cfi=(81)
cfn=(860)
calls=11 0 
0 887 176 199 8 3 6 8 1 5

fn=(912) 0x000000000494e110
0 759326 379663 0 2 17778 0 1
cob=(2)
cfi=(81)
cfn=(914)
calls=379663 0 
0 30149655 6953050 3761663 222 146151 37707 131 883 31092

fn=(1516)
0 85598 42799 0 15 2358
cob=(2)
cfi=(81)
cfn=(1102)
calls=42799 0 
0 650633 132049 88442 39 4982 1242 5 126 1203

fn=(1666) 0x00000000049503b0
0 4 2 0 1 1 0 1
cob=(9)
cfi=(97)
cfn=(1596)
calls=2 0 
0 208 70 52

fn=(550) 0x000000000494e2c0
0 14 7
cob=(7)
cfi=(95)
cfn=(552) std::locale::facet::_S_get_c_name()
calls=7 0 
0 21 7 0 1 0 0 1

fn=(554) 0x000000000494d6a0
0 2 1 0 1 1 0 1
cob=(7)
cfi=(95)
cfn=(556) std::ctype<char>::ctype(unsigned short const*, bool, unsigned long)
calls=1 0 
0 261 43 111 28 9 13 28 2 9

fn=(590) 0x000000000494e8e0
0 2 1 0 1 1 0 1
cob=(7)
cfi=(95)
cfn=(592) std::codecvt<char, char, __mbstate_t>::codecvt(unsigned long)
calls=1 0 
0 37 10 7 2 1 2 2 0 2

fn=(2564) 0x000000000494f260
0 4 2 0 1 1
cob=(7)
cfi=(95)
cfn=(2566) std::error_category::~error_category()
calls=2 0 
0 4 2

fn=(2632)
0 4 1 0 1 0 0 1

fn=(2656)
0 4 1 0 1 0 0 1

fn=(622) 0x000000000494e990
0 2 1 0 1 1 0 1
cob=(7)
cfi=(95)
cfn=(624) std::ctype<wchar_t>::_M_initialize_ctype()
calls=1 0 
0 21375 5825 3053 34 22 20 34 6 20

fn=(682) 0x000000000494dbb0
0 2 1 0 1 1 0 1
cob=(7)
cfi=(95)
cfn=(684) std::__cxx11::messages<wchar_t>::messages(unsigned long)
calls=1 0 
0 44 12 9 2 0 0 2

fn=(794) 0x000000000494fbe0
0 2 1 0 1 1 0 1
cob=(7)
cfi=(95)
cfn=(796) std::messages<wchar_t>::messages(unsigned long)
calls=1 0 
0 44 12 9 2 0 0 2

fn=(824) 0x000000000494e1f0
0 16 8 0 1 1 0 1
cob=(7)
cfi=(95)
cfn=(826) std::ios_base::ios_base()
calls=8 0 
0 680 96 240 2 0 28 2 0 15

fn=(840) 0x000000000494fe10
0 16 8 0 0 1
cob=(7)
cfi=(95)
cfn=(842) std::locale::~locale()
calls=8 0 
0 64 32 8 2 0 0 2

fn=(902)
0 80 40 0 1 1 0 1
cob=(2)
cfi=(81)
cfn=(904)
calls=40 0 
0 1072 200 0 2 4 0 2

fn=(1604) 0x000000000494dbc0
0 51210 25605 0 1 5 0 1
cob=(7)
cfi=(95)
cfn=(1522)
calls=25605 0 
0 2970720 691695 386090 46 1103 854 18 747 816

fn=(1740) 0x0000000004950ca0
0 88 44 0 3 8 0 1
cob=(2)
cfi=(81)
cfn=(1742)
calls=44 0 
0 12335 3015 1652 168 68 20 41 1

fn=(1070)
0 7 2 0 1 1 0 1

fn=(576) 0x000000000494f3d0
0 2 1 0 1 1 0 1
cob=(2)
cfi=(81)
cfn=(578)
calls=1 0 
0 39 12 7 6 0 1 6

fn=(594) 0x0000000004950650
0 2 1 0 1 1 0 1
cob=(7)
cfi=(95)
cfn=(596) std::__cxx11::numpunct<char>::_M_initialize_numpunct(__locale_struct*)
calls=1 0 
0 414 137 75 5 5 0 5 2

fn=(2522) 0x0000000004865d50
0 2 1 0 1 1 0 1
cob=(2)
cfi=(81)
cfn=(2494)
calls=1 0 
0 134 30 13

ob=(6)
fl=(94)
fn=(2634)
0 12 4 3 2 1 0 1 1

fn=(2650) 0x00000000000046e0
0 5 1 0 2 0 0 1

fn=(504)
0 354 17 43 33 3 1 33 3 1

fn=(506)
0 12 1 0 3 0 0 3

fn=(2640)
0 9 2 2 1 2
cob=(4)
cfi=(91)
cfn=(2646)
calls=1 0 
0 136 31 13 1 1 0 1
0 1 0 1
cfn=(2650)
calls=1 0 
0 5 1 0 2 0 0 1
0 3 2 1 1

ob=(8)
fl=(96)
fn=(2048) 0x000000000000e150
0 7 0 2 1 0 0 1
cob=(4)
cfi=(91)
cfn=(2050)
calls=1 0 
0 509 102 73 24 3 3 21 0 3
0 4 2

fn=(2100) 0x000000000000e120
0 4 0 2 1
cob=(4)
cfi=(91)
cfn=(2102)
calls=1 0 
0 317 65 42 1 1 0 1
0 4 2

fn=(2186) 0x0000000000023850
0 111772503 15967662 67 20 115 0 5

fn=(2224)
0 384 192 0 3 82 0 2

fn=(2328) 0x00000000000228c0
0 24 8 0 4 4 0 1

fn=(2514)
0 3 1 0 0 1
cob=(4)
cfi=(91)
cfn=(2510)
calls=1 0 
0 18 3 1

fn=(2516)
0 9 2 2 2 2
cob=(4)
cfi=(91)
cfn=(2522)
calls=1 0 
0 136 31 13 1 1 0 1
0 1 0 1
cfn=(2526) 0x000000000000e000
calls=1 0 
0 5 1 0 1
0 3 2 1

fn=(2268) 0x0000000000023ab0
0 77031153 11004740 304 25 313 4 8

fn=(1080)
0 9 0 7 1 0 0 1
cfn=(1082) 0x0000000000023240
calls=1 0 
0 1714 275 155 61 15 6 61 5 1
0 6 1 2 1 0 1 1 0 1
cfn=(1166) 0x000000000000c8e0
calls=1 0 
0 295 54 42 17 4 1 17 1 1
0 526 69 72 3 1 0 3
cob=(4)
cfi=(91)
cfn=(1206)
calls=62 0 
0 1769 372 0 5 4 0 5 2
0 309 15 1 5 6 0 5
cob=(4)
cfi=(91)
cfn=(1250)
calls=1 0 
0 634 177 13 1 1 0 1
0 6 0 1
cfn=(1254) 0x000000000000f360
calls=1 0 
0 22 5 4 5 0 0 5
0 2 0 1
cob=(4)
cfi=(91)
cfn=(1236)
calls=1 0 
0 454 145 8
0 6 0 2 2 0 0 2
cob=(4)
cfi=(91)
cfn=(1236)
calls=1 0 
0 637 175 13 0 2 0 0 2
0 6 1 1 1 0 0 1
cob=(4)
cfi=(91)
cfn=(1236)
calls=1 0 
0 463 145 8
0 8 1 1 1 0 0 1
cob=(4)
cfi=(91)
cfn=(1236)
calls=1 0 
0 637 175 13
0 9 2 1 2 0 0 2
cob=(4)
cfi=(91)
cfn=(1296)
calls=1 0 
0 26 7 8 4 0 1 4
0 4 1 1 1 0 0 1
cob=(4)
cfi=(91)
cfn=(1236)
calls=1 0 
0 454 145 8
0 6 0 1 1 0 0 1
cob=(4)
cfi=(91)
cfn=(1236)
calls=1 0 
0 421 139 7 0 1 0 0 1
0 5 0 1 1 0 0 1
cfn=(1254)
calls=1 0 
0 22 5 4
0 6 0 2 0 0 1
cob=(4)
cfi=(91)
cfn=(1236)
calls=1 0 
0 421 139 7
0 5 0 2 1 0 0 1
cob=(4)
cfi=(91)
cfn=(1236)
calls=1 0 
0 619 175 13
0 4 0 1 1 0 0 1
cfn=(1332) 0x0000000000037c50
calls=1 0 
0 60 9 13 8 4 3 8 1
0 1 0 1
cfn=(1358) 0x000000000003f820
calls=1 0 
0 455 149 17 4 2 3 4 2
0 13 7 2 2 0 0 2
cob=(4)
cfi=(91)
cfn=(1236)
calls=1 0 
0 454 145 8 1 2 0 1 1
0 6 0 2
cfn=(1240) 0x000000000000fdb0
calls=1 0 
0 5 1 0 2 0 0 2
0 15 3 1 4 1 0 4
cob=(4)
cfi=(91)
cfn=(1236)
calls=1 0 
0 637 175 13 0 1 0 0 1
0 14 1 3 4 0 0 4

fn=(1240)
0 5 1 0 2 0 0 2

fn=(2182)
0 484 198 209 6 4 10 6
cfn=(2186)
calls=11 0 
0 19520835 2788723 13 14 20 0 5
0 99 0 44
cfn=(2186)
calls=44 0 
0 85951534 12278909 48 4 84
0 341 154 77 0 113
cob=(9)
cfi=(97)
cfn=(2218)
calls=44 0 
0 13725871 4329129 2249949 354 29445 6173 91 3347 5411
0 88 0 44 1
cfn=(2268)
calls=44 0 
0 70730955 10104687 276 24 291 3 8
0 132 44 0 1 33

fn=(1074)
0 12 1 0 3 0 0 3

fn=(1166)
0 19 4 5 3 1 0 3
cfn=(1172) 0x000000000000e0f0
calls=1 0 
0 253 45 26 13 2 1 13 0 1
0 23 5 11 1 1 0 1 1

fn=(1254)
0 20 0 8 1 0 0 1
cfn=(1256) 0x000000000000ed60
calls=2 0 
0 8 2 0 2 0 0 2
0 16 8 0 2 0 0 2

fn=(2016) 0x0000000000017050
0 136 44 12 6 14 0 3

fn=(2072) 0x0000000000020fc0
0 308 76 132 16 4 0 7
cfn=(2084) 0x0000000000019b50
calls=4 0 
0 76 16 52 6 0 16 2 0 4
0 397 127 190 9 0 1 8
cfn=(2084)
calls=11 0 
0 209 44 143 0 0 38 0 0 38
0 187 77 66 1 0 0 1
cob=(4)
cfi=(91)
cfn=(2142)
calls=11 0 
0 13299 2957 2439 94 34 243 76 3 230
0 1347 461 484 12 25 71 10
cfn=(2084)
calls=33 0 
0 627 132 429 0 0 108
0 1025 436 245 14 1 36 6
cfn=(2186)
calls=3 0 
0 4200099 600022 5 1 9
0 4 1 2 1 0 0 1
cfn=(2186)
calls=1 0 
0 2100035 300008 1 1 2
0 43 16 4 9 4 0 3
cfn=(2100)
calls=1 0 
0 325 67 44 2 1 0 1
0 16 2 6 3 0 0 3

fn=(1082)
0 5 0 2 1 0 0 1
cob=(4)
cfi=(91)
cfn=(1084)
calls=1 0 
0 562 110 68 40 10 3 40 5
0 5 0 2 0 0 1
cfn=(1114) 0x000000000000e0c0
calls=1 0 
0 200 39 20 6 1 1 6 0 1
0 2 0 2
cob=(4)
cfi=(91)
cfn=(1124)
calls=1 0 
0 5 3 0 2 0 0 2
0 7 2 2 1 0 0 1
cob=(4)
cfi=(91)
cfn=(1130)
calls=1 0 
0 42 6 2 5 3 0 5
0 5 2 1 1 0 0 1
cob=(4)
cfi=(91)
cfn=(1142)
calls=1 0 
0 66 3 0 3 1 0 3
0 815 110 56 2 0 1 2

fn=(1358)
0 16 1 10 2 1 3 2 1
cob=(4)
cfi=(91)
cfn=(1250)
calls=1 0 
0 427 141 7 0 1 0 0 1
0 12 7 0 2 0 0 2

fn=(1114)
0 8 0 4 2 0 0 1
cob=(4)
cfi=(91)
cfn=(1116)
calls=2 0 
0 445 80 44 6 3 2 5 0 1
0 8 4

fn=(2334) 0x0000000000019bc0
0 60 28 12 1 7 0 1

fn=(2508)
0 3 1 0 1 1 0 1
cob=(4)
cfi=(91)
cfn=(2510)
calls=1 0 
0 18 3 1 3 2 0 2

fn=(2526)
0 5 1 0 1

fn=(2066) 0x0000000000022820
0 64 12 24 7 0 8 2 0 2

fn=(2084)
0 912 192 624 6 0 162 2 0 42

fn=(1256)
0 8 2 0 2 0 0 2

fn=(2014)
0 48 0 20 2 0 0 1
cfn=(2016)
calls=4 0 
0 136 44 12 6 14 0 3
0 12 0 4
cfn=(2030) 0x0000000000020db0
calls=4 0 
0 1179 213 257 53 12 58 37 0 18
0 28 0 4 1 0 0 1
cfn=(2072)
calls=4 0 
0 6317997 904442 4242 169 80 513 118 3 272
0 8 0 4
cob=(9)
cfi=(97)
cfn=(2218)
calls=4 0 
0 1191955 379645 199161 16 2591 533 2 11 351
0 108 36 28 1 20 0 1
cfn=(2268)
calls=4 0 
0 6300198 900053 28 1 22 1
0 20 8 4 1 3 0 1
cfn=(2328)
calls=4 0 
0 24 8 0 4 4 0 1
0 4 0 4
cfn=(2334)
calls=4 0 
0 60 28 12 1 7 0 1
0 132 72 24 2 14 0 2

fn=(2230)
0 192 144

fn=(1172)
0 6 0 2 1 0 0 1
cob=(4)
cfi=(91)
cfn=(1174)
calls=1 0 
0 243 43 24 12 2 1 12 0 1
0 4 2

fn=(1332)
0 35 6 7 4 2 2 4
cob=(4)
cfi=(91)
cfn=(1334)
calls=1 0 
0 20 3 3 3 2 1 3 1
0 5 0 3 1 0 0 1

fn=(1368)
0 5 0 1 1 0 0 1
cob=(4)
cfi=(91)
cfn=(1334)
calls=1 0 
0 29 4 3
0 4 1

fn=(2030)
0 57 8 18 4 0 0 2
cfn=(2048)
calls=1 0 
0 520 104 75 25 3 3 22 0 3
0 14 1 9 2 0 5 2 0 5
cfn=(2066)
calls=1 0 
0 16 3 6 2 0 2 2 0 2
0 21 0 12 2 0 3
cfn=(2066)
calls=3 0 
0 48 9 18 5 0 6
0 191 31 77 6 4 35 4 0 8
cfn=(1114)
calls=1 0 
0 261 45 28 2 2 1
0 10 2 6 1 1 1 1
cob=(4)
cfi=(91)
cfn=(2038)
calls=1 0 
0 39 9 8 4 2 2 4
0 2 1

ob=(7)
fl=(95)
fn=(596)
0 414 137 75 5 5 0 5 2

fn=(830)
0 28 0 12 1 0 0 1
cob=(4)
cfi=(91)
cfn=(832)
calls=4 0 
0 324 116 68 9 3 0 9 1
0 12 0 4
cob=(4)
cfi=(91)
cfn=(844)
calls=4 0 
0 228 100 32 3 1 0 3
0 52 12 20 1 0 0 1

fn=(842)
0 64 32 8 2 0 0 2

fn=(964)
0 44 13 28 6 4 5 6 4 5

fn=(974)
0 34 17 8 2 3 0 2 1

fn=(1632)
0 28 0 0 1 0 0 1
cob=(4)
cfi=(91)
cfn=(1634)
calls=4 0 
0 56 16 8 1 1

fn=(1650)
0 18 0 8 1 0 0 1
cob=(4)
cfi=(91)
cfn=(1652)
calls=2 0 
0 32 6 0 1 2 0 1 1
0 16 6
cob=(4)
cfi=(91)
cfn=(1654)
calls=2 0 
0 543 84 25 7 2 0 5

fn=(1706)
0 18 1 4 1 0 0 1
cob=(4)
cfi=(91)
cfn=(1708)
calls=1 0 
0 20 2 3 2 1 0 2
0 8 5 2 1 0 0 1

fn=(1714)
0 6 3 0 1 0 0 1

fn=(1728)
0 310 0 93 3 0 0 1
cob=(4)
cfi=(91)
cfn=(1652)
calls=31 0 
0 556 101 0 6 24 0 2 6
0 124 0 31
cob=(4)
cfi=(91)
cfn=(1730)
calls=31 0 
0 12852 3505 1837 198 124 13 51 1
0 155 93 0 2 0 0 1

fn=(1732)
0 465 0 248 6 0 0 1
cob=(4)
cfi=(91)
cfn=(1734)
calls=31 0 
0 775 279 155 6 28 0 4
0 930 589 93 12 14 0 3
cfn=(1738) __gnu_cxx::stdio_sync_filebuf<char, std::char_traits<char> >::xsputn(char const*, long)
calls=31 0 
0 10465 2544 1341 168 74 13 42 1
0 155 62

fn=(570)
0 5 0 0 2 0 0 2
cob=(4)
cfi=(91)
cfn=(572)
calls=1 0 
0 53 16 10 10 2 1 10

fn=(620)
0 13 1 5 1 0 1 1 0 1
cob=(4)
cfi=(91)
cfn=(558)
calls=1 0 
0 19 6 1
0 7 2 2 1 0 0 1
cob=(4)
cfi=(91)
cfn=(622)
calls=1 0 
0 21377 5826 3053 35 23 20 35 6 20

fn=(854)
0 32 4 12 1 0 0 1
cob=(4)
cfi=(91)
cfn=(586)
calls=4 0 
0 32 12
0 28 16 8 1 0 0 1
cob=(4)
cfi=(91)
cfn=(586)
calls=4 0 
0 32 12
0 28 16 8
cob=(4)
cfi=(91)
cfn=(586)
calls=4 0 
0 32 12
0 36 24 4 1 0 0 1

fn=(968)
0 5 0 0 1 0 0 1
cob=(4)
cfi=(91)
cfn=(858)
calls=1 0 
0 83 17 18

fn=(1584)
0 9 3 3 1 0 1 1

fn=(1818) 0x0000000000102300
0 115 5 75 6 0 2 2
cob=(4)
cfi=(91)
cfn=(626)
calls=5 0 
0 120 50 20 7 15
0 60 0 25 2 0 0 1
cob=(4)
cfi=(91)
cfn=(1824)
calls=5 0 
0 8866 2041 1318 356 71 56 147 12
0 15 0 5
cob=(4)
cfi=(91)
cfn=(626)
calls=5 0 
0 120 50 20 0 3
0 35 25

fn=(534)
0 154 0 110 1 0 1 1 0 1
cfn=(536) 0x00000000000c8db0
calls=22 0 
0 39115 10874 4741 285 122 102 285 21 95
0 220 132 22 2 0 0 2

fn=(588)
0 1056 352 96 7 17 0 1 7

fn=(1948)
0 671750 0 0 2 0 0 1
cob=(4)
cfi=(91)
cfn=(1684)
calls=335875 0 
0 32757969 9445096 4626209 13 127216 1 1 164

fn=(2542)
0 7 2 0 1 1 0 1 1

fn=(2558)
0 2 1 0 1 0 0 1

fn=(612)
0 11 2 4 3 0 0 3
cob=(4)
cfi=(91)
cfn=(558)
calls=1 0 
0 19 6 1
0 138 4 25 12 0 0 12

fn=(668)
0 102 27 30 5 0 0 5

fn=(680)
0 10 2 3 2 0 0 2
cob=(4)
cfi=(91)
cfn=(558)
calls=1 0 
0 19 6 1
0 137 3 25 12 0 0 12

fn=(838)
0 160 56 24 3 0 0 3

fn=(872)
0 9 0 4 2 0 1 2
cob=(4)
cfi=(91)
cfn=(874)
calls=1 0 
0 7 3 1 2 0 0 2
0 7 0 2
cob=(4)
cfi=(91)
cfn=(858)
calls=1 0 
0 83 17 18 0 0 1 0 0 1
0 3 0 2 1 0 0 1
cob=(4)
cfi=(91)
cfn=(874)
calls=1 0 
0 7 3 1
0 9 2 1
cob=(4)
cfi=(91)
cfn=(858)
calls=1 0 
0 83 17 18

fn=(966)
0 5
cob=(4)
cfi=(91)
cfn=(858)
calls=1 0 
0 83 17 18 0 0 1 0 0 1

fn=(1602)
0 50 4 0 2 0 0 2
cob=(4)
cfi=(91)
cfn=(1604)
calls=2 0 
0 564 110 67 18 2 1 18
0 6 0 2
cob=(4)
cfi=(91)
cfn=(1604)
calls=2 0 
0 392 82 50 0 1 3

fn=(1612)
0 6 2 2 1 0 0 1

fn=(1618)
0 6 2 2

fn=(1672)
0 16 6 0 1 0 0 1
cob=(4)
cfi=(91)
cfn=(1674)
calls=2 0 
0 483 115 71 12 6 1 12

fn=(1694)
0 24 0 9 1 0 0 1
cob=(4)
cfi=(91)
cfn=(1652)
calls=3 0 
0 48 9
0 33 9
cob=(4)
cfi=(91)
cfn=(1674)
calls=3 0 
0 533 127 78 0 1 2

fn=(1764)
0 717 29 36 10 6 4 10 3
cob=(4)
cfi=(91)
cfn=(1766)
calls=1 0 
0 49 18 0 5 1 0 4
0 9 4 1

fn=(1772)
0 136 0 72 8 0 0 2
cfn=(1774) 0x00000000001334e0
calls=8 0 
0 232 96 40 13 25 0 2
0 232 8 48 4 0 0 2
cfn=(1780) 0x00000000001322f0
calls=8 0 
0 402 31 23 6 5 0 3
0 224 56 24 7 0 0 2
cfn=(1738)
calls=8 0 
0 1363 344 191 4 0 6 1
0 104 56

fn=(1780)
0 402 31 23 6 5 0 3

fn=(1862)
0 10 0 2 2 0 0 1
cob=(4)
cfi=(91)
cfn=(1864)
calls=2 0 
0 26 8 0 6 5 0 3
0 8 6

fn=(2554)
0 2 1 0 1 0 0 1

fn=(2566)
0 4 2

fn=(2576) __gnu_cxx::stdio_sync_filebuf<char, std::char_traits<char> >::sync()
0 15 5 0 1 2 0 1
cob=(4)
cfi=(91)
cfn=(2578)
calls=5 0 
0 370 130 60 9 10 0 9 1

fn=(2608) 0x00000000000b1d80
0 5 1 0 1

fn=(526)
0 5 0 2 1 0 0 1
cob=(4)
cfi=(91)
cfn=(528)
calls=1 0 
0 41376 11469 5442 344 137 146 344 23 111
0 5 2 0 0 1
cob=(4)
cfi=(91)
cfn=(858)
calls=1 0 
0 79 17 19 9 4 1 9 1

fn=(604)
0 113 38 31 5 0 0 5

fn=(616)
0 13 1 5 2 1 1 2 0 1
cob=(4)
cfi=(91)
cfn=(558)
calls=1 0 
0 19 6 1
0 2 0 2
cob=(4)
cfi=(91)
cfn=(550)
calls=1 0 
0 5 2
0 5 3 1

fn=(748)
0 350 74 74 4 0 0 4

fn=(820)
0 3 1 1 1 0 0 1

fn=(850)
0 28 0 12 1 0 0 1
cob=(4)
cfi=(91)
cfn=(832)
calls=4 0 
0 324 116 68
0 12 0 4
cob=(4)
cfi=(91)
cfn=(852)
calls=4 0 
0 228 100 32 4 1 0 4
0 52 12 24 1 0 0 1

fn=(866)
0 12 1 0 3 0 0 3

fn=(970)
0 7 0 2
cob=(4)
cfi=(91)
cfn=(858)
calls=1 0 
0 83 17 18 0 0 1 0 0 1
0 5 1 0 1 0 0 1
cob=(4)
cfi=(91)
cfn=(858)
calls=1 0 
0 83 17 18

fn=(1522)
0 3037296 0 759324 2 0 1855 2
cob=(4)
cfi=(91)
cfn=(912)
calls=379662 0 
0 30907166 7332518 3761343 157 163905 37659 67 873 31047
0 1518648 759324

fn=(1640)
0 20 8 8

fn=(1816)
0 150 10 20 9 0 0 3

fn=(592)
0 13 1 5 1 1 1 1 0 1
cob=(4)
cfi=(91)
cfn=(558)
calls=1 0 
0 19 6 1
0 5 3 1 1 0 1 1 0 1

fn=(2430)
0 3 2 0 1 0 0 1

fn=(2550)
0 2 1

fn=(2562)
0 4 0 1 1 0 1
cob=(4)
cfi=(91)
cfn=(2564)
calls=1 0 
0 4 2 0 1 1

fn=(2574)
0 39 9 9 1 6 0 1
cob=(4)
cfi=(91)
cfn=(1734)
calls=3 0 
0 219 82 37 0 2
0 21 18 3 1 3 0 1
cfn=(2576)
calls=3 0 
0 231 81 36 10 12 0 10 1
0 25 12 1
cob=(4)
cfi=(91)
cfn=(2584)
calls=1 0 
0 33 13 2 7 7 0 7
0 7 3 1
cfn=(2576)
calls=1 0 
0 77 27 12
0 17 9 0 1 0 0 1

fn=(2575)
0 13 3 3
cob=(4)
cfi=(91)
cfn=(1735)
calls=1 0 
0 25 9 5
0 7 6 1
cfn=(2576)
calls=1 0 
0 77 27 12
0 13 7

fn=(608)
0 15 1 7 1 1 1 1 0 1
cob=(4)
cfi=(91)
cfn=(550)
calls=1 0 
0 5 2
0 4 0 2 1 0 0 1
cob=(4)
cfi=(91)
cfn=(610)
calls=1 0 
0 170 13 30 16 1 0 16
0 4 3

fn=(684)
0 13 1 5 1 0 0 1
cob=(4)
cfi=(91)
cfn=(558)
calls=1 0 
0 19 6 1
0 2 0 2 1 0 0 1
cob=(4)
cfi=(91)
cfn=(550)
calls=1 0 
0 5 2
0 5 3 1

fn=(796)
0 13 1 5 2 0 0 2
cob=(4)
cfi=(91)
cfn=(558)
calls=1 0 
0 19 6 1
0 2 0 2
cob=(4)
cfi=(91)
cfn=(550)
calls=1 0 
0 5 2
0 5 3 1

fn=(846)
0 32 4 12 1 0 0 1
cob=(4)
cfi=(91)
cfn=(586)
calls=4 0 
0 32 12
0 28 16 8
cob=(4)
cfi=(91)
cfn=(586)
calls=4 0 
0 32 12
0 28 16 8 1 0 0 1
cob=(4)
cfi=(91)
cfn=(586)
calls=4 0 
0 32 12
0 36 24 4

fn=(938)
0 78 7 36 4 1 4 4

fn=(1664)
0 34 4 6 1 0 1 1
cob=(4)
cfi=(91)
cfn=(1666)
calls=2 0 
0 212 72 52 1 1 0 1
0 6 4

fn=(1676)
0 96 15 13 1 0 0 1
cob=(4)
cfi=(91)
cfn=(1634)
calls=3 0 
0 57 12 6
0 48 18 12 1 0 0 1
cob=(4)
cfi=(91)
cfn=(1678)
calls=2 0 
0 801 190 118 9 6 3 9
0 4 2

fn=(1680)
0 56 6 20 2 0 0 2
cob=(4)
cfi=(91)
cfn=(1682)
calls=2 0 
0 428 86 52 1 2 3 1
0 18 2 2
cob=(4)
cfi=(91)
cfn=(1634)
calls=2 0 
0 27 8 4
0 20 4 2 1 0 0 1
cob=(4)
cfi=(91)
cfn=(1634)
calls=2 0 
0 30 8 4
0 14 4 2 1 0 0 1
cob=(4)
cfi=(91)
cfn=(1684)
calls=2 0 
0 182 54 28 3 3 0 3
0 22 16 4

fn=(1806)
0 70 0 35 6 0 0 2
cob=(4)
cfi=(91)
cfn=(1734)
calls=5 0 
0 125 45 25 0 4
0 100 45 5 3 3 0 1
cfn=(1808) std::num_put<char, std::ostreambuf_iterator<char, std::char_traits<char> > >::do_put(std::ostreambuf_iterator<char, std::char_traits<char> >, std::ios_base&, char, double) const
calls=5 0 
0 11592 2711 1803 455 140 59 171 12
0 85 55 0 6 0 0 2

fn=(2568)
0 4 0 1 1 0 0 1
cob=(4)
cfi=(91)
cfn=(2564)
calls=1 0 
0 4 2

fn=(600)
0 113 38 31 4 2 0 4 1

fn=(706)
0 113 38 31 5 0 0 5

fn=(886)
0 3 0 1 1 0 0 1
cob=(4)
cfi=(91)
cfn=(888)
calls=1 0 
0 5 2 0 1 0 0 1
0 4 2 1

fn=(894)
0 19 0 12 2 0 1 2
cob=(4)
cfi=(91)
cfn=(896)
calls=1 0 
0 625 177 13 9 43 0 9 2
0 24 7 8 3 0 0 3
cob=(4)
cfi=(91)
cfn=(912)
calls=1 0 
0 1815 195 320 67 24 48 65 10 45
0 8 0 4

fn=(1768) std::num_put<char, std::ostreambuf_iterator<char, std::char_traits<char> > >::do_put(std::ostreambuf_iterator<char, std::char_traits<char> >, std::ios_base&, char, long) const
0 24 0 0 2 0 0 1
cob=(4)
cfi=(91)
cfn=(1770)
calls=8 0 
0 2709 599 398 44 35 6 13

fn=(1802)
0 15 0 0 3 0 0 1
cob=(4)
cfi=(91)
cfn=(1804)
calls=5 0 
0 11982 2861 1868 473 150 59 177 12

fn=(1808)
0 20 0 0 3 0 0 1
cob=(4)
cfi=(91)
cfn=(1810)
calls=5 0 
0 11572 2711 1803 452 140 59 170 12

fn=(1812)
0 90 0 55 6 0 0 2
cfn=(1774)
calls=5 0 
0 145 60 25 2 5
0 55 5 10 3 0 0 1
cob=(4)
cfi=(91)
cfn=(1814)
calls=5 0 
0 160 15 20 12 3 0 4
0 65 5 15 3 0 0 1
cob=(4)
cfi=(91)
cfn=(558)
calls=5 0 
0 95 30 5 11 12
0 55 10 15 3 0 0 1
cfn=(1818)
calls=5 0 
0 9331 2171 1463 371 89 58 150 12
0 25 5 10 3 3 0 1
cob=(4)
cfi=(91)
cfn=(586)
calls=5 0 
0 40 15 0 0 3
0 175 35 20 8 5 0 3
cob=(4)
cfi=(91)
cfn=(1658)
calls=5 0 
0 105 15 0 8 2
0 135 55 15 9 3 0 3
cfn=(1738)
calls=5 0 
0 859 215 120 0 10 1
0 105 40 15 6 0 0 2
cob=(4)
cfi=(91)
cfn=(1634)
calls=5 0 
0 97 20 10 2 2
0 25 10 5 3 0 0 1

fn=(2264)
0 51202 0 0 1
cob=(4)
cfi=(91)
cfn=(1684)
calls=25601 0 
0 3113099 837626 338587 9 293 1 1 160

fn=(2560)
0 2 1 0 1 0 0 1

fn=(2586)
0 6 0 2 1 0 0 1
cob=(4)
cfi=(91)
cfn=(2588)
calls=2 0 
0 46 20 2 4 5 0 4
0 10 4 0 1 1 0 1

fn=(624)
0 10 1 5 1 0 0 1
cob=(4)
cfi=(91)
cfn=(626)
calls=1 0 
0 24 10 4 3 0 0 3
0 770 0 256 1 0 2 1 0 2
cob=(4)
cfi=(91)
cfn=(630)
calls=128 0 
0 3456 1152 640 3 1 0 3
0 260 0 2
cob=(4)
cfi=(91)
cfn=(634)
calls=1 0 
0 30 9 5 3 1 0 3
0 510 0 255
cob=(4)
cfi=(91)
cfn=(634)
calls=255 0 
0 11618 3959 1403 4 5 0 4
0 1086 0 272 1 0 16 1 0 16
cob=(4)
cfi=(91)
cfn=(642)
calls=8 0 
0 1745 351 106 17 13 0 17 5
0 72 0 16 0 0 2 0 0 2
cob=(4)
cfi=(91)
cfn=(642)
calls=4 0 
0 1745 329 81 0 1 0 0 1
0 23 4 4
cob=(4)
cfi=(91)
cfn=(626)
calls=1 0 
0 24 10 4 0 1
0 2 0 0 1 0 0 1

fn=(660)
0 13 1 5 2 0 1 2 0 1
cob=(4)
cfi=(91)
cfn=(558)
calls=1 0 
0 19 6 1
0 5 3 1

fn=(672)
0 102 27 30 5 0 0 5

fn=(686) 0x00000000000e3750
0 23 4 11 2 1 2 2 0 2
cob=(4)
cfi=(91)
cfn=(688)
calls=1 0 
0 416 138 75 6 1 0 6
0 8 4 3 1 1 0 1
cob=(4)
cfi=(91)
cfn=(586)
calls=1 0 
0 17 6 2
0 7 2 4 1 0 0 1
cob=(4)
cfi=(91)
cfn=(558)
calls=1 0 
0 19 6 1
0 7 3 3
cob=(4)
cfi=(91)
cfn=(586)
calls=1 0 
0 17 6 2
0 12 1 5 1 0 1 1 0 1
cob=(4)
cfi=(91)
cfn=(704)
calls=1 0 
0 115 39 31 6 1 0 6
0 7 3 3 1 0 0 1
cob=(4)
cfi=(91)
cfn=(586)
calls=1 0 
0 17 6 2
0 13 3 5 1 1 0 1
cob=(4)
cfi=(91)
cfn=(714)
calls=1 0 
0 115 39 31 5 1 0 5
0 7 3 3
cob=(4)
cfi=(91)
cfn=(586)
calls=1 0 
0 17 6 2
0 12 5 5 2 1 0 2
cob=(4)
cfi=(91)
cfn=(586)
calls=1 0 
0 17 6 2
0 12 4 5 1 1 0 1
cob=(4)
cfi=(91)
cfn=(586)
calls=1 0 
0 17 6 2
0 12 4 5 1 0 0 1
cob=(4)
cfi=(91)
cfn=(586)
calls=1 0 
0 17 6 2
0 6 0 2
cob=(4)
cfi=(91)
cfn=(736)
calls=1 0 
0 46 13 9 3 1 1 3 0 1
0 7 3 3 1 0 0 1
cob=(4)
cfi=(91)
cfn=(586)
calls=1 0 
0 17 6 2
0 16 5 7 1 0 1 1 0 1
cob=(4)
cfi=(91)
cfn=(746)
calls=1 0 
0 352 75 74 5 0 0 5
0 7 3 3 1 0 0 1
cob=(4)
cfi=(91)
cfn=(586)
calls=1 0 
0 17 6 2
0 7 2 4 1 1 0 1
cob=(4)
cfi=(91)
cfn=(558)
calls=1 0 
0 19 6 1
0 7 3 3
cob=(4)
cfi=(91)
cfn=(586)
calls=1 0 
0 17 6 2
0 13 2 5 1 0 1 1 0 1
cob=(4)
cfi=(91)
cfn=(762)
calls=1 0 
0 104 28 30 5 1 0 5
0 7 3 3 1 1 0 1
cob=(4)
cfi=(91)
cfn=(586)
calls=1 0 
0 17 6 2
0 13 3 5 1 1 0 1
cob=(4)
cfi=(91)
cfn=(772)
calls=1 0 
0 104 28 30 7 1 0 7
0 7 3 3 1 1 0 1
cob=(4)
cfi=(91)
cfn=(586)
calls=1 0 
0 17 6 2
0 12 5 5 1 1 0 1
cob=(4)
cfi=(91)
cfn=(586)
calls=1 0 
0 17 6 2
0 12 4 5 1 0 1 1 0 1
cob=(4)
cfi=(91)
cfn=(586)
calls=1 0 
0 17 6 2
0 12 4 5 1 0 0 1
cob=(4)
cfi=(91)
cfn=(586)
calls=1 0 
0 17 6 2
0 6 0 2 1 0 0 1
cob=(4)
cfi=(91)
cfn=(794)
calls=1 0 
0 46 13 9 3 1 0 3
0 6 3 2
cob=(4)
cfi=(91)
cfn=(586)
calls=1 0 
0 17 6 2
0 4 2 2
cob=(4)
cfi=(91)
cfn=(586)
calls=1 0 
0 8 3
0 4 2 2 1 0 0 1
cob=(4)
cfi=(91)
cfn=(586)
calls=1 0 
0 8 3
0 4 2 2
cob=(4)
cfi=(91)
cfn=(586)
calls=1 0 
0 8 3
0 5 3 2
cob=(4)
cfi=(91)
cfn=(586)
calls=1 0 
0 8 3
0 4 2 2 1 0 0 1
cob=(4)
cfi=(91)
cfn=(586)
calls=1 0 
0 8 3
0 5 3 2
cob=(4)
cfi=(91)
cfn=(586)
calls=1 0 
0 8 3
0 10 8 1 1 0 0 1

fn=(716)
0 113 38 31 4 0 0 4

fn=(774)
0 102 27 30 6 0 0 6

fn=(884)
0 3 1 1

fn=(1068)
0 5
cob=(4)
cfi=(91)
cfn=(858)
calls=1 0 
0 83 17 18

fn=(1656)
0 134 21 25 2 0 0 2
cob=(4)
cfi=(91)
cfn=(1658)
calls=17 0 
0 357 51 0 3 1 0 1
0 48 10 0 1 0 0 1

fn=(1686)
0 722960 0 0 4 0 0 1
cob=(4)
cfi=(91)
cfn=(1688)
calls=361480 0 
0 34425572 9921360 4964850 18 112003 2 3 324

fn=(1738)
0 264 44 0 1 8 0 1
cob=(4)
cfi=(91)
cfn=(1740)
calls=44 0 
0 12423 3059 1652 171 76 20 42 1

fn=(1756)
0 77 21 0 4 0 0 2
cob=(4)
cfi=(91)
cfn=(1758)
calls=7 0 
0 3693 787 477 74 65 10 36 3

fn=(1760)
0 112 0 56 2 0 0 1
cob=(4)
cfi=(91)
cfn=(1734)
calls=8 0 
0 200 72 40
0 150 68 7 3 13 0 1
cfn=(1768)
calls=7 0 
0 2410 528 349 30 28 6
0 9 3 1 1 2 0 1
cfn=(1768)
calls=1 0 
0 323 71 49 16 7 0 14
0 149 92 3 3 1 0 2
cob=(4)
cfi=(91)
cfn=(1762)
calls=1 0 
0 777 52 37 16 8 4 15 3
0 6 3 0 1 1 0 1

fn=(552)
0 21 7 0 1 0 0 1

fn=(556)
0 15 1 6 2 1 2 2 0 1
cob=(4)
cfi=(91)
cfn=(558)
calls=1 0 
0 145 35 32 24 7 3 24 2
0 101 7 73 2 1 8 2 0 8

fn=(560)
0 95 0 19 3
cob=(4)
cfi=(91)
cfn=(562)
calls=19 0 
0 278 86 31 28 12 3 23 2
0 76 38 0 0 3

fn=(574)
0 5 0 2 2 0 0 2
cob=(4)
cfi=(91)
cfn=(576)
calls=1 0 
0 41 13 7 7 1 1 7
0 5 2 1

fn=(2556)
0 2 1

fn=(2598)
0 39 9 9 2 7 0 2
cob=(4)
cfi=(91)
cfn=(2600)
calls=3 0 
0 219 82 37 3 1 0 3
0 21 18 3 0 3
cfn=(2604) __gnu_cxx::stdio_sync_filebuf<wchar_t, std::char_traits<wchar_t> >::sync()
calls=3 0 
0 231 81 36 0 2
0 25 12 1 1 0 0 1
cob=(4)
cfi=(91)
cfn=(2584)
calls=1 0 
0 33 13 2
0 7 3 1
cfn=(2604)
calls=1 0 
0 77 27 12
0 17 9

fn=(2599)
0 13 3 3
cob=(4)
cfi=(91)
cfn=(2601)
calls=1 0 
0 25 9 5
0 7 6 1
cfn=(2604)
calls=1 0 
0 77 27 12
0 13 7

fn=(2602)
0 49 12 13 1 1 0 1
cob=(4)
cfi=(91)
cfn=(2597)
calls=1 0 
0 137 53 21
0 27 14 3 1 0 0 1

fn=(2603)
0 23 8 5

fn=(644)
0 88 1 0 1 0 0 1
cob=(4)
cfi=(91)
cfn=(646)
calls=1 0 
0 505 97 25 0 1 0 0 1
0 24 1 0 2 0 0 2
cob=(4)
cfi=(91)
cfn=(646)
calls=1 0 
0 395 77 21 0 2 0 0 2
0 3 1
cob=(4)
cfi=(91)
cfn=(646)
calls=1 0 
0 560 107 27
0 9 1 0 1 0 0 1
cob=(4)
cfi=(91)
cfn=(646)
calls=1 0 
0 205 43 14
0 3 1
cob=(4)
cfi=(91)
cfn=(646)
calls=1 0 
0 150 33 12 1 0 0 1
0 3 1 0 1 0 0 1
cob=(4)
cfi=(91)
cfn=(646)
calls=1 0 
0 95 23 10 9 8 0 9 2
0 3 1
cob=(4)
cfi=(91)
cfn=(646)
calls=1 0 
0 260 53 16
0 7 3
cob=(4)
cfi=(91)
cfn=(646)
calls=1 0 
0 340 67 19 0 2 0 0 1
0 3 1 0 1 0 0 1
cob=(4)
cfi=(91)
cfn=(646)
calls=1 0 
0 195 39 14
0 3 1
cob=(4)
cfi=(91)
cfn=(646)
calls=1 0 
0 615 117 29

fn=(664)
0 350 74 74 4 1 3 4 1 3

fn=(738)
0 13 1 5 2 0 1 2 0 1
cob=(4)
cfi=(91)
cfn=(558)
calls=1 0 
0 19 6 1
0 2 0 2
cob=(4)
cfi=(91)
cfn=(550)
calls=1 0 
0 5 2
0 5 3 1

fn=(1010)
0 50 25 12 3 2 0 3 1

fn=(1062)
0 7 0 2
cob=(4)
cfi=(91)
cfn=(858)
calls=1 0 
0 83 17 18 0 0 1 0 0 1
0 4 0 1 1 0 0 1
cob=(4)
cfi=(91)
cfn=(858)
calls=1 0 
0 83 17 18
0 5 1
cob=(4)
cfi=(91)
cfn=(858)
calls=1 0 
0 83 17 18 0 0 1 0 0 1

fn=(1578)
0 9 3 0 1 0 0 1

fn=(1722)
0 29 5 0 2 3 0 1
cob=(4)
cfi=(91)
cfn=(1684)
calls=2 0 
0 242 64 26 0 3
0 3 3 0 2 0 0 1

fn=(1736)
0 709 188 189 3 25 0 2
cob=(4)
cfi=(91)
cfn=(2573)
calls=1 0 
0 137 53 21
0 379 190 47 2 0 0 1

fn=(1737)
0 23 8 5

fn=(584)
0 448 0 224 2 0 0 2
cob=(4)
cfi=(91)
cfn=(586)
calls=32 0 
0 544 192 64 2 9 0 2 7
0 11680 3520 64 5 0 0 5

fn=(2008)
0 51202 0 0 5 0 0 1
cob=(4)
cfi=(91)
cfn=(1604)
calls=25601 0 
0 3020974 717108 385973 29 1105 850 1 747 816

fn=(2552)
0 2 1

fn=(2570)
0 12 4 2 2 3 0 2
cob=(4)
cfi=(91)
cfn=(2572)
calls=1 0 
0 137 53 21 14 14 0 14
0 2 1 1 0 1
cob=(4)
cfi=(91)
cfn=(2572)
calls=1 0 
0 401 151 59 7 15 0 7 1
0 2 1 1 0 1
cob=(4)
cfi=(91)
cfn=(2572)
calls=1 0 
0 137 53 21 0 2
0 2 1 1 0 1
cob=(4)
cfi=(91)
cfn=(2596)
calls=1 0 
0 137 53 21 7 7 0 7
0 2 1 1 1 1 0 1
cob=(4)
cfi=(91)
cfn=(2596)
calls=1 0 
0 401 151 59 0 5
0 2 1 1 0 1
cob=(4)
cfi=(91)
cfn=(2596)
calls=1 0 
0 137 53 21 0 2
0 2 1

fn=(2590)
0 8 0 2 1 0 0 1
cob=(4)
cfi=(91)
cfn=(2592)
calls=2 0 
0 28 16 0 2 4 0 2
0 6 2

fn=(530)
0 39 7 17 5 4 3 5 1
cob=(4)
cfi=(91)
cfn=(532)
calls=1 0 
0 38966 10797 4747 289 123 102 289 21 95
0 16 3 11 2 0 1 2
cob=(4)
cfi=(91)
cfn=(532)
calls=1 0 
0 27 11 6
0 14 2 11 2 0 2 2
cob=(4)
cfi=(91)
cfn=(532)
calls=1 0 
0 27 11 6
0 7 1 4
cob=(4)
cfi=(91)
cfn=(824)
calls=1 0 
0 87 13 30 3 1 3 3
0 11 1 6 1 0 1 1
cob=(4)
cfi=(91)
cfn=(828)
calls=1 0 
0 163 58 34 15 4 0 15 1
0 4 1 1 1 0 0 1
cob=(4)
cfi=(91)
cfn=(824)
calls=1 0 
0 87 13 30 0 0 4 0 0 3
0 15 1 8 1 0 0 1
cob=(4)
cfi=(91)
cfn=(828)
calls=1 0 
0 163 58 34
0 5 1 1 1 0 0 1
cob=(4)
cfi=(91)
cfn=(824)
calls=1 0 
0 87 13 30 0 0 1
0 11 1 6 0 0 1
cob=(4)
cfi=(91)
cfn=(828)
calls=1 0 
0 163 58 34
0 4 1 2 1 0 0 1
cob=(4)
cfi=(91)
cfn=(824)
calls=1 0 
0 87 13 30 0 0 4 0 0 4
0 11 2 6 1 0 1 1
cob=(4)
cfi=(91)
cfn=(828)
calls=1 0 
0 163 58 34
0 23 4 12 2 2 1 2
cob=(4)
cfi=(91)
cfn=(532)
calls=1 0 
0 27 11 6
0 16 3 11 2 0 3 2
cob=(4)
cfi=(91)
cfn=(532)
calls=1 0 
0 27 11 6
0 14 2 11 2 0 1 2
cob=(4)
cfi=(91)
cfn=(532)
calls=1 0 
0 27 11 6
0 7 1 4 1 0 0 1
cob=(4)
cfi=(91)
cfn=(824)
calls=1 0 
0 87 13 30 0 0 4 0 0 4
0 11 1 7 1 0 1 1 0 1
cob=(4)
cfi=(91)
cfn=(848)
calls=1 0 
0 163 58 35 7 2 0 7
0 4 1 1
cob=(4)
cfi=(91)
cfn=(824)
calls=1 0 
0 87 13 30 0 0 4 0 0 4
0 15 1 9 2 0 0 2
cob=(4)
cfi=(91)
cfn=(848)
calls=1 0 
0 163 58 35
0 5 1 1
cob=(4)
cfi=(91)
cfn=(824)
calls=1 0 
0 87 13 30 0 0 4
0 11 1 7 1 0 1 1
cob=(4)
cfi=(91)
cfn=(848)
calls=1 0 
0 163 58 35
0 4 1 2 1 0 0 1
cob=(4)
cfi=(91)
cfn=(824)
calls=1 0 
0 87 13 30 0 0 4
0 11 2 7 1 0 0 1
cob=(4)
cfi=(91)
cfn=(848)
calls=1 0 
0 163 58 35
0 15 9 4 1 0 0 1

fn=(676)
0 15 1 7 2 1 0 2
cob=(4)
cfi=(91)
cfn=(550)
calls=1 0 
0 5 2
0 4 0 2
cob=(4)
cfi=(91)
cfn=(678)
calls=1 0 
0 168 12 29 15 1 0 15
0 4 3

fn=(690)
0 414 137 75 5 0 0 5

fn=(764)
0 102 27 30 4 0 0 4

fn=(826)
0 464 8 192 2 0 27 2 0 14
cob=(4)
cfi=(91)
cfn=(532)
calls=8 0 
0 216 88 48 0 0 1 0 0 1

fn=(834)
0 88 8 40 1 1 0 1 1
cob=(4)
cfi=(91)
cfn=(532)
calls=8 0 
0 216 88 48
0 24 0 8 1 0 0 1
cob=(4)
cfi=(91)
cfn=(836)
calls=8 0 
0 176 64 24 4 0 0 4
0 16 0 8
cob=(4)
cfi=(91)
cfn=(840)
calls=8 0 
0 80 40 8 2 1 0 2
0 32 24

fn=(876)
0 10 4 2 2 0 0 2

fn=(890)
0 3 1 0 1 0 0 1

fn=(992)
0 34 17 8 2 2 0 2 1

fn=(1036)
0 50 25 12 3 2 0 3 1

fn=(1626)
0 12 8

fn=(1774)
0 104 13 65 2 6 0 1
cob=(4)
cfi=(91)
cfn=(586)
calls=13 0 
0 104 39 0 11 12
0 169 104 0 2 12 0 1

fn=(536)
0 11 1 3 1 0 1 1
cob=(4)
cfi=(91)
cfn=(546)
calls=1 0 
0 38914 10782 4735 281 121 101 281 20 95
0 9 2 2
cob=(4)
cfi=(91)
cfn=(818)
calls=1 0 
0 5 2 1 1 0 0 1
0 176 87 0 2 1 0 2 1

fn=(548)
0 139 0 120 3 0 17 3 0 16
cob=(4)
cfi=(91)
cfn=(550)
calls=1 0 
0 5 2 0 1 0 0 1
0 7 1 2 0 1 0 0 1
cob=(4)
cfi=(91)
cfn=(554)
calls=1 0 
0 263 44 111 29 10 13 29 2 9
0 4 1 1 0 1
cob=(4)
cfi=(91)
cfn=(582)
calls=1 0 
0 398 117 11 10 2 0 10
0 4 0 1 1 0 0 1
cob=(4)
cfi=(91)
cfn=(590)
calls=1 0 
0 39 11 7 3 2 2 3 0 2
0 4 1 1 0 1
cob=(4)
cfi=(91)
cfn=(582)
calls=1 0 
0 398 117 11 0 1
0 24 1 15 3 1 4 3 0 4
cob=(4)
cfi=(91)
cfn=(594)
calls=1 0 
0 416 138 75 6 6 0 6 2
0 4 1 1 0 1
cob=(4)
cfi=(91)
cfn=(582)
calls=1 0 
0 398 117 11 0 1 0 0 1
0 8 2 3 1 2 0 1
cob=(4)
cfi=(91)
cfn=(582)
calls=1 0 
0 398 117 11 0 1 0 0 1
0 8 2 3 0 2
cob=(4)
cfi=(91)
cfn=(582)
calls=1 0 
0 398 117 11
0 5 1 3 1 1 0 1
cob=(4)
cfi=(91)
cfn=(558)
calls=1 0 
0 19 6 1
0 5 1 2 0 1
cob=(4)
cfi=(91)
cfn=(582)
calls=1 0 
0 398 117 11
0 29 1 19 4 1 4 4 0 4
cob=(4)
cfi=(91)
cfn=(598)
calls=1 0 
0 115 39 31 5 3 0 5 1
0 4 1 1 0 1
cob=(4)
cfi=(91)
cfn=(582)
calls=1 0 
0 398 117 11
0 29 1 19 4 1 1 4 0 1
cob=(4)
cfi=(91)
cfn=(602)
calls=1 0 
0 115 39 31 6 1 0 6
0 4 1 1
cob=(4)
cfi=(91)
cfn=(582)
calls=1 0 
0 398 117 11
0 8 2 3 1 2 0 1
cob=(4)
cfi=(91)
cfn=(582)
calls=1 0 
0 398 117 11
0 8 2 3 0 1
cob=(4)
cfi=(91)
cfn=(582)
calls=1 0 
0 398 117 11
0 35 0 28 4 0 6 4 0 6
cob=(4)
cfi=(91)
cfn=(606)
calls=1 0 
0 200 20 39 19 3 1 19 0 1
0 4 1 1 0 1
cob=(4)
cfi=(91)
cfn=(582)
calls=1 0 
0 398 117 11
0 8 2 3 1 2 0 1
cob=(4)
cfi=(91)
cfn=(582)
calls=1 0 
0 398 117 11
0 8 2 3 1 2 0 1
cob=(4)
cfi=(91)
cfn=(582)
calls=1 0 
0 398 117 11 0 1 0 0 1
0 4 0 1
cob=(4)
cfi=(91)
cfn=(614)
calls=1 0 
0 46 13 9 3 2 1 3 0 1
0 4 1 1 1 0 0 1
cob=(4)
cfi=(91)
cfn=(582)
calls=1 0 
0 398 117 11
0 4 0 1
cob=(4)
cfi=(91)
cfn=(618)
calls=1 0 
0 21418 5836 3061 38 24 21 38 6 21
0 4 1 1 0 1
cob=(4)
cfi=(91)
cfn=(582)
calls=1 0 
0 398 117 11
0 4 0 1
cob=(4)
cfi=(91)
cfn=(658)
calls=1 0 
0 39 11 7 3 0 1 3 0 1
0 4 1 1 1 0 0 1
cob=(4)
cfi=(91)
cfn=(582)
calls=1 0 
0 398 117 11
0 23 1 15 3 1 4 3 0 4
cob=(4)
cfi=(91)
cfn=(662)
calls=1 0 
0 352 75 74 5 2 3 5 1 3
0 4 1 1 0 1
cob=(4)
cfi=(91)
cfn=(582)
calls=1 0 
0 398 117 11 0 1 0 0 1
0 8 2 3 1 0 0 1
cob=(4)
cfi=(91)
cfn=(582)
calls=1 0 
0 398 117 11 0 1 0 0 1
0 8 2 3 0 1
cob=(4)
cfi=(91)
cfn=(582)
calls=1 0 
0 398 117 11
0 5 1 3 1 0 0 1
cob=(4)
cfi=(91)
cfn=(558)
calls=1 0 
0 19 6 1
0 16 3 5 1 1 1 1
cob=(4)
cfi=(91)
cfn=(582)
calls=1 0 
0 398 117 11
0 27 1 19 4 0 4 4 0 4
cob=(4)
cfi=(91)
cfn=(666)
calls=1 0 
0 104 28 30 6 1 0 6
0 4 1 1
cob=(4)
cfi=(91)
cfn=(582)
calls=1 0 
0 398 117 11
0 28 1 19 3 0 2 3 0 2
cob=(4)
cfi=(91)
cfn=(670)
calls=1 0 
0 104 28 30 6 1 0 6
0 4 1 1 1 1 0 1
cob=(4)
cfi=(91)
cfn=(582)
calls=1 0 
0 398 117 11
0 8 2 3 0 1
cob=(4)
cfi=(91)
cfn=(582)
calls=1 0 
0 398 117 11
0 8 2 3 1 2 1 1 0 1
cob=(4)
cfi=(91)
cfn=(582)
calls=1 0 
0 398 117 11
0 35 0 28 4 0 6 4 0 6
cob=(4)
cfi=(91)
cfn=(674)
calls=1 0 
0 198 19 38 17 2 0 17
0 4 1 1
cob=(4)
cfi=(91)
cfn=(582)
calls=1 0 
0 398 117 11
0 8 2 3 1 1 1 1 0 1
cob=(4)
cfi=(91)
cfn=(582)
calls=1 0 
0 398 117 11
0 8 2 3 1 2 0 1
cob=(4)
cfi=(91)
cfn=(582)
calls=1 0 
0 398 117 11 0 1 0 0 1
0 4 0 1
cob=(4)
cfi=(91)
cfn=(682)
calls=1 0 
0 46 13 9 3 1 0 3
0 4 1 1 0 1
cob=(4)
cfi=(91)
cfn=(582)
calls=1 0 
0 398 117 11
0 8 2 3 1 0 1 1 0 1
cob=(4)
cfi=(91)
cfn=(582)
calls=1 0 
0 398 117 11 0 1 0 0 1
0 8 2 3 1 0 0 1
cob=(4)
cfi=(91)
cfn=(582)
calls=1 0 
0 398 117 11
0 8 2 3 1 0 0 1
cob=(4)
cfi=(91)
cfn=(582)
calls=1 0 
0 398 117 11
0 8 2 3 1 0 0 1
cob=(4)
cfi=(91)
cfn=(582)
calls=1 0 
0 398 117 11
0 9 3 4
cfn=(686)
calls=1 0 
0 1950 600 445 66 17 7 66 0 7
0 3 2 1
cob=(4)
cfi=(91)
cfn=(586)
calls=1 0 
0 8 3
0 4 2 2 1 0 0 1
cob=(4)
cfi=(91)
cfn=(586)
calls=1 0 
0 8 3
0 4 2 2
cob=(4)
cfi=(91)
cfn=(586)
calls=1 0 
0 8 3
0 4 2 2
cob=(4)
cfi=(91)
cfn=(586)
calls=1 0 
0 8 3
0 5 2 2 1 0 0 1
cob=(4)
cfi=(91)
cfn=(586)
calls=1 0 
0 8 3
0 5 2 2
cob=(4)
cfi=(91)
cfn=(586)
calls=1 0 
0 8 3
0 4 2 2 1 0 0 1
cob=(4)
cfi=(91)
cfn=(586)
calls=1 0 
0 8 3
0 5 2 2
cob=(4)
cfi=(91)
cfn=(586)
calls=1 0 
0 8 3
0 10 7 1

fn=(2424)
0 2 0 0 1 0 0 1
cob=(4)
cfi=(91)
cfn=(1758)
calls=1 0 
0 459 110 65

fn=(2534)
0 9 2 2 2 2
cob=(4)
cfi=(91)
cfn=(2540)
calls=1 0 
0 1832 656 279 41 56 1 39 2
0 1 0 1
cfn=(2608)
calls=1 0 
0 5 1 0 1
0 3 2 1

fn=(2548)
0 2 1 0 1 0 0 1

fn=(2604)
0 15 5 0 0 2
cob=(4)
cfi=(91)
cfn=(2578)
calls=5 0 
0 370 130 60

ob=(5)
fl=(93)
fn=(484)
0 12 1 0 2 0 0 2

fn=(2482)
0 9 2 2 1 2 0 1
cob=(4)
cfi=(91)
cfn=(2488)
calls=1 0 
0 968 318 156 46 47 20 10 0 1
0 1 0 1
cfn=(2500) 0x0000000000001090
calls=1 0 
0 5 1 0 1 0 0 1
0 3 2 1

fn=(2500)
0 5 1 0 1 0 0 1

totals: 3451566503 1381906553 717178157 4800 23142659 187575 3017 17922 44868
